n,C(n2),prime_power,mu_lower,mu_upper,density,witness
2,1,1,1,1,1.0000,"AGL(1,2) [exact]"
3,3,1,3,3,1.0000,"AGL(1,3) [exact]"
4,6,1,6,6,1.0000,"AGL(1,4) [exact]"
5,10,1,10,10,1.0000,"AGL(1,5) [exact]"
6,15,0,6,7,0.4000,(3:2)wr2
7,21,1,21,21,1.0000,"AGL(1,7) [exact]"
8,28,1,28,28,1.0000,"AGL(1,8) [exact]"
9,36,1,36,36,1.0000,"AGL(1,9) [exact]"
10,45,0,20,22,0.4444,(5:4)wr2
11,55,1,55,55,1.0000,"AGL(1,11) [exact]"
12,66,0,18,33,0.2727,(4:3)wr3
13,78,1,78,78,1.0000,"AGL(1,13) [exact]"
14,91,0,42,45,0.4615,2x(7:3)diag+rot
15,105,0,30,52,0.2857,3x(5:4)diag+rot
16,120,1,120,120,1.0000,"AGL(1,16) [exact]"
17,136,1,136,136,1.0000,"AGL(1,17) [exact]"
18,153,0,72,76,0.4706,(9:8)wr2
19,171,1,171,171,1.0000,"AGL(1,19) [exact]"
20,190,0,36,95,0.1895,"AGL(1,9)xF11:C5"
21,210,0,63,105,0.3000,(7:3)wr3
22,231,0,110,115,0.4762,2x(11:5)diag+rot
23,253,1,253,253,1.0000,"AGL(1,23) [exact]"
24,276,0,84,138,0.3043,3x(8:7)diag+rot
25,300,1,300,300,1.0000,"AGL(1,25) [exact]"
26,325,0,78,162,0.2400,2x(13:12)diag
27,351,1,351,351,1.0000,"AGL(1,27) [exact]"
28,378,0,55,189,0.1455,"AGL(1,11)xF17:C8"
29,406,1,406,406,1.0000,"AGL(1,29) [exact]"
30,435,0,78,217,0.1793,"AGL(1,13)xF17:C16"
31,465,1,465,465,1.0000,"AGL(1,31) [exact]"
32,496,1,496,496,1.0000,"AGL(1,32) [exact]"
33,528,0,165,264,0.3125,3x(11:10)diag+rot
34,561,0,272,280,0.4848,(17:16)wr2
35,595,0,120,297,0.2017,"AGL(1,16)xF19:C9"
36,630,0,136,315,0.2159,"AGL(1,17)xF19:C9"
37,666,1,666,666,1.0000,"AGL(1,37) [exact]"
38,703,0,342,351,0.4865,2x(19:9)diag+rot
39,741,0,120,370,0.1619,"AGL(1,16)xF23:C11"
40,780,0,140,390,0.1795,5x(8:7)diag+rot
41,820,1,820,820,1.0000,"AGL(1,41) [exact]"
42,861,0,171,430,0.1986,"AGL(1,19)xF23:C11"
43,903,1,903,903,1.0000,"AGL(1,43) [exact]"
44,946,0,171,473,0.1808,"AGL(1,25)xF19:C9"
45,990,0,180,495,0.1818,5x(9:8)diag+rot
46,1035,0,506,517,0.4889,2x(23:11)diag+rot
47,1081,1,1081,1081,1.0000,"AGL(1,47) [exact]"
48,1128,0,253,564,0.2243,"AGL(1,25)xF23:C11"
49,1176,1,1176,1176,1.0000,"AGL(1,49) [exact]"
50,1225,0,300,612,0.2449,2x(25:24)diag
51,1275,0,408,637,0.3200,3x(17:16)diag+rot
52,1326,0,253,663,0.1908,"AGL(1,29)xF23:C11"
53,1378,1,1378,1378,1.0000,"AGL(1,53) [exact]"
54,1431,0,702,715,0.4906,2x(27:13)diag+rot
55,1485,0,275,742,0.1852,(11:5)wr5
56,1540,0,203,770,0.1318,"AGL(1,27)xF29:C7"
57,1596,0,513,798,0.3214,(19:9)wr3
58,1653,0,406,826,0.2456,2x(29:28)diag
59,1711,1,1711,1711,1.0000,"AGL(1,59) [exact]"
60,1770,0,253,885,0.1429,"AGL(1,23)xF37:C9"
61,1830,1,1830,1830,1.0000,"AGL(1,61) [exact]"
62,1891,0,930,945,0.4918,2x(31:15)diag+rot
63,1953,0,252,976,0.1290,7x(9:8)diag+rot
64,2016,1,2016,2016,1.0000,"AGL(1,64) [exact]"
65,2080,0,390,1040,0.1875,5x(13:12)diag+rot
66,2145,0,333,1072,0.1552,"AGL(1,29)xF37:C9"
67,2211,1,2211,2211,1.0000,"AGL(1,67) [exact]"
68,2278,0,333,1139,0.1462,"AGL(1,31)xF37:C9"
69,2346,0,759,1173,0.3235,3x(23:22)diag+rot
70,2415,0,301,1207,0.1246,"AGL(1,27)xF43:C7"
71,2485,1,2485,2485,1.0000,"AGL(1,71) [exact]"
72,2556,0,301,1278,0.1178,"AGL(1,29)xF43:C7"
73,2628,1,2628,2628,1.0000,"AGL(1,73) [exact]"
74,2701,0,666,1350,0.2466,2x(37:36)diag
75,2775,0,301,1387,0.1085,"AGL(1,32)xF43:C7"
76,2850,0,406,1425,0.1425,"AGL(1,29)xF47:C23"
77,2926,0,385,1463,0.1316,7x(11:10)diag+rot
78,3003,0,465,1501,0.1548,"AGL(1,31)xF47:C23"
79,3081,1,3081,3081,1.0000,"AGL(1,79) [exact]"
80,3160,0,351,1580,0.1111,"AGL(1,27)xF53:C13"
81,3240,1,3240,3240,1.0000,"AGL(1,81) [exact]"
82,3321,0,820,1660,0.2469,2x(41:40)diag
83,3403,1,3403,3403,1.0000,"AGL(1,83) [exact]"
84,3486,0,666,1743,0.1910,"AGL(1,37)xF47:C23"
85,3570,0,680,1785,0.1905,5x(17:16)diag+rot
86,3655,0,1806,1827,0.4941,2x(43:21)diag+rot
87,3741,0,1218,1870,0.3256,3x(29:28)diag+rot
88,3828,0,820,1914,0.2142,"AGL(1,41)xF47:C23"
89,3916,1,3916,3916,1.0000,"AGL(1,89) [exact]"
90,4005,0,903,2002,0.2255,"AGL(1,43)xF47:C23"
91,4095,0,546,2047,0.1333,7x(13:12)diag+rot
92,4186,0,305,2093,0.0729,"AGL(1,31)xF61:C5"
93,4278,0,465,2139,0.1087,3x(31:30)diag
94,4371,0,2162,2185,0.4946,2x(47:23)diag+rot
95,4465,0,855,2232,0.1915,5x(19:18)diag+rot
96,4560,0,1488,2280,0.3263,3x(32:31)diag+rot
97,4656,1,4656,4656,1.0000,"AGL(1,97) [exact]"
98,4753,0,1176,2376,0.2474,2x(49:48)diag
99,4851,0,496,2425,0.1022,"AGL(1,32)xF67:C11"
100,4950,0,1081,2475,0.2184,"AGL(1,53)xF47:C23"
101,5050,1,5050,5050,1.0000,"AGL(1,101) [exact]"
102,5151,0,903,2575,0.1753,"AGL(1,43)xF59:C29"
103,5253,1,5253,5253,1.0000,"AGL(1,103) [exact]"
104,5356,0,666,2678,0.1243,"AGL(1,37)xF67:C11"
105,5460,0,496,2730,0.0908,"AGL(1,32)xF73:C9"
106,5565,0,1378,2782,0.2476,2x(53:52)diag
107,5671,1,5671,5671,1.0000,"AGL(1,107) [exact]"
108,5778,0,1176,2889,0.2035,"AGL(1,49)xF59:C29"
109,5886,1,5886,5886,1.0000,"AGL(1,109) [exact]"
110,5995,0,737,2997,0.1229,"AGL(1,43)xF67:C11"
111,6105,0,1081,3052,0.1771,"AGL(1,64)xF47:C23"
112,6216,0,1378,3108,0.2217,"AGL(1,53)xF59:C29"
113,6328,1,6328,6328,1.0000,"AGL(1,113) [exact]"
114,6441,0,1081,3220,0.1678,"AGL(1,67)xF47:C23"
115,6555,0,1265,3277,0.1930,5x(23:22)diag+rot
116,6670,0,737,3335,0.1105,"AGL(1,49)xF67:C11"
117,6786,0,689,3393,0.1015,"AGL(1,64)xF53:C13"
118,6903,0,3422,3451,0.4957,2x(59:29)diag+rot
119,7021,0,952,3510,0.1356,7x(17:16)diag+rot
120,7140,0,1711,3570,0.2396,"AGL(1,61)xF59:C29"
121,7260,1,7260,7260,1.0000,"AGL(1,121) [exact]"
122,7381,0,1830,3690,0.2479,2x(61:60)diag
123,7503,0,2460,3751,0.3279,3x(41:40)diag+rot
124,7626,0,820,3813,0.1075,"AGL(1,41)xF83:C41"
125,7750,1,7750,7750,1.0000,"AGL(1,125) [exact]"
126,7875,0,1711,3937,0.2173,"AGL(1,67)xF59:C29"
127,8001,1,8001,8001,1.0000,"AGL(1,127) [exact]"
128,8128,1,8128,8128,1.0000,"AGL(1,128) [exact]"
129,8256,0,903,4128,0.1094,3x(43:42)diag
130,8385,0,1711,4192,0.2041,"AGL(1,71)xF59:C29"
131,8515,1,8515,8515,1.0000,"AGL(1,131) [exact]"
132,8646,0,1711,4323,0.1979,"AGL(1,73)xF59:C29"
133,8778,0,1197,4389,0.1364,7x(19:18)diag+rot
134,8911,0,4422,4455,0.4962,2x(67:33)diag+rot
135,9045,0,1755,4522,0.1940,5x(27:26)diag+rot
136,9180,0,1378,4590,0.1501,"AGL(1,53)xF83:C41"
137,9316,1,9316,9316,1.0000,"AGL(1,137) [exact]"
138,9453,0,1711,4726,0.1810,"AGL(1,79)xF59:C29"
139,9591,1,9591,9591,1.0000,"AGL(1,139) [exact]"
140,9730,0,1711,4865,0.1758,"AGL(1,81)xF59:C29"
141,9870,0,3243,4935,0.3286,3x(47:46)diag+rot
142,10011,0,4970,5005,0.4965,2x(71:35)diag+rot
143,10153,0,1027,5076,0.1012,"AGL(1,64)xF79:C13"
144,10296,0,1830,5148,0.1777,"AGL(1,61)xF83:C41"
145,10440,0,2030,5220,0.1944,5x(29:28)diag+rot
146,10585,0,2628,5292,0.2483,2x(73:72)diag
147,10731,0,2016,5365,0.1879,"AGL(1,64)xF83:C41"
148,10878,0,1711,5439,0.1573,"AGL(1,89)xF59:C29"
149,11026,1,11026,11026,1.0000,"AGL(1,149) [exact]"
150,11175,0,2211,5587,0.1979,"AGL(1,67)xF83:C41"
151,11325,1,11325,11325,1.0000,"AGL(1,151) [exact]"
152,11476,0,1176,5738,0.1025,"AGL(1,49)xF103:C17"
153,11628,0,979,5814,0.0842,"AGL(1,64)xF89:C11"
154,11781,0,2485,5890,0.2109,"AGL(1,71)xF83:C41"
155,11935,0,775,5967,0.0649,(31:5)wr5
156,12090,0,2628,6045,0.2174,"AGL(1,73)xF83:C41"
157,12246,1,12246,12246,1.0000,"AGL(1,157) [exact]"
158,12403,0,6162,6201,0.4968,2x(79:39)diag+rot
159,12561,0,4134,6280,0.3291,3x(53:52)diag+rot
160,12720,0,2480,6360,0.1950,5x(32:31)diag+rot
161,12880,0,1771,6440,0.1375,7x(23:22)diag+rot
162,13041,0,3240,6520,0.2484,2x(81:80)diag
163,13203,1,13203,13203,1.0000,"AGL(1,163) [exact]"
164,13366,0,3240,6683,0.2424,"AGL(1,81)xF83:C41"
165,13530,0,2016,6765,0.1490,"AGL(1,64)xF101:C25"
166,13695,0,6806,6847,0.4970,2x(83:41)diag+rot
167,13861,1,13861,13861,1.0000,"AGL(1,167) [exact]"
168,14028,0,2211,7014,0.1576,"AGL(1,67)xF101:C25"
169,14196,1,14196,14196,1.0000,"AGL(1,169) [exact]"
170,14365,0,1830,7182,0.1274,"AGL(1,61)xF109:C27"
171,14535,0,2016,7267,0.1387,"AGL(1,64)xF107:C53"
172,14706,0,3403,7353,0.2314,"AGL(1,89)xF83:C41"
173,14878,1,14878,14878,1.0000,"AGL(1,173) [exact]"
174,15051,0,2525,7525,0.1678,"AGL(1,73)xF101:C25"
175,15225,0,2100,7612,0.1379,7x(25:24)diag+rot
176,15400,0,2211,7700,0.1436,"AGL(1,67)xF109:C27"
177,15576,0,5133,7788,0.3295,3x(59:58)diag+rot
178,15753,0,3916,7876,0.2486,2x(89:88)diag
179,15931,1,15931,15931,1.0000,"AGL(1,179) [exact]"
180,16110,0,3403,8055,0.2112,"AGL(1,97)xF83:C41"
181,16290,1,16290,16290,1.0000,"AGL(1,181) [exact]"
182,16471,0,2628,8235,0.1596,"AGL(1,73)xF109:C27"
183,16653,0,1830,8326,0.1099,3x(61:60)diag
184,16836,0,3403,8418,0.2021,"AGL(1,101)xF83:C41"
185,17020,0,3330,8510,0.1957,5x(37:36)diag+rot
186,17205,0,3403,8602,0.1978,"AGL(1,103)xF83:C41"
187,17391,0,1711,8695,0.0984,"AGL(1,128)xF59:C29"
188,17578,0,3240,8789,0.1843,"AGL(1,81)xF107:C53"
189,17766,0,2457,8883,0.1383,7x(27:26)diag+rot
190,17955,0,3403,8977,0.1895,"AGL(1,83)xF107:C53"
191,18145,1,18145,18145,1.0000,"AGL(1,191) [exact]"
192,18336,0,3403,9168,0.1856,"AGL(1,109)xF83:C41"
193,18528,1,18528,18528,1.0000,"AGL(1,193) [exact]"
194,18721,0,4656,9360,0.2487,2x(97:96)diag
195,18915,0,1703,9457,0.0900,"AGL(1,64)xF131:C13"
196,19110,0,3916,9555,0.2049,"AGL(1,89)xF107:C53"
197,19306,1,19306,19306,1.0000,"AGL(1,197) [exact]"
198,19503,0,2943,9751,0.1509,"AGL(1,89)xF109:C27"
199,19701,1,19701,19701,1.0000,"AGL(1,199) [exact]"
200,19900,0,1830,9950,0.0920,"AGL(1,61)xF139:C23"
201,20100,0,2211,10050,0.1100,3x(67:66)diag
202,20301,0,5050,10150,0.2488,2x(101:100)diag
203,20503,0,2016,10251,0.0983,"AGL(1,64)xF139:C23"
204,20706,0,4656,10353,0.2249,"AGL(1,97)xF107:C53"
205,20910,0,1025,10455,0.0490,(41:5)wr5
206,21115,0,10506,10557,0.4976,2x(103:51)diag+rot
207,21321,0,1027,10660,0.0482,"AGL(1,128)xF79:C13"
208,21528,0,5050,10764,0.2346,"AGL(1,101)xF107:C53"
209,21736,0,1881,10868,0.0865,11x(19:18)diag+rot
210,21945,0,5253,10972,0.2394,"AGL(1,103)xF107:C53"
211,22155,1,22155,22155,1.0000,"AGL(1,211) [exact]"
212,22366,0,2943,11183,0.1316,"AGL(1,103)xF109:C27"
213,22578,0,7455,11289,0.3302,3x(71:70)diag+rot
214,22791,0,11342,11395,0.4977,2x(107:53)diag+rot
215,23005,0,4515,11502,0.1963,5x(43:42)diag+rot
216,23220,0,5671,11610,0.2442,"AGL(1,109)xF107:C53"
217,23436,0,3255,11718,0.1389,7x(31:30)diag+rot
218,23653,0,5886,11826,0.2488,2x(109:108)diag
219,23871,0,2628,11935,0.1101,3x(73:72)diag
220,24090,0,5671,12045,0.2354,"AGL(1,113)xF107:C53"
221,24310,0,2016,12155,0.0829,"AGL(1,64)xF157:C13"
222,24531,0,3403,12265,0.1387,"AGL(1,139)xF83:C41"
223,24753,1,24753,24753,1.0000,"AGL(1,223) [exact]"
224,24976,0,3472,12488,0.1390,7x(32:31)diag+rot
225,25200,0,1552,12600,0.0616,"AGL(1,128)xF97:C32"
226,25425,0,6328,12712,0.2489,2x(113:112)diag
227,25651,1,25651,25651,1.0000,"AGL(1,227) [exact]"
228,25878,0,5671,12939,0.2191,"AGL(1,121)xF107:C53"
229,26106,1,26106,26106,1.0000,"AGL(1,229) [exact]"
230,26335,0,3240,13167,0.1230,"AGL(1,81)xF149:C37"
231,26565,0,2016,13282,0.0759,"AGL(1,64)xF167:C83"
232,26796,0,5671,13398,0.2116,"AGL(1,125)xF107:C53"
233,27028,1,27028,27028,1.0000,"AGL(1,233) [exact]"
234,27261,0,5671,13630,0.2080,"AGL(1,127)xF107:C53"
235,27495,0,5671,13747,0.2063,"AGL(1,128)xF107:C53"
236,27730,0,3197,13865,0.1153,"AGL(1,97)xF139:C23"
237,27966,0,3081,13983,0.1102,3x(79:78)diag
238,28203,0,5671,14101,0.2011,"AGL(1,131)xF107:C53"
239,28441,1,28441,28441,1.0000,"AGL(1,239) [exact]"
240,28680,0,3775,14340,0.1316,"AGL(1,89)xF151:C25"
241,28920,1,28920,28920,1.0000,"AGL(1,241) [exact]"
242,29161,0,7260,14580,0.2490,2x(121:120)diag
243,29403,1,29403,29403,1.0000,"AGL(1,243) [exact]"
244,29646,0,5671,14823,0.1913,"AGL(1,137)xF107:C53"
245,29890,0,5880,14945,0.1967,5x(49:48)diag+rot
246,30135,0,5671,15067,0.1882,"AGL(1,139)xF107:C53"
247,30381,0,2223,15190,0.0732,13x(19:18)diag+rot
248,30628,0,3775,15314,0.1233,"AGL(1,97)xF151:C25"
249,30876,0,10209,15438,0.3306,3x(83:82)diag+rot
250,31125,0,7750,15562,0.2490,2x(125:124)diag
251,31375,1,31375,31375,1.0000,"AGL(1,251) [exact]"
252,31626,0,5253,15813,0.1661,"AGL(1,103)xF149:C37"
253,31878,0,2783,15939,0.0873,(23:11)wr11
254,32131,0,16002,16065,0.4980,2x(127:63)diag+rot
255,32385,0,2016,16192,0.0623,"AGL(1,64)xF191:C19"
256,32640,1,32640,32640,1.0000,"AGL(1,256) [exact]"
257,32896,1,32896,32896,1.0000,"AGL(1,257) [exact]"
258,33153,0,5671,16576,0.1711,"AGL(1,151)xF107:C53"
259,33411,0,4662,16705,0.1395,7x(37:36)diag+rot
260,33670,0,4656,16835,0.1383,"AGL(1,97)xF163:C81"
261,33930,0,2016,16965,0.0594,"AGL(1,64)xF197:C49"
262,34191,0,17030,17095,0.4981,2x(131:65)diag+rot
263,34453,1,34453,34453,1.0000,"AGL(1,263) [exact]"
264,34716,0,5671,17358,0.1634,"AGL(1,157)xF107:C53"
265,34980,0,6890,17490,0.1970,5x(53:52)diag+rot
266,35245,0,5253,17622,0.1490,"AGL(1,103)xF163:C81"
267,35511,0,11748,17755,0.3308,3x(89:88)diag+rot
268,35778,0,5050,17889,0.1411,"AGL(1,101)xF167:C83"
269,36046,1,36046,36046,1.0000,"AGL(1,269) [exact]"
270,36315,0,5671,18157,0.1562,"AGL(1,107)xF163:C81"
271,36585,1,36585,36585,1.0000,"AGL(1,271) [exact]"
272,36856,0,5886,18428,0.1597,"AGL(1,109)xF163:C81"
273,37128,0,689,18564,0.0186,"F89+(4q+1=53)+(10q+1=131),q=13"
274,37401,0,9316,18700,0.2491,2x(137:136)diag
275,37675,0,3300,18837,0.0876,11x(25:24)diag+rot
276,37950,0,6328,18975,0.1667,"AGL(1,113)xF163:C81"
277,38226,1,38226,38226,1.0000,"AGL(1,277) [exact]"
278,38503,0,19182,19251,0.4982,2x(139:69)diag+rot
279,38781,0,3775,19390,0.0973,"AGL(1,128)xF151:C25"
280,39060,0,6328,19530,0.1620,"AGL(1,113)xF167:C83"
281,39340,1,39340,39340,1.0000,"AGL(1,281) [exact]"
282,39621,0,5886,19810,0.1486,"AGL(1,109)xF173:C43"
283,39903,1,39903,39903,1.0000,"AGL(1,283) [exact]"
284,40186,0,7260,20093,0.1807,"AGL(1,121)xF163:C81"
285,40470,0,2041,20235,0.0504,"AGL(1,128)xF157:C13"
286,40755,0,6328,20377,0.1553,"AGL(1,113)xF173:C43"
287,41041,0,5740,20520,0.1399,7x(41:40)diag+rot
288,41328,0,7750,20664,0.1875,"AGL(1,125)xF163:C81"
289,41616,1,41616,41616,1.0000,"AGL(1,289) [exact]"
290,41905,0,8001,20952,0.1909,"AGL(1,127)xF163:C81"
291,42195,0,8128,21097,0.1926,"AGL(1,128)xF163:C81"
292,42486,0,7750,21243,0.1824,"AGL(1,125)xF167:C83"
293,42778,1,42778,42778,1.0000,"AGL(1,293) [exact]"
294,43071,0,8515,21535,0.1977,"AGL(1,131)xF163:C81"
295,43365,0,8555,21682,0.1973,5x(59:58)diag+rot
296,43660,0,5253,21830,0.1203,"AGL(1,103)xF193:C64"
297,43956,0,3861,21978,0.0878,11x(27:26)diag+rot
298,44253,0,11026,22126,0.2492,2x(149:148)diag
299,44551,0,3289,22275,0.0738,13x(23:22)diag+rot
300,44850,0,9316,22425,0.2077,"AGL(1,137)xF163:C81"
301,45150,0,7439,22575,0.1648,"AGL(1,128)xF173:C43"
302,45451,0,22650,22725,0.4983,2x(151:75)diag+rot
303,45753,0,15150,22876,0.3311,3x(101:100)diag+rot
304,46056,0,9316,23028,0.2023,"AGL(1,137)xF167:C83"
305,46360,0,1928,23180,0.0416,"AGL(1,64)xF241:C16"
306,46665,0,9591,23332,0.2055,"AGL(1,139)xF167:C83"
307,46971,1,46971,46971,1.0000,"AGL(1,307) [exact]"
308,47278,0,3775,23639,0.0798,"AGL(1,157)xF151:C25"
309,47586,0,5253,23793,0.1104,3x(103:102)diag
310,47895,0,8515,23947,0.1778,"AGL(1,131)xF179:C89"
311,48205,1,48205,48205,1.0000,"AGL(1,311) [exact]"
312,48516,0,11026,24258,0.2273,"AGL(1,149)xF163:C81"
313,48828,1,48828,48828,1.0000,"AGL(1,313) [exact]"
314,49141,0,12246,24570,0.2492,2x(157:156)diag
315,49455,0,2016,24727,0.0408,"AGL(1,64)xF251:C25"
316,49770,0,11026,24885,0.2215,"AGL(1,149)xF167:C83"
317,50086,1,50086,50086,1.0000,"AGL(1,317) [exact]"
318,50403,0,11325,25201,0.2247,"AGL(1,151)xF167:C83"
319,50721,0,4466,25360,0.0881,11x(29:28)diag+rot
320,51040,0,12246,25520,0.2399,"AGL(1,157)xF163:C81"
321,51360,0,17013,25680,0.3312,3x(107:106)diag+rot
322,51681,0,7750,25840,0.1500,"AGL(1,125)xF197:C49"
323,52003,0,2907,26001,0.0559,17x(19:18)diag+rot
324,52326,0,12246,26163,0.2340,"AGL(1,157)xF167:C83"
325,52650,0,8128,26325,0.1544,"AGL(1,128)xF197:C49"
326,52975,0,26406,26487,0.4985,2x(163:81)diag+rot
327,53301,0,8829,26650,0.1656,(109:27)wr3
328,53628,0,11026,26814,0.2056,"AGL(1,149)xF179:C89"
329,53956,0,7567,26978,0.1402,7x(47:46)diag+rot
330,54285,0,13203,27142,0.2432,"AGL(1,163)xF167:C83"
331,54615,1,54615,54615,1.0000,"AGL(1,331) [exact]"
332,54946,0,13203,27473,0.2403,"AGL(1,169)xF163:C81"
333,55278,0,2525,27639,0.0457,"F81+(20q+1=101)+(30q+1=151),q=5"
334,55611,0,27722,27805,0.4985,2x(167:83)diag+rot
335,55945,0,11055,27972,0.1976,5x(67:66)diag+rot
336,56280,0,13861,28140,0.2463,"AGL(1,169)xF167:C83"
337,56616,1,56616,56616,1.0000,"AGL(1,337) [exact]"
338,56953,0,14196,28476,0.2493,2x(169:168)diag
339,57291,0,18984,28645,0.3314,3x(113:112)diag+rot
340,57630,0,13861,28815,0.2405,"AGL(1,173)xF167:C83"
341,57970,0,5115,28985,0.0882,11x(31:30)diag+rot
342,58311,0,13203,29155,0.2264,"AGL(1,163)xF179:C89"
343,58653,1,58653,58653,1.0000,"AGL(1,343) [exact]"
344,58996,0,13203,29498,0.2238,"AGL(1,181)xF163:C81"
345,59340,0,1967,29670,0.0331,"AGL(1,64)xF281:C7"
346,59685,0,14878,29842,0.2493,2x(173:172)diag
347,60031,1,60031,60031,1.0000,"AGL(1,347) [exact]"
348,60378,0,14196,30189,0.2351,"AGL(1,169)xF179:C89"
349,60726,1,60726,60726,1.0000,"AGL(1,349) [exact]"
350,61075,0,8001,30537,0.1310,"AGL(1,127)xF223:C37"
351,61425,0,8128,30712,0.1323,"AGL(1,128)xF223:C37"
352,61776,0,14878,30888,0.2408,"AGL(1,173)xF179:C89"
353,62128,1,62128,62128,1.0000,"AGL(1,353) [exact]"
354,62481,0,13203,31240,0.2113,"AGL(1,191)xF163:C81"
355,62835,0,8128,31417,0.1294,"AGL(1,128)xF227:C113"
356,63190,0,13203,31595,0.2089,"AGL(1,193)xF163:C81"
357,63546,0,4351,31773,0.0685,"AGL(1,128)xF229:C19"
358,63903,0,31862,31951,0.4986,2x(179:89)diag+rot
359,64261,1,64261,64261,1.0000,"AGL(1,359) [exact]"
360,64620,0,15931,32310,0.2465,"AGL(1,181)xF179:C89"
361,64980,1,64980,64980,1.0000,"AGL(1,361) [exact]"
362,65341,0,16290,32670,0.2493,2x(181:180)diag
363,65703,0,7260,32851,0.1105,3x(121:120)diag
364,66066,0,13861,33033,0.2098,"AGL(1,197)xF167:C83"
365,66430,0,13140,33215,0.1978,5x(73:72)diag+rot
366,66795,0,13861,33397,0.2075,"AGL(1,199)xF167:C83"
367,67161,1,67161,67161,1.0000,"AGL(1,367) [exact]"
368,67528,0,4656,33764,0.0689,"AGL(1,97)xF271:C27"
369,67896,0,1928,33948,0.0284,"AGL(1,128)xF241:C16"
370,68265,0,15931,34132,0.2334,"AGL(1,191)xF179:C89"
371,68635,0,9646,34317,0.1405,7x(53:52)diag+rot
372,69006,0,15931,34503,0.2309,"AGL(1,193)xF179:C89"
373,69378,1,69378,69378,1.0000,"AGL(1,373) [exact]"
374,69751,0,13203,34875,0.1893,"AGL(1,211)xF163:C81"
375,70125,0,23250,35062,0.3316,3x(125:124)diag+rot
376,70500,0,15931,35250,0.2260,"AGL(1,197)xF179:C89"
377,70876,0,5278,35438,0.0745,13x(29:28)diag+rot
378,71253,0,15931,35626,0.2236,"AGL(1,199)xF179:C89"
379,71631,1,71631,71631,1.0000,"AGL(1,379) [exact]"
380,72010,0,8251,36005,0.1146,"AGL(1,157)xF223:C37"
381,72390,0,8001,36195,0.1105,3x(127:126)diag
382,72771,0,36290,36385,0.4987,2x(191:95)diag+rot
383,73153,1,73153,73153,1.0000,"AGL(1,383) [exact]"
384,73536,0,24384,36768,0.3316,3x(128:127)diag+rot
385,73920,0,8128,36960,0.1100,"AGL(1,128)xF257:C64"
386,74305,0,18528,37152,0.2494,2x(193:192)diag
387,74691,0,1703,37345,0.0228,"AGL(1,256)xF131:C13"
388,75078,0,9653,37539,0.1286,"AGL(1,191)xF197:C49"
389,75466,1,75466,75466,1.0000,"AGL(1,389) [exact]"
390,75855,0,15931,37927,0.2100,"AGL(1,211)xF179:C89"
391,76245,0,8128,38122,0.1066,"AGL(1,128)xF263:C131"
392,76636,0,13203,38318,0.1723,"AGL(1,229)xF163:C81"
393,77028,0,25545,38514,0.3316,3x(131:130)diag+rot
394,77421,0,19306,38710,0.2494,2x(197:196)diag
395,77815,0,15405,38907,0.1980,5x(79:78)diag+rot
396,78210,0,14196,39105,0.1815,"AGL(1,169)xF227:C113"
397,78606,1,78606,78606,1.0000,"AGL(1,397) [exact]"
398,79003,0,39402,39501,0.4987,2x(199:99)diag+rot
399,79401,0,7317,39700,0.0922,"AGL(1,128)xF271:C27"
400,79800,0,14878,39900,0.1864,"AGL(1,173)xF227:C113"
401,80200,1,80200,80200,1.0000,"AGL(1,401) [exact]"
402,80601,0,15931,40300,0.1977,"AGL(1,223)xF179:C89"
403,81003,0,6045,40501,0.0746,13x(31:30)diag+rot
404,81406,0,13203,40703,0.1622,"AGL(1,241)xF163:C81"
405,81810,0,6371,40905,0.0779,"AGL(1,128)xF277:C23"
406,82215,0,15931,41107,0.1938,"AGL(1,179)xF227:C113"
407,82621,0,7326,41310,0.0887,11x(37:36)diag+rot
408,83028,0,16290,41514,0.1962,"AGL(1,181)xF227:C113"
409,83436,1,83436,83436,1.0000,"AGL(1,409) [exact]"
410,83845,0,13861,41922,0.1653,"AGL(1,243)xF167:C83"
411,84255,0,27948,42127,0.3317,3x(137:136)diag+rot
412,84666,0,15931,42333,0.1882,"AGL(1,233)xF179:C89"
413,85078,0,11977,42539,0.1408,7x(59:58)diag+rot
414,85491,0,13203,42745,0.1544,"AGL(1,163)xF251:C125"
415,85905,0,17015,42952,0.1981,5x(83:82)diag+rot
416,86320,0,8251,43160,0.0956,"AGL(1,193)xF223:C37"
417,86736,0,9591,43368,0.1106,3x(139:138)diag
418,87153,0,18145,43576,0.2082,"AGL(1,191)xF227:C113"
419,87571,1,87571,87571,1.0000,"AGL(1,419) [exact]"
420,87990,0,18528,43995,0.2106,"AGL(1,193)xF227:C113"
421,88410,1,88410,88410,1.0000,"AGL(1,421) [exact]"
422,88831,0,44310,44415,0.4988,2x(211:105)diag+rot
423,89253,0,13861,44626,0.1553,"AGL(1,256)xF167:C83"
424,89676,0,19306,44838,0.2153,"AGL(1,197)xF227:C113"
425,90100,0,5100,45050,0.0566,17x(25:24)diag+rot
426,90525,0,19701,45262,0.2176,"AGL(1,199)xF227:C113"
427,90951,0,12810,45475,0.1408,7x(61:60)diag+rot
428,91378,0,7317,45689,0.0801,"AGL(1,157)xF271:C27"
429,91806,0,7439,45903,0.0810,"AGL(1,256)xF173:C43"
430,92235,0,15931,46117,0.1727,"AGL(1,179)xF251:C125"
431,92665,1,92665,92665,1.0000,"AGL(1,431) [exact]"
432,93096,0,16290,46548,0.1750,"AGL(1,181)xF251:C125"
433,93528,1,93528,93528,1.0000,"AGL(1,433) [exact]"
434,93961,0,13203,46980,0.1405,"AGL(1,271)xF163:C81"
435,94395,0,15931,47197,0.1688,"AGL(1,256)xF179:C89"
436,94830,0,15931,47415,0.1680,"AGL(1,179)xF257:C128"
437,95266,0,4807,47633,0.0505,19x(23:22)diag+rot
438,95703,0,22155,47851,0.2315,"AGL(1,211)xF227:C113"
439,96141,1,96141,96141,1.0000,"AGL(1,439) [exact]"
440,96580,0,13203,48290,0.1367,"AGL(1,277)xF163:C81"
441,97020,0,4069,48510,0.0419,"AGL(1,128)xF313:C13"
442,97461,0,18145,48730,0.1862,"AGL(1,191)xF251:C125"
443,97903,1,97903,97903,1.0000,"AGL(1,443) [exact]"
444,98346,0,18528,49173,0.1884,"AGL(1,193)xF251:C125"
445,98790,0,19580,49395,0.1982,5x(89:88)diag+rot
446,99235,0,49506,49617,0.4989,2x(223:111)diag+rot
447,99681,0,33078,49840,0.3318,3x(149:148)diag+rot
448,100128,0,19306,50064,0.1928,"AGL(1,197)xF251:C125"
449,100576,1,100576,100576,1.0000,"AGL(1,449) [exact]"
450,101025,0,24753,50512,0.2450,"AGL(1,223)xF227:C113"
451,101475,0,9020,50737,0.0889,11x(41:40)diag+rot
452,101926,0,13301,50963,0.1305,"AGL(1,169)xF283:C47"
453,102378,0,11325,51189,0.1106,3x(151:150)diag
454,102831,0,51302,51415,0.4989,2x(227:113)diag+rot
455,103285,0,3403,51642,0.0329,"F83+(4q+1=149)+(6q+1=223),q=37"
456,103740,0,25651,51870,0.2473,"AGL(1,229)xF227:C113"
457,104196,1,104196,104196,1.0000,"AGL(1,457) [exact]"
458,104653,0,26106,52326,0.2495,2x(229:228)diag
459,105111,0,5967,52555,0.0568,17x(27:26)diag+rot
460,105570,0,25651,52785,0.2430,"AGL(1,233)xF227:C113"
461,106030,1,106030,106030,1.0000,"AGL(1,461) [exact]"
462,106491,0,22155,53245,0.2080,"AGL(1,211)xF251:C125"
463,106953,1,106953,106953,1.0000,"AGL(1,463) [exact]"
464,107416,0,13301,53708,0.1238,"AGL(1,181)xF283:C47"
465,107880,0,2696,53940,0.0250,"AGL(1,128)xF337:C16"
466,108345,0,27028,54172,0.2495,2x(233:232)diag
467,108811,1,108811,108811,1.0000,"AGL(1,467) [exact]"
468,109278,0,25651,54639,0.2347,"AGL(1,241)xF227:C113"
469,109746,0,15477,54873,0.1410,7x(67:66)diag+rot
470,110215,0,25651,55107,0.2327,"AGL(1,243)xF227:C113"
471,110685,0,12246,55342,0.1106,3x(157:156)diag
472,111156,0,15931,55578,0.1433,"AGL(1,179)xF293:C73"
473,111628,0,9933,55814,0.0890,11x(43:42)diag+rot
474,112101,0,24753,56050,0.2208,"AGL(1,223)xF251:C125"
475,112575,0,8128,56287,0.0722,"AGL(1,128)xF347:C173"
476,113050,0,13301,56525,0.1177,"AGL(1,193)xF283:C47"
477,113526,0,8128,56763,0.0716,"AGL(1,128)xF349:C29"
478,114003,0,56882,57001,0.4990,2x(239:119)diag+rot
479,114481,1,114481,114481,1.0000,"AGL(1,479) [exact]"
480,114960,0,26106,57480,0.2271,"AGL(1,229)xF251:C125"
481,115440,0,8658,57720,0.0750,13x(37:36)diag+rot
482,115921,0,28920,57960,0.2495,2x(241:240)diag
483,116403,0,25651,58201,0.2204,"AGL(1,256)xF227:C113"
484,116886,0,27028,58443,0.2312,"AGL(1,233)xF251:C125"
485,117370,0,23280,58685,0.1983,5x(97:96)diag+rot
486,117855,0,58806,58927,0.4990,2x(243:121)diag+rot
487,118341,1,118341,118341,1.0000,"AGL(1,487) [exact]"
488,118828,0,9591,59414,0.0807,"AGL(1,139)xF349:C29"
489,119316,0,39609,59658,0.3320,(163:81)wr3
490,119805,0,28441,59902,0.2374,"AGL(1,239)xF251:C125"
491,120295,1,120295,120295,1.0000,"AGL(1,491) [exact]"
492,120786,0,28920,60393,0.2394,"AGL(1,241)xF251:C125"
493,121278,0,6902,60639,0.0569,17x(29:28)diag+rot
494,121771,0,29403,60885,0.2415,"AGL(1,243)xF251:C125"
495,122265,0,8128,61132,0.0665,"AGL(1,128)xF367:C61"
496,122760,0,28441,61380,0.2317,"AGL(1,239)xF257:C256"
497,123256,0,5513,61628,0.0447,"F125+(4q+1=149)+(6q+1=223),q=37"
498,123753,0,28920,61876,0.2337,"AGL(1,241)xF257:C256"
499,124251,1,124251,124251,1.0000,"AGL(1,499) [exact]"
500,124750,0,29403,62375,0.2357,"AGL(1,243)xF257:C256"
501,125250,0,41583,62625,0.3320,3x(167:166)diag+rot
502,125751,0,62750,62875,0.4990,2x(251:125)diag+rot
503,126253,1,126253,126253,1.0000,"AGL(1,503) [exact]"
504,126756,0,28920,63378,0.2282,"AGL(1,241)xF263:C131"
505,127260,0,12625,63630,0.0992,(101:25)wr5
506,127765,0,29403,63882,0.2301,"AGL(1,243)xF263:C131"
507,128271,0,31375,64135,0.2446,"AGL(1,256)xF251:C125"
508,128778,0,31375,64389,0.2436,"AGL(1,251)xF257:C256"
509,129286,1,129286,129286,1.0000,"AGL(1,509) [exact]"
510,129795,0,25651,64897,0.1976,"AGL(1,283)xF227:C113"
511,130305,0,18396,65152,0.1412,7x(73:72)diag+rot
512,130816,1,130816,130816,1.0000,"AGL(1,512) [exact]"
513,131328,0,32640,65664,0.2485,"AGL(1,256)xF257:C256"
514,131841,0,65792,65920,0.4990,(257:256)wr2
515,132355,0,26265,66177,0.1984,5x(103:102)diag+rot
516,132870,0,25651,66435,0.1931,"AGL(1,289)xF227:C113"
517,133386,0,11891,66693,0.0891,11x(47:46)diag+rot
518,133903,0,11325,66951,0.0846,"AGL(1,151)xF367:C61"
519,134421,0,44634,67210,0.3320,3x(173:172)diag+rot
520,134940,0,32896,67470,0.2438,"AGL(1,257)xF263:C131"
521,135460,1,135460,135460,1.0000,"AGL(1,521) [exact]"
522,135981,0,31375,67990,0.2307,"AGL(1,271)xF251:C125"
523,136503,1,136503,136503,1.0000,"AGL(1,523) [exact]"
524,137026,0,13301,68513,0.0971,"AGL(1,241)xF283:C47"
525,137550,0,18023,68775,0.1310,"AGL(1,256)xF269:C67"
526,138075,0,68906,69037,0.4990,2x(263:131)diag+rot
527,138601,0,7905,69300,0.0570,17x(31:30)diag+rot
528,139128,0,32896,69564,0.2364,"AGL(1,271)xF257:C256"
529,139656,1,139656,139656,1.0000,"AGL(1,529) [exact]"
530,140185,0,13203,70092,0.0942,"AGL(1,163)xF367:C61"
531,140715,0,2124,70357,0.0151,59x(9:8)diag+rot
532,141246,0,34453,70623,0.2439,"AGL(1,269)xF263:C131"
533,141778,0,10660,70889,0.0752,13x(41:40)diag+rot
534,142311,0,34453,71155,0.2421,"AGL(1,271)xF263:C131"
535,142845,0,28355,71422,0.1985,5x(107:106)diag+rot
536,143380,0,21389,71690,0.1492,"AGL(1,243)xF293:C73"
537,143916,0,47793,71958,0.3321,3x(179:178)diag+rot
538,144453,0,36046,72226,0.2495,2x(269:268)diag
539,144991,0,13301,72495,0.0917,"AGL(1,256)xF283:C47"
540,145530,0,34453,72765,0.2367,"AGL(1,277)xF263:C131"
541,146070,1,146070,146070,1.0000,"AGL(1,541) [exact]"
542,146611,0,73170,73305,0.4991,2x(271:135)diag+rot
543,147153,0,16290,73576,0.1107,3x(181:180)diag
544,147696,0,34453,73848,0.2333,"AGL(1,281)xF263:C131"
545,148240,0,29430,74120,0.1985,5x(109:108)diag+rot
546,148785,0,34453,74392,0.2316,"AGL(1,283)xF263:C131"
547,149331,1,149331,149331,1.0000,"AGL(1,547) [exact]"
548,149878,0,16290,74939,0.1087,"AGL(1,181)xF367:C61"
549,150426,0,21389,75213,0.1422,"AGL(1,256)xF293:C73"
550,150975,0,32896,75487,0.2179,"AGL(1,293)xF257:C256"
551,151525,0,7714,75762,0.0509,19x(29:28)diag+rot
552,152076,0,34453,76038,0.2266,"AGL(1,289)xF263:C131"
553,152628,0,21567,76314,0.1413,7x(79:78)diag+rot
554,153181,0,38226,76590,0.2495,2x(277:276)diag
555,153735,0,3197,76867,0.0208,"F139+(6q+1=139)+(12q+1=277),q=23"
556,154290,0,34453,77145,0.2233,"AGL(1,293)xF263:C131"
557,154846,1,154846,154846,1.0000,"AGL(1,557) [exact]"
558,155403,0,31375,77701,0.2019,"AGL(1,307)xF251:C125"
559,155961,0,11739,77980,0.0753,13x(43:42)diag+rot
560,156520,0,25043,78260,0.1600,"AGL(1,243)xF317:C79"
561,157080,0,8128,78540,0.0517,"AGL(1,128)xF433:C27"
562,157641,0,39340,78820,0.2496,2x(281:280)diag
563,158203,1,158203,158203,1.0000,"AGL(1,563) [exact]"
564,158766,0,32896,79383,0.2072,"AGL(1,307)xF257:C256"
565,159330,0,31640,79665,0.1986,5x(113:112)diag+rot
566,159895,0,79806,79947,0.4991,2x(283:141)diag+rot
567,160461,0,22680,80230,0.1413,7x(81:80)diag+rot
568,161028,0,32896,80514,0.2043,"AGL(1,311)xF257:C256"
569,161596,1,161596,161596,1.0000,"AGL(1,569) [exact]"
570,162165,0,34453,81082,0.2125,"AGL(1,307)xF263:C131"
571,162735,1,162735,162735,1.0000,"AGL(1,571) [exact]"
572,163306,0,13301,81653,0.0814,"AGL(1,289)xF283:C47"
573,163878,0,54435,81939,0.3322,3x(191:190)diag+rot
574,164451,0,34453,82225,0.2095,"AGL(1,311)xF263:C131"
575,165025,0,6900,82512,0.0418,23x(25:24)diag+rot
576,165600,0,34453,82800,0.2080,"AGL(1,313)xF263:C131"
577,166176,1,166176,166176,1.0000,"AGL(1,577) [exact]"
578,166753,0,41616,83376,0.2496,2x(289:288)diag
579,167331,0,18528,83665,0.1107,3x(193:192)diag
580,167910,0,34453,83955,0.2052,"AGL(1,317)xF263:C131"
581,168490,0,23821,84245,0.1414,7x(83:82)diag+rot
582,169071,0,31375,84535,0.1856,"AGL(1,331)xF251:C125"
583,169653,0,15158,84826,0.0893,11x(53:52)diag+rot
584,170236,0,13203,85118,0.0776,"AGL(1,421)xF163:C81"
585,170820,0,8128,85410,0.0476,"AGL(1,128)xF457:C19"
586,171405,0,42778,85702,0.2496,2x(293:292)diag
587,171991,1,171991,171991,1.0000,"AGL(1,587) [exact]"
588,172578,0,32896,86289,0.1906,"AGL(1,331)xF257:C256"
589,173166,0,8835,86583,0.0510,19x(31:30)diag+rot
590,173755,0,29403,86877,0.1692,"AGL(1,243)xF347:C173"
591,174345,0,57918,87172,0.3322,3x(197:196)diag+rot
592,174936,0,27028,87468,0.1545,"AGL(1,233)xF359:C179"
593,175528,1,175528,175528,1.0000,"AGL(1,593) [exact]"
594,176121,0,34453,88060,0.1956,"AGL(1,331)xF263:C131"
595,176715,0,8128,88357,0.0460,"AGL(1,128)xF467:C233"
596,177310,0,22387,88655,0.1263,"AGL(1,229)xF367:C61"
597,177906,0,19701,88953,0.1107,3x(199:198)diag
598,178503,0,31375,89251,0.1758,"AGL(1,251)xF347:C173"
599,179101,1,179101,179101,1.0000,"AGL(1,599) [exact]"
600,179700,0,34453,89850,0.1917,"AGL(1,337)xF263:C131"
601,180300,1,180300,180300,1.0000,"AGL(1,601) [exact]"
602,180901,0,29403,90450,0.1625,"AGL(1,243)xF359:C179"
603,181503,0,32640,90751,0.1798,"AGL(1,256)xF347:C173"
604,182106,0,32896,91053,0.1806,"AGL(1,257)xF347:C173"
605,182710,0,10121,91355,0.0554,"AGL(1,256)xF349:C29"
606,183315,0,34453,91657,0.1879,"AGL(1,343)xF263:C131"
607,183921,1,183921,183921,1.0000,"AGL(1,607) [exact]"
608,184528,0,22387,92264,0.1213,"AGL(1,241)xF367:C61"
609,185136,0,5648,92568,0.0305,"AGL(1,256)xF353:C32"
610,185745,0,34453,92872,0.1855,"AGL(1,263)xF347:C173"
611,186355,0,14053,93177,0.0754,13x(47:46)diag+rot
612,186966,0,34453,93483,0.1843,"AGL(1,349)xF263:C131"
613,187578,1,187578,187578,1.0000,"AGL(1,613) [exact]"
614,188191,0,93942,94095,0.4992,2x(307:153)diag+rot
615,188805,0,32640,94402,0.1729,"AGL(1,256)xF359:C179"
616,189420,0,36046,94710,0.1903,"AGL(1,269)xF347:C173"
617,190036,1,190036,190036,1.0000,"AGL(1,617) [exact]"
618,190653,0,36585,95326,0.1919,"AGL(1,271)xF347:C173"
619,191271,1,191271,191271,1.0000,"AGL(1,619) [exact]"
620,191890,0,16290,95945,0.0849,"AGL(1,181)xF439:C73"
621,192510,0,8073,96255,0.0419,23x(27:26)diag+rot
622,193131,0,96410,96565,0.4992,2x(311:155)diag+rot
623,193753,0,27412,96876,0.1415,7x(89:88)diag+rot
624,194376,0,38226,97188,0.1967,"AGL(1,277)xF347:C173"
625,195000,1,195000,195000,1.0000,"AGL(1,625) [exact]"
626,195625,0,48828,97812,0.2496,2x(313:312)diag
627,196251,0,8128,98125,0.0414,"AGL(1,128)xF499:C83"
628,196878,0,39340,98439,0.1998,"AGL(1,281)xF347:C173"
629,197506,0,11563,98753,0.0585,"AGL(1,256)xF373:C31"
630,198135,0,39903,99067,0.2014,"AGL(1,283)xF347:C173"
631,198765,1,198765,198765,1.0000,"AGL(1,631) [exact]"
632,199396,0,29403,99698,0.1475,"AGL(1,243)xF389:C97"
633,200028,0,22155,100014,0.1108,3x(211:210)diag
634,200661,0,50086,100330,0.2496,2x(317:316)diag
635,201295,0,40005,100647,0.1987,5x(127:126)diag+rot
636,201930,0,41616,100965,0.2061,"AGL(1,289)xF347:C173"
637,202566,0,15288,101283,0.0755,13x(49:48)diag+rot
638,203203,0,22387,101601,0.1102,"AGL(1,271)xF367:C61"
639,203841,0,32640,101920,0.1601,"AGL(1,256)xF383:C191"
640,204480,0,42778,102240,0.2092,"AGL(1,293)xF347:C173"
641,205120,1,205120,205120,1.0000,"AGL(1,641) [exact]"
642,205761,0,39903,102880,0.1939,"AGL(1,283)xF359:C179"
643,206403,1,206403,206403,1.0000,"AGL(1,643) [exact]"
644,207046,0,22387,103523,0.1081,"AGL(1,277)xF367:C61"
645,207690,0,32640,103845,0.1572,"AGL(1,256)xF389:C97"
646,208335,0,34453,104167,0.1654,"AGL(1,263)xF383:C191"
647,208981,1,208981,208981,1.0000,"AGL(1,647) [exact]"
648,209628,0,41616,104814,0.1985,"AGL(1,289)xF359:C179"
649,210276,0,18821,105138,0.0895,11x(59:58)diag+rot
650,210925,0,22387,105462,0.1061,"AGL(1,283)xF367:C61"
651,211575,0,8128,105787,0.0384,"AGL(1,128)xF523:C29"
652,212226,0,42778,106113,0.2016,"AGL(1,293)xF359:C179"
653,212878,1,212878,212878,1.0000,"AGL(1,653) [exact]"
654,213531,0,46971,106765,0.2200,"AGL(1,307)xF347:C173"
655,214185,0,8515,107092,0.0398,5x(131:130)diag
656,214840,0,22387,107420,0.1042,"AGL(1,289)xF367:C61"
657,215496,0,10025,107748,0.0465,"AGL(1,256)xF401:C25"
658,216153,0,48205,108076,0.2230,"AGL(1,311)xF347:C173"
659,216811,1,216811,216811,1.0000,"AGL(1,659) [exact]"
660,217470,0,48828,108735,0.2245,"AGL(1,313)xF347:C173"
661,218130,1,218130,218130,1.0000,"AGL(1,661) [exact]"
662,218791,0,109230,109395,0.4992,2x(331:165)diag+rot
663,219453,0,3775,109726,0.0172,"AGL(1,512)xF151:C25"
664,220116,0,50086,110058,0.2275,"AGL(1,317)xF347:C173"
665,220780,0,6953,110390,0.0315,"AGL(1,256)xF409:C17"
666,221445,0,46971,110722,0.2121,"AGL(1,307)xF359:C179"
667,222111,0,9338,111055,0.0420,23x(29:28)diag+rot
668,222778,0,26106,111389,0.1172,"AGL(1,229)xF439:C73"
669,223446,0,24753,111723,0.1108,3x(223:222)diag
670,224115,0,48205,112057,0.2151,"AGL(1,311)xF359:C179"
671,224785,0,20130,112392,0.0896,11x(61:60)diag+rot
672,225456,0,48828,112728,0.2166,"AGL(1,313)xF359:C179"
673,226128,1,226128,226128,1.0000,"AGL(1,673) [exact]"
674,226801,0,56616,113400,0.2496,2x(337:336)diag
675,227475,0,13203,113737,0.0580,"AGL(1,512)xF163:C81"
676,228150,0,50086,114075,0.2195,"AGL(1,317)xF359:C179"
677,228826,1,228826,228826,1.0000,"AGL(1,677) [exact]"
678,229503,0,54615,114751,0.2380,"AGL(1,331)xF347:C173"
679,230181,0,32592,115090,0.1416,7x(97:96)diag+rot
680,230860,0,28920,115430,0.1253,"AGL(1,241)xF439:C73"
681,231540,0,76953,115770,0.3324,3x(227:226)diag+rot
682,232221,0,37733,116110,0.1625,"AGL(1,293)xF389:C97"
683,232903,1,232903,232903,1.0000,"AGL(1,683) [exact]"
684,233586,0,56616,116793,0.2424,"AGL(1,337)xF347:C173"
685,234270,0,46580,117135,0.1988,5x(137:136)diag+rot
686,234955,0,117306,117477,0.4993,2x(343:171)diag+rot
687,235641,0,26106,117820,0.1108,3x(229:228)diag
688,236328,0,32896,118164,0.1392,"AGL(1,431)xF257:C256"
689,237016,0,11691,118508,0.0493,"AGL(1,256)xF433:C27"
690,237705,0,58653,118852,0.2467,"AGL(1,343)xF347:C173"
691,238395,1,238395,238395,1.0000,"AGL(1,691) [exact]"
692,239086,0,18528,119543,0.0775,"AGL(1,193)xF499:C83"
693,239778,0,3916,119889,0.0163,"F89+(4q+1=173)+(10q+1=431),q=43"
694,240471,0,120062,120235,0.4993,2x(347:173)diag+rot
695,241165,0,47955,120582,0.1988,5x(139:138)diag+rot
696,241860,0,60031,120930,0.2482,"AGL(1,349)xF347:C173"
697,242556,0,13940,121278,0.0575,17x(41:40)diag+rot
698,243253,0,60726,121626,0.2496,2x(349:348)diag
699,243951,0,81084,121975,0.3324,3x(233:232)diag+rot
700,244650,0,60031,122325,0.2454,"AGL(1,353)xF347:C173"
701,245350,1,245350,245350,1.0000,"AGL(1,701) [exact]"
702,246051,0,58653,123025,0.2384,"AGL(1,343)xF359:C179"
703,246753,0,12654,123376,0.0513,19x(37:36)diag+rot
704,247456,0,22387,123728,0.0905,"AGL(1,337)xF367:C61"
705,248160,0,14368,124080,0.0579,"AGL(1,256)xF449:C64"
706,248865,0,62128,124432,0.2496,2x(353:352)diag
707,249571,0,35350,124785,0.1416,7x(101:100)diag+rot
708,250278,0,60726,125139,0.2426,"AGL(1,349)xF359:C179"
709,250986,1,250986,250986,1.0000,"AGL(1,709) [exact]"
710,251695,0,32047,125847,0.1273,"AGL(1,271)xF439:C73"
711,252405,0,5671,126202,0.0225,"F107+(4q+1=173)+(10q+1=431),q=43"
712,253116,0,62128,126558,0.2455,"AGL(1,353)xF359:C179"
713,253828,0,10695,126914,0.0421,23x(31:30)diag+rot
714,254541,0,60031,127270,0.2358,"AGL(1,367)xF347:C173"
715,255255,0,8128,127627,0.0318,"AGL(1,128)xF587:C293"
716,255970,0,32047,127985,0.1252,"AGL(1,277)xF439:C73"
717,256686,0,85323,128343,0.3324,3x(239:238)diag+rot
718,257403,0,128522,128701,0.4993,2x(359:179)diag+rot
719,258121,1,258121,258121,1.0000,"AGL(1,719) [exact]"
720,258840,0,64261,129420,0.2483,"AGL(1,361)xF359:C179"
721,259560,0,36771,129780,0.1417,7x(103:102)diag+rot
722,260281,0,64980,130140,0.2497,2x(361:360)diag
723,261003,0,32640,130501,0.1251,"AGL(1,256)xF467:C233"
724,261726,0,34453,130863,0.1316,"AGL(1,461)xF263:C131"
725,262450,0,8700,131225,0.0331,29x(25:24)diag+rot
726,263175,0,64261,131587,0.2442,"AGL(1,367)xF359:C179"
727,263901,1,263901,263901,1.0000,"AGL(1,727) [exact]"
728,264628,0,32047,132314,0.1211,"AGL(1,289)xF439:C73"
729,265356,1,265356,265356,1.0000,"AGL(1,729) [exact]"
730,266085,0,60031,133042,0.2256,"AGL(1,347)xF383:C191"
731,266815,0,15351,133407,0.0575,17x(43:42)diag+rot
732,267546,0,64261,133773,0.2402,"AGL(1,373)xF359:C179"
733,268278,1,268278,268278,1.0000,"AGL(1,733) [exact]"
734,269011,0,134322,134505,0.4993,2x(367:183)diag+rot
735,269745,0,32640,134872,0.1210,"AGL(1,256)xF479:C239"
736,270480,0,62128,135240,0.2297,"AGL(1,353)xF383:C191"
737,271216,0,8107,135608,0.0299,(67:11)wr11
738,271953,0,64261,135976,0.2363,"AGL(1,379)xF359:C179"
739,272691,1,272691,272691,1.0000,"AGL(1,739) [exact]"
740,273430,0,28920,136715,0.1058,"AGL(1,241)xF499:C83"
741,274170,0,8128,137085,0.0296,"AGL(1,128)xF613:C17"
742,274911,0,64261,137455,0.2338,"AGL(1,359)xF383:C191"
743,275653,1,275653,275653,1.0000,"AGL(1,743) [exact]"
744,276396,0,64980,138198,0.2351,"AGL(1,361)xF383:C191"
745,277140,0,55130,138570,0.1989,5x(149:148)diag+rot
746,277885,0,69378,138942,0.2497,2x(373:372)diag
747,278631,0,24059,139315,0.0863,"AGL(1,256)xF491:C49"
748,279378,0,64261,139689,0.2300,"AGL(1,389)xF359:C179"
749,280126,0,39697,140063,0.1417,7x(107:106)diag+rot
750,280875,0,67161,140437,0.2391,"AGL(1,367)xF383:C191"
751,281625,1,281625,281625,1.0000,"AGL(1,751) [exact]"
752,282376,0,32047,141188,0.1135,"AGL(1,313)xF439:C73"
753,283128,0,94125,141564,0.3324,3x(251:250)diag+rot
754,283881,0,34453,141940,0.1214,"AGL(1,491)xF263:C131"
755,284635,0,32640,142317,0.1147,"AGL(1,256)xF499:C83"
756,285390,0,69378,142695,0.2431,"AGL(1,373)xF383:C191"
757,286146,1,286146,286146,1.0000,"AGL(1,757) [exact]"
758,286903,0,143262,143451,0.4993,2x(379:189)diag+rot
759,287661,0,32640,143830,0.1135,"AGL(1,256)xF503:C251"
760,288420,0,64261,144210,0.2228,"AGL(1,401)xF359:C179"
761,289180,1,289180,289180,1.0000,"AGL(1,761) [exact]"
762,289941,0,71631,144970,0.2471,"AGL(1,379)xF383:C191"
763,290703,0,41202,145351,0.1417,7x(109:108)diag+rot
764,291466,0,38226,145733,0.1312,"AGL(1,277)xF487:C81"
765,292230,0,32640,146115,0.1117,"AGL(1,256)xF509:C127"
766,292995,0,146306,146497,0.4993,2x(383:191)diag+rot
767,293761,0,22243,146880,0.0757,13x(59:58)diag+rot
768,294528,0,64261,147264,0.2182,"AGL(1,409)xF359:C179"
769,295296,1,295296,295296,1.0000,"AGL(1,769) [exact]"
770,296065,0,39903,148032,0.1348,"AGL(1,283)xF487:C243"
771,296835,0,98688,148417,0.3325,3x(257:256)diag+rot
772,297606,0,73153,148803,0.2458,"AGL(1,389)xF383:C191"
773,298378,1,298378,298378,1.0000,"AGL(1,773) [exact]"
774,299151,0,46971,149575,0.1570,"AGL(1,307)xF467:C233"
775,299925,0,34453,149962,0.1149,"AGL(1,512)xF263:C131"
776,300700,0,41616,150350,0.1384,"AGL(1,289)xF487:C243"
777,301476,0,7439,150738,0.0247,"F173+(4q+1=173)+(10q+1=431),q=43"
778,302253,0,75466,151126,0.2497,2x(389:388)diag
779,303031,0,15580,151515,0.0514,19x(41:40)diag+rot
780,303810,0,73153,151905,0.2408,"AGL(1,397)xF383:C191"
781,304590,0,27335,152295,0.0897,11x(71:70)diag+rot
782,305371,0,39903,152685,0.1307,"AGL(1,283)xF499:C83"
783,306153,0,10179,153076,0.0332,29x(27:26)diag+rot
784,306936,0,73153,153468,0.2383,"AGL(1,401)xF383:C191"
785,307720,0,61230,153860,0.1990,5x(157:156)diag+rot
786,308505,0,60031,154252,0.1946,"AGL(1,439)xF347:C173"
787,309291,1,309291,309291,1.0000,"AGL(1,787) [exact]"
788,310078,0,41417,155039,0.1336,"AGL(1,289)xF499:C83"
789,310866,0,103359,155433,0.3325,3x(263:262)diag+rot
790,311655,0,64261,155827,0.2062,"AGL(1,431)xF359:C179"
791,312445,0,7750,156222,0.0248,"F125+(2q+1=167)+(6q+1=499),q=83"
792,313236,0,73153,156618,0.2335,"AGL(1,409)xF383:C191"
793,314028,0,23790,157014,0.0758,13x(61:60)diag+rot
794,314821,0,78606,157410,0.2497,2x(397:396)diag
795,315615,0,13301,157807,0.0421,"AGL(1,512)xF283:C47"
796,316410,0,60031,158205,0.1897,"AGL(1,449)xF347:C173"
797,317206,1,317206,317206,1.0000,"AGL(1,797) [exact]"
798,318003,0,64261,159001,0.2021,"AGL(1,439)xF359:C179"
799,318801,0,18377,159400,0.0576,17x(47:46)diag+rot
800,319600,0,48828,159800,0.1528,"AGL(1,313)xF487:C243"
801,320400,0,8128,160200,0.0254,"AGL(1,128)xF673:C32"
802,321201,0,80200,160600,0.2497,2x(401:400)diag
803,322003,0,28908,161001,0.0898,11x(73:72)diag+rot
804,322806,0,73153,161403,0.2266,"AGL(1,421)xF383:C191"
805,323610,0,21389,161805,0.0661,"AGL(1,512)xF293:C73"
806,324415,0,41417,162207,0.1277,"AGL(1,307)xF499:C83"
807,325221,0,108138,162610,0.3325,3x(269:268)diag+rot
808,326028,0,64261,163014,0.1971,"AGL(1,449)xF359:C179"
809,326836,1,326836,326836,1.0000,"AGL(1,809) [exact]"
810,327645,0,60031,163822,0.1832,"AGL(1,463)xF347:C173"
811,328455,1,328455,328455,1.0000,"AGL(1,811) [exact]"
812,329266,0,41417,164633,0.1258,"AGL(1,313)xF499:C83"
813,330078,0,36585,165039,0.1108,3x(271:270)diag
814,330891,0,73153,165445,0.2211,"AGL(1,431)xF383:C191"
815,331705,0,66015,165852,0.1990,5x(163:162)diag+rot
816,332520,0,73153,166260,0.2200,"AGL(1,433)xF383:C191"
817,333336,0,17157,166668,0.0515,19x(43:42)diag+rot
818,334153,0,83436,167076,0.2497,2x(409:408)diag
819,334971,0,32640,167485,0.0974,"AGL(1,256)xF563:C281"
820,335790,0,64261,167895,0.1914,"AGL(1,461)xF359:C179"
821,336610,1,336610,336610,1.0000,"AGL(1,821) [exact]"
822,337431,0,73153,168715,0.2168,"AGL(1,439)xF383:C191"
823,338253,1,338253,338253,1.0000,"AGL(1,823) [exact]"
824,339076,0,56616,169538,0.1670,"AGL(1,337)xF487:C243"
825,339900,0,32640,169950,0.0960,"AGL(1,256)xF569:C71"
826,340725,0,73153,170362,0.2147,"AGL(1,443)xF383:C191"
827,341551,1,341551,341551,1.0000,"AGL(1,827) [exact]"
828,342378,0,64980,171189,0.1898,"AGL(1,361)xF467:C233"
829,343206,1,343206,343206,1.0000,"AGL(1,829) [exact]"
830,344035,0,58653,172017,0.1705,"AGL(1,343)xF487:C243"
831,344865,0,38226,172432,0.1108,3x(277:276)diag
832,345696,0,73153,172848,0.2116,"AGL(1,449)xF383:C191"
833,346528,0,19992,173264,0.0577,17x(49:48)diag+rot
834,347361,0,67161,173680,0.1933,"AGL(1,367)xF467:C233"
835,348195,0,69305,174097,0.1990,5x(167:166)diag+rot
836,349030,0,60726,174515,0.1740,"AGL(1,349)xF487:C243"
837,349866,0,10881,174933,0.0311,31x(27:26)diag+rot
838,350703,0,175142,175351,0.4994,2x(419:209)diag+rot
839,351541,1,351541,351541,1.0000,"AGL(1,839) [exact]"
840,352380,0,73153,176190,0.2076,"AGL(1,457)xF383:C191"
841,353220,1,353220,353220,1.0000,"AGL(1,841) [exact]"
842,354061,0,88410,177030,0.2497,2x(421:420)diag
843,354903,0,118020,177451,0.3325,3x(281:280)diag+rot
844,355746,0,73153,177873,0.2056,"AGL(1,461)xF383:C191"
845,356590,0,70980,178295,0.1991,5x(169:168)diag+rot
846,357435,0,73153,178717,0.2047,"AGL(1,463)xF383:C191"
847,358281,0,50820,179140,0.1418,7x(121:120)diag+rot
848,359128,0,64980,179564,0.1809,"AGL(1,361)xF487:C243"
849,359976,0,39903,179988,0.1108,3x(283:282)diag
850,360825,0,73153,180412,0.2027,"AGL(1,383)xF467:C233"
851,361675,0,15318,180837,0.0424,23x(37:36)diag+rot
852,362526,0,69378,181263,0.1914,"AGL(1,373)xF479:C239"
853,363378,1,363378,363378,1.0000,"AGL(1,853) [exact]"
854,364231,0,67161,182115,0.1844,"AGL(1,367)xF487:C243"
855,365085,0,13777,182542,0.0377,"AGL(1,256)xF599:C23"
856,365940,0,75466,182970,0.2062,"AGL(1,389)xF467:C233"
857,366796,1,366796,366796,1.0000,"AGL(1,857) [exact]"
858,367653,0,71631,183826,0.1948,"AGL(1,379)xF479:C239"
859,368511,1,368511,368511,1.0000,"AGL(1,859) [exact]"
860,369370,0,69378,184685,0.1878,"AGL(1,373)xF487:C243"
861,370230,0,10121,185115,0.0273,"AGL(1,512)xF349:C29"
862,371091,0,185330,185545,0.4994,2x(431:215)diag+rot
863,371953,1,371953,371953,1.0000,"AGL(1,863) [exact]"
864,372816,0,78606,186408,0.2108,"AGL(1,397)xF467:C233"
865,373680,0,74390,186840,0.1991,5x(173:172)diag+rot
866,374545,0,93528,187272,0.2497,2x(433:432)diag
867,375411,0,41616,187705,0.1109,3x(289:288)diag
868,376278,0,80200,188139,0.2131,"AGL(1,401)xF467:C233"
869,377146,0,33891,188573,0.0899,11x(79:78)diag+rot
870,378015,0,73153,189007,0.1935,"AGL(1,383)xF487:C243"
871,378885,0,64261,189442,0.1696,"AGL(1,512)xF359:C179"
872,379756,0,41417,189878,0.1091,"AGL(1,373)xF499:C83"
873,380628,0,7439,190314,0.0195,"F269+(4q+1=173)+(10q+1=431),q=43"
874,381501,0,73153,190750,0.1918,"AGL(1,491)xF383:C191"
875,382375,0,54250,191187,0.1419,7x(125:124)diag+rot
876,383250,0,83436,191625,0.2177,"AGL(1,409)xF467:C233"
877,384126,1,384126,384126,1.0000,"AGL(1,877) [exact]"
878,385003,0,192282,192501,0.4994,2x(439:219)diag+rot
879,385881,0,128334,192940,0.3326,3x(293:292)diag+rot
880,386760,0,80200,193380,0.2074,"AGL(1,401)xF479:C239"
881,387640,1,387640,387640,1.0000,"AGL(1,881) [exact]"
882,388521,0,73153,194260,0.1883,"AGL(1,499)xF383:C191"
883,389403,1,389403,389403,1.0000,"AGL(1,883) [exact]"
884,390286,0,78606,195143,0.2014,"AGL(1,397)xF487:C243"
885,391170,0,11563,195585,0.0296,"AGL(1,512)xF373:C31"
886,392055,0,195806,196027,0.4994,2x(443:221)diag+rot
887,392941,1,392941,392941,1.0000,"AGL(1,887) [exact]"
888,393828,0,88410,196914,0.2245,"AGL(1,421)xF467:C233"
889,394716,0,13861,197358,0.0351,"F223+(2q+1=167)+(6q+1=499),q=83"
890,395605,0,39903,197802,0.1009,"AGL(1,283)xF607:C101"
891,396495,0,35640,198247,0.0899,11x(81:80)diag+rot
892,397386,0,75466,198693,0.1899,"AGL(1,389)xF503:C251"
893,398278,0,20539,199139,0.0516,19x(47:46)diag+rot
894,399171,0,60031,199585,0.1504,"AGL(1,547)xF347:C173"
895,400065,0,79655,200032,0.1991,5x(179:178)diag+rot
896,400960,0,83436,200480,0.2081,"AGL(1,409)xF487:C243"
897,401856,0,32640,200928,0.0812,"AGL(1,256)xF641:C128"
898,402753,0,100576,201376,0.2497,2x(449:448)diag
899,403651,0,32640,201825,0.0809,"AGL(1,256)xF643:C107"
900,404550,0,93528,202275,0.2312,"AGL(1,433)xF467:C233"
901,405450,0,37733,202725,0.0931,"AGL(1,512)xF389:C97"
902,406351,0,39903,203175,0.0982,"AGL(1,283)xF619:C103"
903,407253,0,12293,203626,0.0302,"AGL(1,256)xF647:C19"
904,408156,0,80200,204078,0.1965,"AGL(1,401)xF503:C251"
905,409060,0,16290,204530,0.0398,5x(181:180)diag
906,409965,0,96141,204982,0.2345,"AGL(1,439)xF467:C233"
907,410871,1,410871,410871,1.0000,"AGL(1,907) [exact]"
908,411778,0,88410,205889,0.2147,"AGL(1,421)xF487:C243"
909,412686,0,32640,206343,0.0791,"AGL(1,256)xF653:C163"
910,413595,0,97903,206797,0.2367,"AGL(1,443)xF467:C233"
911,414505,1,414505,414505,1.0000,"AGL(1,911) [exact]"
912,415416,0,93528,207708,0.2251,"AGL(1,433)xF479:C239"
913,416328,0,37433,208164,0.0899,11x(83:82)diag+rot
914,417241,0,104196,208620,0.2497,2x(457:456)diag
915,418155,0,30973,209077,0.0741,"AGL(1,256)xF659:C47"
916,419070,0,100576,209535,0.2400,"AGL(1,449)xF467:C233"
917,419986,0,59605,209993,0.1419,7x(131:130)diag+rot
918,420903,0,96141,210451,0.2284,"AGL(1,439)xF479:C239"
919,421821,1,421821,421821,1.0000,"AGL(1,919) [exact]"
920,422740,0,93528,211370,0.2212,"AGL(1,433)xF487:C243"
921,423660,0,46971,211830,0.1109,3x(307:306)diag
922,424581,0,106030,212290,0.2497,2x(461:460)diag
923,425503,0,32305,212751,0.0759,13x(71:70)diag+rot
924,426426,0,104196,213213,0.2443,"AGL(1,457)xF467:C233"
925,427350,0,18528,213675,0.0434,"F193+(4q+1=293)+(6q+1=439),q=73"
926,428275,0,213906,214137,0.4995,2x(463:231)diag+rot
927,429201,0,9641,214600,0.0225,"F243+(10q+1=311)+(12q+1=373),q=31"
928,430128,0,106030,215064,0.2465,"AGL(1,461)xF467:C233"
929,431056,1,431056,431056,1.0000,"AGL(1,929) [exact]"
930,431985,0,106953,215992,0.2476,"AGL(1,463)xF467:C233"
931,432915,0,22344,216457,0.0516,19x(49:48)diag+rot
932,433846,0,48828,216923,0.1125,"AGL(1,313)xF619:C103"
933,434778,0,144615,217389,0.3326,3x(311:310)diag+rot
934,435711,0,217622,217855,0.4995,2x(467:233)diag+rot
935,436645,0,13861,218322,0.0317,"F269+(2q+1=167)+(6q+1=499),q=83"
936,437580,0,104196,218790,0.2381,"AGL(1,457)xF479:C239"
937,438516,1,438516,438516,1.0000,"AGL(1,937) [exact]"
938,439453,0,54615,219726,0.1243,"AGL(1,331)xF607:C101"
939,440391,0,48828,220195,0.1109,3x(313:312)diag
940,441330,0,106030,220665,0.2403,"AGL(1,461)xF479:C239"
941,442270,1,442270,442270,1.0000,"AGL(1,941) [exact]"
942,443211,0,106953,221605,0.2413,"AGL(1,463)xF479:C239"
943,444153,0,21389,222076,0.0482,"F211+(4q+1=293)+(6q+1=439),q=73"
944,445096,0,104196,222548,0.2341,"AGL(1,457)xF487:C243"
945,446040,0,11691,223020,0.0262,"AGL(1,512)xF433:C27"
946,446985,0,108811,223492,0.2434,"AGL(1,467)xF479:C239"
947,447931,1,447931,447931,1.0000,"AGL(1,947) [exact]"
948,448878,0,106030,224439,0.2362,"AGL(1,461)xF487:C243"
949,449826,0,34164,224913,0.0759,13x(73:72)diag+rot
950,450775,0,106953,225387,0.2373,"AGL(1,463)xF487:C243"
951,451725,0,150258,225862,0.3326,3x(317:316)diag+rot
952,452676,0,100576,226338,0.2222,"AGL(1,449)xF503:C251"
953,453628,1,453628,453628,1.0000,"AGL(1,953) [exact]"
954,454581,0,108811,227290,0.2394,"AGL(1,467)xF487:C243"
955,455535,0,21389,227767,0.0470,"F223+(4q+1=293)+(6q+1=439),q=73"
956,456490,0,60726,228245,0.1330,"AGL(1,349)xF607:C101"
957,457446,0,17525,228723,0.0383,"AGL(1,256)xF701:C25"
958,458403,0,228962,229201,0.4995,2x(479:239)diag+rot
959,459361,0,65212,229680,0.1420,7x(137:136)diag+rot
960,460320,0,104196,230160,0.2264,"AGL(1,457)xF503:C251"
961,461280,1,461280,461280,1.0000,"AGL(1,961) [exact]"
962,462241,0,58653,231120,0.1269,"AGL(1,343)xF619:C103"
963,463203,0,7439,231601,0.0161,"F359+(4q+1=173)+(10q+1=431),q=43"
964,464166,0,106030,232083,0.2284,"AGL(1,461)xF503:C251"
965,465130,0,92640,232565,0.1992,5x(193:192)diag+rot
966,466095,0,114481,233047,0.2456,"AGL(1,479)xF487:C243"
967,467061,1,467061,467061,1.0000,"AGL(1,967) [exact]"
968,468028,0,61307,234014,0.1310,"AGL(1,361)xF607:C101"
969,468996,0,8683,234498,0.0185,"AGL(1,512)xF457:C19"
970,469965,0,114481,234982,0.2436,"AGL(1,491)xF479:C239"
971,470935,1,470935,470935,1.0000,"AGL(1,971) [exact]"
972,471906,0,83436,235953,0.1768,"AGL(1,409)xF563:C281"
973,472878,0,67137,236439,0.1420,7x(139:138)diag+rot
974,473851,0,236682,236925,0.4995,2x(487:243)diag+rot
975,474825,0,32640,237412,0.0687,"AGL(1,256)xF719:C359"
976,475800,0,108811,237900,0.2287,"AGL(1,509)xF467:C233"
977,476776,1,476776,476776,1.0000,"AGL(1,977) [exact]"
978,477753,0,118341,238876,0.2477,"AGL(1,491)xF487:C243"
979,478731,0,108811,239365,0.2273,"AGL(1,512)xF467:C233"
980,479710,0,63757,239855,0.1329,"AGL(1,361)xF619:C103"
981,480690,0,8128,240345,0.0169,"AGL(1,128)xF853:C71"
982,481671,0,240590,240835,0.4995,2x(491:245)diag+rot
983,482653,1,482653,482653,1.0000,"AGL(1,983) [exact]"
984,483636,0,88410,241818,0.1828,"AGL(1,421)xF563:C281"
985,484620,0,96530,242310,0.1992,5x(197:196)diag+rot
986,485605,0,118341,242802,0.2437,"AGL(1,499)xF487:C243"
987,486591,0,8128,243295,0.0167,"AGL(1,128)xF859:C11"
988,487578,0,114481,243789,0.2348,"AGL(1,509)xF479:C239"
989,488566,0,32640,244283,0.0668,"AGL(1,256)xF733:C61"
990,489555,0,118341,244777,0.2417,"AGL(1,487)xF503:C251"
991,490545,1,490545,490545,1.0000,"AGL(1,991) [exact]"
992,491536,0,63757,245768,0.1297,"AGL(1,373)xF619:C103"
993,492528,0,54615,246264,0.1109,3x(331:330)diag
994,493521,0,120295,246760,0.2437,"AGL(1,491)xF503:C251"
995,494515,0,98505,247257,0.1992,5x(199:198)diag+rot
996,495510,0,118341,247755,0.2388,"AGL(1,509)xF487:C243"
997,496506,1,496506,496506,1.0000,"AGL(1,997) [exact]"
998,497503,0,248502,248751,0.4995,2x(499:249)diag+rot
999,498501,0,118341,249250,0.2374,"AGL(1,512)xF487:C243"
1000,499500,0,114481,249750,0.2292,"AGL(1,521)xF479:C239"
1001,500500,0,21389,250250,0.0427,"F269+(4q+1=293)+(6q+1=439),q=73"
1002,501501,0,124251,250750,0.2478,"AGL(1,499)xF503:C251"
1003,502503,0,29087,251251,0.0579,17x(59:58)diag+rot
1004,503506,0,64980,251753,0.1291,"AGL(1,361)xF643:C107"
1005,504510,0,8128,252255,0.0161,"AGL(1,128)xF877:C73"
1006,505515,0,252506,252757,0.4995,2x(503:251)diag+rot
1007,506521,0,32640,253260,0.0644,"AGL(1,256)xF751:C125"
1008,507528,0,118341,253764,0.2332,"AGL(1,521)xF487:C243"
1009,508536,1,508536,508536,1.0000,"AGL(1,1009) [exact]"
1010,509545,0,118341,254772,0.2322,"AGL(1,523)xF487:C243"
1011,510555,0,56616,255277,0.1109,3x(337:336)diag
1012,511566,0,126253,255783,0.2468,"AGL(1,509)xF503:C251"
1013,512578,1,512578,512578,1.0000,"AGL(1,1013) [exact]"
1014,513591,0,108811,256795,0.2119,"AGL(1,547)xF467:C233"
1015,514605,0,126253,257302,0.2453,"AGL(1,512)xF503:C251"
1016,515620,0,118341,257810,0.2295,"AGL(1,529)xF487:C243"
1017,516636,0,14459,258318,0.0280,"AGL(1,256)xF761:C19"
1018,517653,0,129286,258826,0.2498,2x(509:508)diag
1019,518671,1,518671,518671,1.0000,"AGL(1,1019) [exact]"
1020,519690,0,114481,259845,0.2203,"AGL(1,541)xF479:C239"
1021,520710,1,520710,520710,1.0000,"AGL(1,1021) [exact]"
1022,521731,0,68801,260865,0.1319,"AGL(1,379)xF643:C107"
1023,522753,0,10121,261376,0.0194,"F151+(12q+1=349)+(18q+1=523),q=29"
1024,523776,1,523776,523776,1.0000,"AGL(1,1024) [exact]"
1025,524800,0,32640,262400,0.0622,"AGL(1,256)xF769:C128"
1026,525825,0,126253,262912,0.2401,"AGL(1,523)xF503:C251"
1027,526851,0,13861,263425,0.0263,"F361+(2q+1=167)+(6q+1=499),q=83"
1028,527878,0,118341,263939,0.2242,"AGL(1,541)xF487:C243"
1029,528906,0,58653,264453,0.1109,3x(343:342)diag
1030,529935,0,108811,264967,0.2053,"AGL(1,467)xF563:C281"
1031,530965,1,530965,530965,1.0000,"AGL(1,1031) [exact]"
1032,531996,0,126253,265998,0.2373,"AGL(1,529)xF503:C251"
1033,533028,1,533028,533028,1.0000,"AGL(1,1033) [exact]"
1034,534061,0,118341,267030,0.2216,"AGL(1,547)xF487:C243"
1035,535095,0,15167,267547,0.0283,"AGL(1,512)xF523:C29"
1036,536130,0,114481,268065,0.2135,"AGL(1,557)xF479:C239"
1037,537166,0,31110,268583,0.0579,17x(61:60)diag+rot
1038,538203,0,108811,269101,0.2022,"AGL(1,571)xF467:C233"
1039,539241,1,539241,539241,1.0000,"AGL(1,1039) [exact]"
1040,540280,0,68801,270140,0.1273,"AGL(1,397)xF643:C107"
1041,541320,0,180093,270660,0.3327,3x(347:346)diag+rot
1042,542361,0,135460,271180,0.2498,2x(521:520)diag
1043,543403,0,77182,271701,0.1420,7x(149:148)diag+rot
1044,544446,0,126253,272223,0.2319,"AGL(1,541)xF503:C251"
1045,545490,0,21389,272745,0.0392,"F313+(4q+1=293)+(6q+1=439),q=73"
1046,546535,0,273006,273267,0.4995,2x(523:261)diag+rot
1047,547581,0,60726,273790,0.1109,3x(349:348)diag
1048,548628,0,114481,274314,0.2087,"AGL(1,569)xF479:C239"
1049,549676,1,549676,549676,1.0000,"AGL(1,1049) [exact]"
1050,550725,0,126253,275362,0.2292,"AGL(1,547)xF503:C251"
1051,551775,1,551775,551775,1.0000,"AGL(1,1051) [exact]"
1052,552826,0,68801,276413,0.1245,"AGL(1,409)xF643:C107"
1053,553878,0,42120,276939,0.0760,13x(81:80)diag+rot
1054,554931,0,120295,277465,0.2168,"AGL(1,491)xF563:C281"
1055,555985,0,22155,277992,0.0398,5x(211:210)diag
1056,557040,0,118341,278520,0.2124,"AGL(1,569)xF487:C243"
1057,558096,0,79275,279048,0.1420,7x(151:150)diag+rot
1058,559153,0,139656,279576,0.2498,2x(529:528)diag
1059,560211,0,186384,280105,0.3327,3x(353:352)diag+rot
1060,561270,0,126253,280635,0.2249,"AGL(1,557)xF503:C251"
1061,562330,1,562330,562330,1.0000,"AGL(1,1061) [exact]"
1062,563391,0,124251,281695,0.2205,"AGL(1,499)xF563:C281"
1063,564453,1,564453,564453,1.0000,"AGL(1,1063) [exact]"
1064,565516,0,118341,282758,0.2093,"AGL(1,577)xF487:C243"
1065,566580,0,32640,283290,0.0576,"AGL(1,256)xF809:C101"
1066,567645,0,126253,283822,0.2224,"AGL(1,503)xF563:C281"
1067,568711,0,51216,284355,0.0901,11x(97:96)diag+rot
1068,569778,0,108811,284889,0.1910,"AGL(1,601)xF467:C233"
1069,570846,1,570846,570846,1.0000,"AGL(1,1069) [exact]"
1070,571915,0,61307,285957,0.1072,"AGL(1,463)xF607:C101"
1071,572985,0,10121,286492,0.0177,"F199+(12q+1=349)+(18q+1=523),q=29"
1072,574056,0,129286,287028,0.2252,"AGL(1,509)xF563:C281"
1073,575128,0,19314,287564,0.0336,29x(37:36)diag+rot
1074,576201,0,126253,288100,0.2191,"AGL(1,571)xF503:C251"
1075,577275,0,130816,288637,0.2266,"AGL(1,512)xF563:C281"
1076,578350,0,68801,289175,0.1190,"AGL(1,433)xF643:C107"
1077,579426,0,192783,289713,0.3327,3x(359:358)diag+rot
1078,580503,0,120295,290251,0.2072,"AGL(1,491)xF587:C293"
1079,581581,0,44239,290790,0.0761,13x(83:82)diag+rot
1080,582660,0,126253,291330,0.2167,"AGL(1,577)xF503:C251"
1081,583740,0,40399,291870,0.0692,"AGL(1,512)xF569:C71"
1082,584821,0,146070,292410,0.2498,2x(541:540)diag
1083,585903,0,64980,292951,0.1109,3x(361:360)diag
1084,586986,0,135460,293493,0.2308,"AGL(1,521)xF563:C281"
1085,588070,0,21389,294035,0.0364,"F353+(4q+1=293)+(6q+1=439),q=73"
1086,589155,0,136503,294577,0.2317,"AGL(1,523)xF563:C281"
1087,590241,1,590241,590241,1.0000,"AGL(1,1087) [exact]"
1088,591328,0,118341,295664,0.2001,"AGL(1,601)xF487:C243"
1089,592416,0,18464,296208,0.0312,"AGL(1,512)xF577:C64"
1090,593505,0,126253,296752,0.2127,"AGL(1,503)xF587:C293"
1091,594595,1,594595,594595,1.0000,"AGL(1,1091) [exact]"
1092,595686,0,139656,297843,0.2344,"AGL(1,529)xF563:C281"
1093,596778,1,596778,596778,1.0000,"AGL(1,1093) [exact]"
1094,597871,0,298662,298935,0.4995,2x(547:273)diag+rot
1095,598965,0,32640,299482,0.0545,"AGL(1,256)xF839:C419"
1096,600060,0,129286,300030,0.2155,"AGL(1,509)xF587:C293"
1097,601156,1,601156,601156,1.0000,"AGL(1,1097) [exact]"
1098,602253,0,114481,301126,0.1901,"AGL(1,619)xF479:C239"
1099,603351,0,130816,301675,0.2168,"AGL(1,512)xF587:C293"
1100,604450,0,118341,302225,0.1958,"AGL(1,613)xF487:C243"
1101,605550,0,67161,302775,0.1109,3x(367:366)diag
1102,606651,0,126253,303325,0.2081,"AGL(1,599)xF503:C251"
1103,607753,1,607753,607753,1.0000,"AGL(1,1103) [exact]"
1104,608856,0,146070,304428,0.2399,"AGL(1,541)xF563:C281"
1105,609960,0,21941,304980,0.0360,"AGL(1,512)xF593:C37"
1106,611065,0,118341,305532,0.1937,"AGL(1,619)xF487:C243"
1107,612171,0,14391,306085,0.0235,41x(27:26)diag+rot
1108,613278,0,135460,306639,0.2209,"AGL(1,521)xF587:C293"
1109,614386,1,614386,614386,1.0000,"AGL(1,1109) [exact]"
1110,615495,0,149331,307747,0.2426,"AGL(1,547)xF563:C281"
1111,616605,0,55550,308302,0.0901,11x(101:100)diag+rot
1112,617716,0,118341,308858,0.1916,"AGL(1,625)xF487:C243"
1113,618828,0,32640,309414,0.0527,"AGL(1,256)xF857:C107"
1114,619941,0,154846,309970,0.2498,2x(557:556)diag
1115,621055,0,123765,310527,0.1993,5x(223:222)diag+rot
1116,622170,0,139656,311085,0.2245,"AGL(1,529)xF587:C293"
1117,623286,1,623286,623286,1.0000,"AGL(1,1117) [exact]"
1118,624403,0,118341,312201,0.1895,"AGL(1,631)xF487:C243"
1119,625521,0,69378,312760,0.1109,3x(373:372)diag
1120,626640,0,154846,313320,0.2471,"AGL(1,557)xF563:C281"
1121,627760,0,32509,313880,0.0518,19x(59:58)diag+rot
1122,628881,0,126253,314440,0.2008,"AGL(1,619)xF503:C251"
1123,630003,1,630003,630003,1.0000,"AGL(1,1123) [exact]"
1124,631126,0,78606,315563,0.1245,"AGL(1,397)xF727:C121"
1125,632250,0,10421,316125,0.0165,"AGL(1,512)xF613:C17"
1126,633375,0,316406,316687,0.4996,2x(563:281)diag+rot
1127,634501,0,27048,317250,0.0426,23x(49:48)diag+rot
1128,635628,0,146070,317814,0.2298,"AGL(1,541)xF587:C293"
1129,636756,1,636756,636756,1.0000,"AGL(1,1129) [exact]"
1130,637885,0,118341,318942,0.1855,"AGL(1,643)xF487:C243"
1131,639015,0,63757,319507,0.0998,"AGL(1,512)xF619:C103"
1132,640146,0,158203,320073,0.2471,"AGL(1,569)xF563:C281"
1133,641278,0,57783,320639,0.0901,11x(103:102)diag+rot
1134,642411,0,158203,321205,0.2463,"AGL(1,571)xF563:C281"
1135,643545,0,128255,321772,0.1993,5x(227:226)diag+rot
1136,644680,0,83436,322340,0.1294,"AGL(1,409)xF727:C121"
1137,645816,0,71631,322908,0.1109,3x(379:378)diag
1138,646953,0,161596,323476,0.2498,2x(569:568)diag
1139,648091,0,37587,324045,0.0580,17x(67:66)diag+rot
1140,649230,0,158203,324615,0.2437,"AGL(1,577)xF563:C281"
1141,650370,0,92421,325185,0.1421,7x(163:162)diag+rot
1142,651511,0,325470,325755,0.4996,2x(571:285)diag+rot
1143,652653,0,32640,326326,0.0500,"AGL(1,256)xF887:C443"
1144,653796,0,154846,326898,0.2368,"AGL(1,557)xF587:C293"
1145,654940,0,130530,327470,0.1993,5x(229:228)diag+rot
1146,656085,0,126253,328042,0.1924,"AGL(1,643)xF503:C251"
1147,657231,0,20646,328615,0.0314,31x(37:36)diag+rot
1148,658378,0,118341,329189,0.1797,"AGL(1,661)xF487:C243"
1149,659526,0,219459,329763,0.3328,3x(383:382)diag+rot
1150,660675,0,158203,330337,0.2395,"AGL(1,563)xF587:C293"
1151,661825,1,661825,661825,1.0000,"AGL(1,1151) [exact]"
1152,662976,0,114481,331488,0.1727,"AGL(1,673)xF479:C239"
1153,664128,1,664128,664128,1.0000,"AGL(1,1153) [exact]"
1154,665281,0,166176,332640,0.2498,2x(577:576)diag
1155,666435,0,68801,333217,0.1032,"AGL(1,512)xF643:C107"
1156,667590,0,161596,333795,0.2421,"AGL(1,569)xF587:C293"
1157,668746,0,50908,334373,0.0761,13x(89:88)diag+rot
1158,669903,0,162735,334951,0.2429,"AGL(1,571)xF587:C293"
1159,671061,0,34770,335530,0.0518,19x(61:60)diag+rot
1160,672220,0,118341,336110,0.1760,"AGL(1,673)xF487:C243"
1161,673380,0,15093,336690,0.0224,43x(27:26)diag+rot
1162,674541,0,158203,337270,0.2345,"AGL(1,599)xF563:C281"
1163,675703,1,675703,675703,1.0000,"AGL(1,1163) [exact]"
1164,676866,0,166176,338433,0.2455,"AGL(1,577)xF587:C293"
1165,678030,0,135140,339015,0.1993,5x(233:232)diag+rot
1166,679195,0,87967,339597,0.1295,"AGL(1,439)xF727:C121"
1167,680361,0,226398,340180,0.3328,3x(389:388)diag+rot
1168,681528,0,114413,340764,0.1679,"AGL(1,491)xF677:C169"
1169,682696,0,97027,341348,0.1421,7x(167:166)diag+rot
1170,683865,0,158203,341932,0.2313,"AGL(1,607)xF563:C281"
1171,685035,1,685035,685035,1.0000,"AGL(1,1171) [exact]"
1172,686206,0,88410,343103,0.1288,"AGL(1,421)xF751:C125"
1173,687378,0,9641,343689,0.0140,"F179+(10q+1=311)+(22q+1=683),q=31"
1174,688551,0,343982,344275,0.4996,2x(587:293)diag+rot
1175,689725,0,24813,344862,0.0360,"AGL(1,256)xF919:C27"
1176,690900,0,158203,345450,0.2290,"AGL(1,613)xF563:C281"
1177,692076,0,62381,346038,0.0901,11x(107:106)diag+rot
1178,693253,0,118341,346626,0.1707,"AGL(1,691)xF487:C243"
1179,694431,0,10121,347215,0.0146,"F307+(12q+1=349)+(18q+1=523),q=29"
1180,695610,0,171991,347805,0.2473,"AGL(1,593)xF587:C293"
1181,696790,1,696790,696790,1.0000,"AGL(1,1181) [exact]"
1182,697971,0,158203,348985,0.2267,"AGL(1,619)xF563:C281"
1183,699153,0,14196,349576,0.0203,7x(169:168)diag
1184,700336,0,93528,350168,0.1335,"AGL(1,433)xF751:C125"
1185,701520,0,26941,350760,0.0384,"AGL(1,256)xF929:C29"
1186,702705,0,175528,351352,0.2498,2x(593:592)diag
1187,703891,1,703891,703891,1.0000,"AGL(1,1187) [exact]"
1188,705078,0,171991,352539,0.2439,"AGL(1,601)xF587:C293"
1189,706266,0,114413,353133,0.1620,"AGL(1,512)xF677:C169"
1190,707455,0,93875,353727,0.1327,"AGL(1,439)xF751:C125"
1191,708645,0,78606,354322,0.1109,3x(397:396)diag
1192,709836,0,87571,354918,0.1234,"AGL(1,419)xF773:C193"
1193,711028,1,711028,711028,1.0000,"AGL(1,1193) [exact]"
1194,712221,0,171991,356110,0.2415,"AGL(1,607)xF587:C293"
1195,713415,0,142205,356707,0.1993,5x(239:238)diag+rot
1196,714610,0,118341,357305,0.1656,"AGL(1,709)xF487:C243"
1197,715806,0,32640,357903,0.0456,"AGL(1,256)xF941:C47"
1198,717003,0,358202,358501,0.4996,2x(599:299)diag+rot
1199,718201,0,64746,359100,0.0902,11x(109:108)diag+rot
1200,719400,0,171991,359700,0.2391,"AGL(1,613)xF587:C293"
1201,720600,1,720600,720600,1.0000,"AGL(1,1201) [exact]"
1202,721801,0,180300,360900,0.2498,2x(601:600)diag
1203,723003,0,240600,361501,0.3328,3x(401:400)diag+rot
1204,724206,0,171991,362103,0.2375,"AGL(1,617)xF587:C293"
1205,725410,0,28920,362705,0.0399,5x(241:240)diag
1206,726615,0,171991,363307,0.2367,"AGL(1,619)xF587:C293"
1207,727821,0,42245,363910,0.0580,17x(71:70)diag+rot
1208,729028,0,114481,364514,0.1570,"AGL(1,729)xF479:C239"
1209,730236,0,16201,365118,0.0222,"AGL(1,256)xF953:C17"
1210,731445,0,158203,365722,0.2163,"AGL(1,647)xF563:C281"
1211,732655,0,104146,366327,0.1421,7x(173:172)diag+rot
1212,733866,0,171991,366933,0.2344,"AGL(1,625)xF587:C293"
1213,735078,1,735078,735078,1.0000,"AGL(1,1213) [exact]"
1214,736291,0,367842,368145,0.4996,2x(607:303)diag+rot
1215,737505,0,147015,368752,0.1993,5x(243:242)diag+rot
1216,738720,0,158203,369360,0.2142,"AGL(1,653)xF563:C281"
1217,739936,1,739936,739936,1.0000,"AGL(1,1217) [exact]"
1218,741153,0,171991,370576,0.2321,"AGL(1,631)xF587:C293"
1219,742371,0,31694,371185,0.0427,23x(53:52)diag+rot
1220,743590,0,118341,371795,0.1591,"AGL(1,733)xF487:C243"
1221,744810,0,41831,372405,0.0562,"AGL(1,512)xF709:C59"
1222,746031,0,158203,373015,0.2121,"AGL(1,659)xF563:C281"
1223,747253,1,747253,747253,1.0000,"AGL(1,1223) [exact]"
1224,748476,0,158203,374238,0.2114,"AGL(1,661)xF563:C281"
1225,749700,0,13301,374850,0.0177,"F283+(6q+1=283)+(14q+1=659),q=47"
1226,750925,0,187578,375462,0.2498,2x(613:612)diag
1227,752151,0,83436,376075,0.1109,3x(409:408)diag
1228,753378,0,171991,376689,0.2283,"AGL(1,641)xF587:C293"
1229,754606,1,754606,754606,1.0000,"AGL(1,1229) [exact]"
1230,755835,0,171991,377917,0.2276,"AGL(1,643)xF587:C293"
1231,757065,1,757065,757065,1.0000,"AGL(1,1231) [exact]"
1232,758296,0,126253,379148,0.1665,"AGL(1,729)xF503:C251"
1233,759528,0,32640,379764,0.0430,"AGL(1,256)xF977:C61"
1234,760761,0,190036,380380,0.2498,2x(617:616)diag
1235,761995,0,21389,380997,0.0281,"F503+(4q+1=293)+(6q+1=439),q=73"
1236,763230,0,158203,381615,0.2073,"AGL(1,673)xF563:C281"
1237,764466,1,764466,764466,1.0000,"AGL(1,1237) [exact]"
1238,765703,0,382542,382851,0.4996,2x(619:309)diag+rot
1239,766941,0,87967,383470,0.1147,"AGL(1,512)xF727:C121"
1240,768180,0,171991,384090,0.2239,"AGL(1,653)xF587:C293"
1241,769420,0,44676,384710,0.0581,17x(73:72)diag+rot
1242,770661,0,136503,385330,0.1771,"AGL(1,523)xF719:C359"
1243,771903,0,69608,385951,0.0902,11x(113:112)diag+rot
1244,773146,0,118341,386573,0.1531,"AGL(1,757)xF487:C243"
1245,774390,0,44713,387195,0.0577,"AGL(1,512)xF733:C61"
1246,775635,0,171991,387817,0.2217,"AGL(1,659)xF587:C293"
1247,776881,0,26187,388440,0.0337,29x(43:42)diag+rot
1248,778128,0,171991,389064,0.2210,"AGL(1,661)xF587:C293"
1249,779376,1,779376,779376,1.0000,"AGL(1,1249) [exact]"
1250,780625,0,195000,390312,0.2498,2x(625:624)diag
1251,781875,0,30299,390937,0.0388,"AGL(1,512)xF739:C41"
1252,783126,0,114481,391563,0.1462,"AGL(1,479)xF773:C193"
1253,784378,0,111517,392189,0.1422,7x(179:178)diag+rot
1254,785631,0,158203,392815,0.2014,"AGL(1,691)xF563:C281"
1255,786885,0,156875,393442,0.1994,(251:125)wr5
1256,788140,0,118341,394070,0.1502,"AGL(1,769)xF487:C243"
1257,789396,0,262713,394698,0.3328,3x(419:418)diag+rot
1258,790653,0,106030,395326,0.1341,"AGL(1,461)xF797:C199"
1259,791911,1,791911,791911,1.0000,"AGL(1,1259) [exact]"
1260,793170,0,171991,396585,0.2168,"AGL(1,673)xF587:C293"
1261,794430,0,60528,397215,0.0762,13x(97:96)diag+rot
1262,795691,0,397530,397845,0.4996,2x(631:315)diag+rot
1263,796953,0,93875,398476,0.1178,"AGL(1,512)xF751:C125"
1264,798216,0,171991,399108,0.2155,"AGL(1,677)xF587:C293"
1265,799480,0,13861,399740,0.0173,"F599+(2q+1=167)+(6q+1=499),q=83"
1266,800745,0,149331,400372,0.1865,"AGL(1,547)xF719:C359"
1267,802011,0,114030,401005,0.1422,7x(181:180)diag+rot
1268,803278,0,98432,401639,0.1225,"AGL(1,499)xF769:C256"
1269,804546,0,23299,402273,0.0290,"AGL(1,256)xF1013:C23"
1270,805815,0,171991,402907,0.2134,"AGL(1,683)xF587:C293"
1271,807085,0,25420,403542,0.0315,31x(41:40)diag+rot
1272,808356,0,158203,404178,0.1957,"AGL(1,709)xF563:C281"
1273,809628,0,42009,404814,0.0519,19x(67:66)diag+rot
1274,810901,0,118341,405450,0.1459,"AGL(1,787)xF487:C243"
1275,812175,0,32640,406087,0.0402,"AGL(1,256)xF1019:C509"
1276,813450,0,154846,406725,0.1904,"AGL(1,557)xF719:C359"
1277,814726,1,814726,814726,1.0000,"AGL(1,1277) [exact]"
1278,816003,0,171991,408001,0.2108,"AGL(1,691)xF587:C293"
1279,817281,1,817281,817281,1.0000,"AGL(1,1279) [exact]"
1280,818560,0,104196,409280,0.1273,"AGL(1,457)xF823:C137"
1281,819840,0,98432,409920,0.1201,"AGL(1,512)xF769:C256"
1282,821121,0,205120,410560,0.2498,2x(641:640)diag
1283,822403,1,822403,822403,1.0000,"AGL(1,1283) [exact]"
1284,823686,0,118341,411843,0.1437,"AGL(1,487)xF797:C199"
1285,824970,0,164480,412485,0.1994,5x(257:256)diag+rot
1286,826255,0,412806,413127,0.4996,2x(643:321)diag+rot
1287,827541,0,34453,413770,0.0416,"AGL(1,1024)xF263:C131"
1288,828828,0,171991,414414,0.2075,"AGL(1,701)xF587:C293"
1289,830116,1,830116,830116,1.0000,"AGL(1,1289) [exact]"
1290,831405,0,162735,415702,0.1957,"AGL(1,571)xF719:C359"
1291,832695,1,832695,832695,1.0000,"AGL(1,1291) [exact]"
1292,833986,0,158203,416993,0.1897,"AGL(1,729)xF563:C281"
1293,835278,0,277995,417639,0.3328,3x(431:430)diag+rot
1294,836571,0,417962,418285,0.4996,2x(647:323)diag+rot
1295,837865,0,32640,418932,0.0390,"AGL(1,256)xF1039:C173"
1296,839160,0,171991,419580,0.2050,"AGL(1,709)xF587:C293"
1297,840456,1,840456,840456,1.0000,"AGL(1,1297) [exact]"
1298,841753,0,118341,420876,0.1406,"AGL(1,811)xF487:C243"
1299,843051,0,103097,421525,0.1223,"AGL(1,512)xF787:C131"
1300,844350,0,126253,422175,0.1495,"AGL(1,503)xF797:C199"
1301,845650,1,845650,845650,1.0000,"AGL(1,1301) [exact]"
1302,846951,0,158203,423475,0.1868,"AGL(1,739)xF563:C281"
1303,848253,1,848253,848253,1.0000,"AGL(1,1303) [exact]"
1304,849556,0,87967,424778,0.1035,"AGL(1,577)xF727:C121"
1305,850860,0,32640,425430,0.0384,"AGL(1,256)xF1049:C131"
1306,852165,0,212878,426082,0.2498,2x(653:652)diag
1307,853471,1,853471,853471,1.0000,"AGL(1,1307) [exact]"
1308,854778,0,118341,427389,0.1384,"AGL(1,821)xF487:C243"
1309,856086,0,130816,428043,0.1528,"AGL(1,512)xF797:C199"
1310,857395,0,118341,428697,0.1380,"AGL(1,823)xF487:C243"
1311,858705,0,22155,429352,0.0258,"F211+(6q+1=367)+(12q+1=733),q=61"
1312,860016,0,175528,430008,0.2041,"AGL(1,593)xF719:C359"
1313,861328,0,65650,430664,0.0762,13x(101:100)diag+rot
1314,862641,0,171991,431320,0.1994,"AGL(1,727)xF587:C293"
1315,863955,0,172265,431977,0.1994,5x(263:262)diag+rot
1316,865270,0,171991,432635,0.1988,"AGL(1,729)xF587:C293"
1317,866586,0,96141,433293,0.1109,3x(439:438)diag
1318,867903,0,433622,433951,0.4996,2x(659:329)diag+rot
1319,869221,1,869221,869221,1.0000,"AGL(1,1319) [exact]"
1320,870540,0,180300,435270,0.2071,"AGL(1,601)xF719:C359"
1321,871860,1,871860,871860,1.0000,"AGL(1,1321) [exact]"
1322,873181,0,218130,436590,0.2498,2x(661:660)diag
1323,874503,0,65691,437251,0.0751,"AGL(1,512)xF811:C81"
1324,875826,0,158203,437913,0.1806,"AGL(1,761)xF563:C281"
1325,877150,0,32640,438575,0.0372,"AGL(1,256)xF1069:C89"
1326,878475,0,183921,439237,0.2094,"AGL(1,607)xF719:C359"
1327,879801,1,879801,879801,1.0000,"AGL(1,1327) [exact]"
1328,881128,0,118341,440564,0.1343,"AGL(1,841)xF487:C243"
1329,882456,0,293709,441228,0.3328,3x(443:442)diag+rot
1330,883785,0,171991,441892,0.1946,"AGL(1,743)xF587:C293"
1331,885115,1,885115,885115,1.0000,"AGL(1,1331) [exact]"
1332,886446,0,187578,443223,0.2116,"AGL(1,613)xF719:C359"
1333,887778,0,34453,443889,0.0388,"F283+(2q+1=263)+(6q+1=787),q=131"
1334,889111,0,103097,444555,0.1160,"AGL(1,547)xF787:C131"
1335,890445,0,112751,445222,0.1266,"AGL(1,512)xF823:C137"
1336,891780,0,190036,445890,0.2131,"AGL(1,617)xF719:C359"
1337,893116,0,127015,446558,0.1422,7x(191:190)diag+rot
1338,894453,0,191271,447226,0.2138,"AGL(1,619)xF719:C359"
1339,895791,0,68289,447895,0.0762,13x(103:102)diag+rot
1340,897130,0,118341,448565,0.1319,"AGL(1,853)xF487:C243"
1341,898470,0,25043,449235,0.0279,"AGL(1,1024)xF317:C79"
1342,899811,0,149189,449905,0.1658,"AGL(1,569)xF773:C193"
1343,901153,0,52377,450576,0.0581,17x(79:78)diag+rot
1344,902496,0,195000,451248,0.2161,"AGL(1,625)xF719:C359"
1345,903840,0,180230,451920,0.1994,5x(269:268)diag+rot
1346,905185,0,226128,452592,0.2498,2x(673:672)diag
1347,906531,0,301728,453265,0.3328,3x(449:448)diag+rot
1348,907878,0,171991,453939,0.1894,"AGL(1,761)xF587:C293"
1349,909226,0,47215,454613,0.0519,19x(71:70)diag+rot
1350,910575,0,198765,455287,0.2183,"AGL(1,631)xF719:C359"
1351,911925,0,130816,455962,0.1435,"AGL(1,512)xF839:C419"
1352,913276,0,112751,456638,0.1235,"AGL(1,529)xF823:C137"
1353,914628,0,32640,457314,0.0357,"AGL(1,256)xF1097:C137"
1354,915981,0,228826,457990,0.2498,2x(677:676)diag
1355,917335,0,36585,458667,0.0399,5x(271:270)diag
1356,918690,0,171991,459345,0.1872,"AGL(1,769)xF587:C293"
1357,920046,0,39353,460023,0.0428,23x(59:58)diag+rot
1358,921403,0,103097,460701,0.1119,"AGL(1,571)xF787:C131"
1359,922761,0,31987,461380,0.0347,"AGL(1,256)xF1103:C29"
1360,924120,0,205120,462060,0.2220,"AGL(1,641)xF719:C359"
1361,925480,1,925480,925480,1.0000,"AGL(1,1361) [exact]"
1362,926841,0,206403,463420,0.2227,"AGL(1,643)xF719:C359"
1363,928203,0,34453,464101,0.0371,"F313+(2q+1=263)+(6q+1=787),q=131"
1364,929566,0,118341,464783,0.1273,"AGL(1,877)xF487:C243"
1365,930930,0,60563,465465,0.0651,"AGL(1,512)xF853:C71"
1366,932295,0,465806,466147,0.4996,2x(683:341)diag+rot
1367,933661,1,933661,933661,1.0000,"AGL(1,1367) [exact]"
1368,935028,0,158603,467514,0.1696,"AGL(1,571)xF797:C199"
1369,936396,1,936396,936396,1.0000,"AGL(1,1369) [exact]"
1370,937765,0,118341,468882,0.1262,"AGL(1,883)xF487:C243"
1371,939135,0,104196,469567,0.1109,3x(457:456)diag
1372,940506,0,212878,470253,0.2263,"AGL(1,653)xF719:C359"
1373,941878,1,941878,941878,1.0000,"AGL(1,1373) [exact]"
1374,943251,0,171991,471625,0.1823,"AGL(1,787)xF587:C293"
1375,944625,0,130816,472312,0.1385,"AGL(1,512)xF863:C431"
1376,946000,0,98432,473000,0.1041,"AGL(1,607)xF769:C256"
1377,947376,0,55080,473688,0.0581,17x(81:80)diag+rot
1378,948753,0,216811,474376,0.2285,"AGL(1,659)xF719:C359"
1379,950131,0,67571,475065,0.0711,(197:49)wr7
1380,951510,0,218130,475755,0.2292,"AGL(1,661)xF719:C359"
1381,952890,1,952890,952890,1.0000,"AGL(1,1381) [exact]"
1382,954271,0,476790,477135,0.4996,2x(691:345)diag+rot
1383,955653,0,318090,477826,0.3329,3x(461:460)diag+rot
1384,957036,0,171991,478518,0.1797,"AGL(1,797)xF587:C293"
1385,958420,0,191130,479210,0.1994,5x(277:276)diag+rot
1386,959805,0,158203,479902,0.1648,"AGL(1,823)xF563:C281"
1387,961191,0,49932,480595,0.0519,19x(73:72)diag+rot
1388,962578,0,103097,481289,0.1071,"AGL(1,601)xF787:C131"
1389,963966,0,106953,481983,0.1110,3x(463:462)diag
1390,965355,0,158603,482677,0.1643,"AGL(1,593)xF797:C199"
1391,966745,0,73723,483372,0.0763,13x(107:106)diag+rot
1392,968136,0,226128,484068,0.2336,"AGL(1,673)xF719:C359"
1393,969528,0,137907,484764,0.1422,7x(199:198)diag+rot
1394,970921,0,118341,485460,0.1219,"AGL(1,487)xF907:C151"
1395,972315,0,43267,486157,0.0445,"AGL(1,512)xF883:C49"
1396,973710,0,228826,486855,0.2350,"AGL(1,677)xF719:C359"
1397,975106,0,88011,487553,0.0903,11x(127:126)diag+rot
1398,976503,0,171991,488251,0.1761,"AGL(1,811)xF587:C293"
1399,977901,1,977901,977901,1.0000,"AGL(1,1399) [exact]"
1400,979300,0,112751,489650,0.1151,"AGL(1,577)xF823:C137"
1401,980700,0,326433,490350,0.3329,3x(467:466)diag+rot
1402,982101,0,245350,491050,0.2498,2x(701:700)diag
1403,983503,0,42090,491751,0.0428,23x(61:60)diag+rot
1404,984906,0,158603,492453,0.1610,"AGL(1,607)xF797:C199"
1405,986310,0,39340,493155,0.0399,5x(281:280)diag
1406,987715,0,124251,493857,0.1258,"AGL(1,499)xF907:C151"
1407,989121,0,73153,494560,0.0740,"AGL(1,1024)xF383:C191"
1408,990528,0,171991,495264,0.1736,"AGL(1,821)xF587:C293"
1409,991936,1,991936,991936,1.0000,"AGL(1,1409) [exact]"
1410,993345,0,238395,496672,0.2400,"AGL(1,691)xF719:C359"
1411,994755,0,57851,497377,0.0582,17x(83:82)diag+rot
1412,996166,0,103097,498083,0.1035,"AGL(1,625)xF787:C131"
1413,997578,0,37733,498789,0.0378,"AGL(1,1024)xF389:C97"
1414,998991,0,171991,499495,0.1722,"AGL(1,827)xF587:C293"
1415,1000405,0,199515,500202,0.1994,5x(283:282)diag+rot
1416,1001820,0,171991,500910,0.1717,"AGL(1,829)xF587:C293"
1417,1003236,0,76518,501618,0.0763,13x(109:108)diag+rot
1418,1004653,0,250986,502326,0.2498,2x(709:708)diag
1419,1006071,0,130816,503035,0.1300,"AGL(1,512)xF907:C151"
1420,1007490,0,245350,503745,0.2435,"AGL(1,701)xF719:C359"
1421,1008910,0,34104,504455,0.0338,29x(49:48)diag+rot
1422,1010331,0,158603,505165,0.1570,"AGL(1,625)xF797:C199"
1423,1011753,1,1011753,1011753,1.0000,"AGL(1,1423) [exact]"
1424,1013176,0,118341,506588,0.1168,"AGL(1,937)xF487:C243"
1425,1014600,0,10025,507300,0.0099,"AGL(1,1024)xF401:C25"
1426,1016025,0,171991,508012,0.1693,"AGL(1,587)xF839:C419"
1427,1017451,1,1017451,1017451,1.0000,"AGL(1,1427) [exact]"
1428,1018878,0,250986,509439,0.2463,"AGL(1,709)xF719:C359"
1429,1020306,1,1020306,1020306,1.0000,"AGL(1,1429) [exact]"
1430,1021735,0,136503,510867,0.1336,"AGL(1,523)xF907:C151"
1431,1023165,0,24813,511582,0.0243,"AGL(1,512)xF919:C27"
1432,1024596,0,175528,512298,0.1713,"AGL(1,593)xF839:C419"
1433,1026028,1,1026028,1026028,1.0000,"AGL(1,1433) [exact]"
1434,1027461,0,162735,513730,0.1584,"AGL(1,571)xF863:C431"
1435,1028895,0,13861,514447,0.0135,"F769+(2q+1=167)+(6q+1=499),q=83"
1436,1030330,0,136957,515165,0.1329,"AGL(1,529)xF907:C151"
1437,1031766,0,343443,515883,0.3329,3x(479:478)diag+rot
1438,1033203,0,516242,516601,0.4997,2x(719:359)diag+rot
1439,1034641,1,1034641,1034641,1.0000,"AGL(1,1439) [exact]"
1440,1036080,0,180300,518040,0.1740,"AGL(1,601)xF839:C419"
1441,1037520,0,93665,518760,0.0903,11x(131:130)diag+rot
1442,1038961,0,112751,519480,0.1085,"AGL(1,619)xF823:C137"
1443,1040403,0,32640,520201,0.0314,"AGL(1,256)xF1187:C593"
1444,1041846,0,171991,520923,0.1651,"AGL(1,857)xF587:C293"
1445,1043290,0,208080,521645,0.1994,5x(289:288)diag+rot
1446,1044735,0,258121,522367,0.2471,"AGL(1,727)xF719:C359"
1447,1046181,1,1046181,1046181,1.0000,"AGL(1,1447) [exact]"
1448,1047628,0,258121,523814,0.2464,"AGL(1,729)xF719:C359"
1449,1049076,0,32640,524538,0.0311,"AGL(1,256)xF1193:C149"
1450,1050525,0,171991,525262,0.1637,"AGL(1,587)xF863:C431"
1451,1051975,1,1051975,1051975,1.0000,"AGL(1,1451) [exact]"
1452,1053426,0,258121,526713,0.2450,"AGL(1,733)xF719:C359"
1453,1054878,1,1054878,1054878,1.0000,"AGL(1,1453) [exact]"
1454,1056331,0,527802,528165,0.4997,2x(727:363)diag+rot
1455,1057785,0,18533,528892,0.0175,"AGL(1,1024)xF431:C43"
1456,1059240,0,190036,529620,0.1794,"AGL(1,617)xF839:C419"
1457,1060696,0,33511,530348,0.0316,31x(47:46)diag+rot
1458,1062153,0,265356,531076,0.2498,2x(729:728)diag
1459,1063611,1,1063611,1063611,1.0000,"AGL(1,1459) [exact]"
1460,1065070,0,103097,532535,0.0968,"AGL(1,673)xF787:C131"
1461,1066530,0,355023,533265,0.3329,(487:243)wr3
1462,1067991,0,258121,533995,0.2417,"AGL(1,743)xF719:C359"
1463,1069453,0,32047,534726,0.0300,"AGL(1,1024)xF439:C73"
1464,1070916,0,195000,535458,0.1821,"AGL(1,625)xF839:C419"
1465,1072380,0,213890,536190,0.1995,5x(293:292)diag+rot
1466,1073845,0,268278,536922,0.2498,2x(733:732)diag
1467,1075311,0,22387,537655,0.0208,"F367+(6q+1=367)+(12q+1=733),q=61"
1468,1076778,0,171991,538389,0.1597,"AGL(1,881)xF587:C293"
1469,1078246,0,82264,539123,0.0763,13x(113:112)diag+rot
1470,1079715,0,258121,539857,0.2391,"AGL(1,751)xF719:C359"
1471,1081185,1,1081185,1081185,1.0000,"AGL(1,1471) [exact]"
1472,1082656,0,93528,541328,0.0864,"AGL(1,433)xF1039:C173"
1473,1084128,0,360885,542064,0.3329,3x(491:490)diag+rot
1474,1085601,0,171991,542800,0.1584,"AGL(1,587)xF887:C443"
1475,1087075,0,21389,543537,0.0197,"F743+(4q+1=293)+(6q+1=439),q=73"
1476,1088550,0,258121,544275,0.2371,"AGL(1,757)xF719:C359"
1477,1090026,0,22155,545013,0.0203,7x(211:210)diag
1478,1091503,0,545382,545751,0.4997,2x(739:369)diag+rot
1479,1092981,0,32640,546490,0.0299,"AGL(1,256)xF1223:C47"
1480,1094460,0,258121,547230,0.2358,"AGL(1,761)xF719:C359"
1481,1095940,1,1095940,1095940,1.0000,"AGL(1,1481) [exact]"
1482,1097421,0,206403,548710,0.1881,"AGL(1,643)xF839:C419"
1483,1098903,1,1098903,1098903,1.0000,"AGL(1,1483) [exact]"
1484,1100386,0,136957,550193,0.1245,"AGL(1,577)xF907:C151"
1485,1101870,0,32640,550935,0.0296,"AGL(1,256)xF1229:C307"
1486,1103355,0,551306,551677,0.4997,2x(743:371)diag+rot
1487,1104841,1,1104841,1104841,1.0000,"AGL(1,1487) [exact]"
1488,1106328,0,258121,553164,0.2333,"AGL(1,769)xF719:C359"
1489,1107816,1,1107816,1107816,1.0000,"AGL(1,1489) [exact]"
1490,1109305,0,93875,554652,0.0846,"AGL(1,739)xF751:C125"
1491,1110795,0,108811,555397,0.0980,"AGL(1,1024)xF467:C233"
1492,1112286,0,258121,556143,0.2321,"AGL(1,773)xF719:C359"
1493,1113778,1,1113778,1113778,1.0000,"AGL(1,1493) [exact]"
1494,1115271,0,198765,557635,0.1782,"AGL(1,631)xF863:C431"
1495,1116765,0,130816,558382,0.1171,"AGL(1,512)xF983:C491"
1496,1118260,0,118341,559130,0.1058,"AGL(1,1009)xF487:C243"
1497,1119756,0,124251,559878,0.1110,3x(499:498)diag
1498,1121253,0,216811,560626,0.1934,"AGL(1,659)xF839:C419"
1499,1122751,1,1122751,1122751,1.0000,"AGL(1,1499) [exact]"
1500,1124250,0,218130,562125,0.1940,"AGL(1,661)xF839:C419"
1501,1125750,0,58539,562875,0.0520,19x(79:78)diag+rot
1502,1127251,0,563250,563625,0.4997,2x(751:375)diag+rot
1503,1128753,0,114481,564376,0.1014,"AGL(1,1024)xF479:C239"
1504,1130256,0,205120,565128,0.1815,"AGL(1,641)xF863:C431"
1505,1131760,0,21389,565880,0.0189,"F773+(4q+1=293)+(6q+1=439),q=73"
1506,1133265,0,258121,566632,0.2278,"AGL(1,787)xF719:C359"
1507,1134771,0,102476,567385,0.0903,11x(137:136)diag+rot
1508,1136278,0,136957,568139,0.1205,"AGL(1,601)xF907:C151"
1509,1137786,0,378759,568893,0.3329,3x(503:502)diag+rot
1510,1139295,0,208981,569647,0.1834,"AGL(1,647)xF863:C431"
1511,1140805,1,1140805,1140805,1.0000,"AGL(1,1511) [exact]"
1512,1142316,0,226128,571158,0.1980,"AGL(1,673)xF839:C419"
1513,1143828,0,66572,571914,0.0582,17x(89:88)diag+rot
1514,1145341,0,286146,572670,0.2498,2x(757:756)diag
1515,1146855,0,32640,573427,0.0285,"AGL(1,256)xF1259:C37"
1516,1148370,0,258121,574185,0.2248,"AGL(1,797)xF719:C359"
1517,1149886,0,34453,574943,0.0300,"F467+(2q+1=263)+(6q+1=787),q=131"
1518,1151403,0,198765,575701,0.1726,"AGL(1,631)xF887:C443"
1519,1152921,0,36456,576460,0.0316,31x(49:48)diag+rot
1520,1154440,0,136957,577220,0.1186,"AGL(1,613)xF907:C151"
1521,1155960,0,22387,577980,0.0194,"F421+(6q+1=367)+(12q+1=733),q=61"
1522,1157481,0,289180,578740,0.2498,2x(761:760)diag
1523,1159003,1,1159003,1159003,1.0000,"AGL(1,1523) [exact]"
1524,1160526,0,218130,580263,0.1880,"AGL(1,661)xF863:C431"
1525,1162050,0,23299,581025,0.0200,"AGL(1,512)xF1013:C23"
1526,1163575,0,158603,581787,0.1363,"AGL(1,729)xF797:C199"
1527,1165101,0,387858,582550,0.3329,3x(509:508)diag+rot
1528,1166628,0,258121,583314,0.2213,"AGL(1,809)xF719:C359"
1529,1168156,0,105501,584078,0.0903,11x(139:138)diag+rot
1530,1169685,0,258121,584842,0.2207,"AGL(1,811)xF719:C359"
1531,1171215,1,1171215,1171215,1.0000,"AGL(1,1531) [exact]"
1532,1172746,0,136957,586373,0.1168,"AGL(1,625)xF907:C151"
1533,1174278,0,64643,587139,0.0550,"AGL(1,1024)xF509:C127"
1534,1175811,0,208981,587905,0.1777,"AGL(1,647)xF887:C443"
1535,1177345,0,234855,588672,0.1995,5x(307:306)diag+rot
1536,1178880,0,392448,589440,0.3329,3x(512:511)diag+rot
1537,1180416,0,39962,590208,0.0339,29x(53:52)diag+rot
1538,1181953,0,295296,590976,0.2498,2x(769:768)diag
1539,1183491,0,61560,591745,0.0520,19x(81:80)diag+rot
1540,1185030,0,258121,592515,0.2178,"AGL(1,821)xF719:C359"
1541,1186570,0,50853,593285,0.0429,23x(67:66)diag+rot
1542,1188111,0,258121,594055,0.2173,"AGL(1,823)xF719:C359"
1543,1189653,1,1189653,1189653,1.0000,"AGL(1,1543) [exact]"
1544,1191196,0,104196,595598,0.0875,"AGL(1,457)xF1087:C181"
1545,1192740,0,44419,596370,0.0372,"AGL(1,512)xF1033:C43"
1546,1194285,0,298378,597142,0.2498,2x(773:772)diag
1547,1195831,0,32640,597915,0.0273,"AGL(1,256)xF1291:C43"
1548,1197378,0,258121,598689,0.2156,"AGL(1,829)xF719:C359"
1549,1198926,1,1198926,1198926,1.0000,"AGL(1,1549) [exact]"
1550,1200475,0,136957,600237,0.1141,"AGL(1,643)xF907:C151"
1551,1202025,0,130816,601012,0.1088,"AGL(1,512)xF1039:C173"
1552,1203576,0,161596,601788,0.1343,"AGL(1,569)xF983:C491"
1553,1205128,1,1205128,1205128,1.0000,"AGL(1,1553) [exact]"
1554,1206681,0,238395,603340,0.1976,"AGL(1,691)xF863:C431"
1555,1208235,0,48205,604117,0.0399,5x(311:310)diag
1556,1209790,0,118341,604895,0.0978,"AGL(1,1069)xF487:C243"
1557,1211346,0,32525,605673,0.0269,"AGL(1,256)xF1301:C25"
1558,1212903,0,258121,606451,0.2128,"AGL(1,719)xF839:C419"
1559,1214461,1,1214461,1214461,1.0000,"AGL(1,1559) [exact]"
1560,1216020,0,258121,608010,0.2123,"AGL(1,841)xF719:C359"
1561,1217580,0,173271,608790,0.1423,7x(223:222)diag+rot
1562,1219141,0,136503,609570,0.1120,"AGL(1,523)xF1039:C173"
1563,1220703,0,406380,610351,0.3329,3x(521:520)diag+rot
1564,1222266,0,245350,611133,0.2007,"AGL(1,701)xF863:C431"
1565,1223830,0,244140,611915,0.1995,5x(313:312)diag+rot
1566,1225395,0,263901,612697,0.2154,"AGL(1,727)xF839:C419"
1567,1226961,1,1226961,1226961,1.0000,"AGL(1,1567) [exact]"
1568,1228528,0,265356,614264,0.2160,"AGL(1,729)xF839:C419"
1569,1230096,0,136503,615048,0.1110,3x(523:522)diag
1570,1231665,0,232903,615832,0.1891,"AGL(1,683)xF887:C443"
1571,1233235,1,1233235,1233235,1.0000,"AGL(1,1571) [exact]"
1572,1234806,0,268278,617403,0.2173,"AGL(1,733)xF839:C419"
1573,1236378,0,94380,618189,0.0763,13x(121:120)diag+rot
1574,1237951,0,618582,618975,0.4997,2x(787:393)diag+rot
1575,1239525,0,62717,619762,0.0506,"AGL(1,512)xF1063:C59"
1576,1241100,0,258121,620550,0.2080,"AGL(1,857)xF719:C359"
1577,1242676,0,64657,621338,0.0520,19x(83:82)diag+rot
1578,1244253,0,272691,622126,0.2192,"AGL(1,739)xF839:C419"
1579,1245831,1,1245831,1245831,1.0000,"AGL(1,1579) [exact]"
1580,1247410,0,146070,623705,0.1171,"AGL(1,541)xF1039:C173"
1581,1248990,0,95141,624495,0.0762,"AGL(1,512)xF1069:C89"
1582,1250571,0,275653,625285,0.2204,"AGL(1,743)xF839:C419"
1583,1252153,1,1252153,1252153,1.0000,"AGL(1,1583) [exact]"
1584,1253736,0,180300,626868,0.1438,"AGL(1,601)xF983:C491"
1585,1255320,0,250430,627660,0.1995,5x(317:316)diag+rot
1586,1256905,0,149331,628452,0.1188,"AGL(1,547)xF1039:C173"
1587,1258491,0,158203,629245,0.1257,"AGL(1,1024)xF563:C281"
1588,1260078,0,245350,630039,0.1947,"AGL(1,701)xF887:C443"
1589,1261666,0,179557,630833,0.1423,7x(227:226)diag+rot
1590,1263255,0,281625,631627,0.2229,"AGL(1,751)xF839:C419"
1591,1264845,0,34453,632422,0.0272,"F541+(2q+1=263)+(6q+1=787),q=131"
1592,1266436,0,265356,633218,0.2095,"AGL(1,729)xF863:C431"
1593,1268028,0,40399,634014,0.0319,"AGL(1,1024)xF569:C71"
1594,1269621,0,317206,634810,0.2498,2x(797:796)diag
1595,1271215,0,34453,635607,0.0271,"F283+(2q+1=263)+(8q+1=1049),q=131"
1596,1272810,0,286146,636405,0.2248,"AGL(1,757)xF839:C419"
1597,1274406,1,1274406,1274406,1.0000,"AGL(1,1597) [exact]"
1598,1276003,0,136957,638001,0.1073,"AGL(1,691)xF907:C151"
1599,1277601,0,130816,638800,0.1024,"AGL(1,512)xF1087:C181"
1600,1279200,0,289180,639600,0.2261,"AGL(1,761)xF839:C419"
1601,1280800,1,1280800,1280800,1.0000,"AGL(1,1601) [exact]"
1602,1282401,0,272691,641200,0.2126,"AGL(1,739)xF863:C431"
1603,1284003,0,182742,642001,0.1423,7x(229:228)diag+rot
1604,1285606,0,118341,642803,0.0921,"AGL(1,1117)xF487:C243"
1605,1287210,0,34453,643605,0.0268,"F293+(2q+1=263)+(8q+1=1049),q=131"
1606,1288815,0,275653,644407,0.2139,"AGL(1,743)xF863:C431"
1607,1290421,1,1290421,1290421,1.0000,"AGL(1,1607) [exact]"
1608,1292028,0,295296,646014,0.2286,"AGL(1,769)xF839:C419"
1609,1293636,1,1293636,1293636,1.0000,"AGL(1,1609) [exact]"
1610,1295245,0,162735,647622,0.1256,"AGL(1,571)xF1039:C173"
1611,1296855,0,171991,648427,0.1326,"AGL(1,1024)xF587:C293"
1612,1298466,0,298378,649233,0.2298,"AGL(1,773)xF839:C419"
1613,1300078,1,1300078,1300078,1.0000,"AGL(1,1613) [exact]"
1614,1301691,0,281625,650845,0.2164,"AGL(1,751)xF863:C431"
1615,1303305,0,31987,651652,0.0245,"AGL(1,512)xF1103:C29"
1616,1304920,0,265356,652460,0.2034,"AGL(1,729)xF887:C443"
1617,1306536,0,32896,653268,0.0252,"F257+(4q+1=389)+(10q+1=971),q=97"
1618,1308153,0,326836,654076,0.2498,2x(809:808)diag
1619,1309771,1,1309771,1309771,1.0000,"AGL(1,1619) [exact]"
1620,1311390,0,286146,655695,0.2182,"AGL(1,757)xF863:C431"
1621,1313010,1,1313010,1313010,1.0000,"AGL(1,1621) [exact]"
1622,1314631,0,656910,657315,0.4997,2x(811:405)diag+rot
1623,1316253,0,146070,658126,0.1110,3x(541:540)diag
1624,1317876,0,289180,658938,0.2194,"AGL(1,761)xF863:C431"
1625,1319500,0,100750,659750,0.0764,13x(125:124)diag+rot
1626,1321125,0,309291,660562,0.2341,"AGL(1,787)xF839:C419"
1627,1322751,1,1322751,1322751,1.0000,"AGL(1,1627) [exact]"
1628,1324378,0,146070,662189,0.1103,"AGL(1,541)xF1087:C181"
1629,1326006,0,36046,663003,0.0272,"F269+(4q+1=389)+(10q+1=971),q=97"
1630,1327635,0,275653,663817,0.2076,"AGL(1,743)xF887:C443"
1631,1329265,0,189196,664632,0.1423,7x(233:232)diag+rot
1632,1330896,0,295296,665448,0.2219,"AGL(1,769)xF863:C431"
1633,1332528,0,57155,666264,0.0429,23x(71:70)diag+rot
1634,1334161,0,149331,667080,0.1119,"AGL(1,547)xF1087:C181"
1635,1335795,0,19091,667897,0.0143,"AGL(1,512)xF1123:C17"
1636,1337430,0,317206,668715,0.2372,"AGL(1,797)xF839:C419"
1637,1339066,1,1339066,1339066,1.0000,"AGL(1,1637) [exact]"
1638,1340703,0,281625,670351,0.2101,"AGL(1,751)xF887:C443"
1639,1342341,0,121286,671170,0.0904,11x(149:148)diag+rot
1640,1343980,0,179747,671990,0.1337,"AGL(1,601)xF1039:C173"
1641,1345620,0,149331,672810,0.1110,3x(547:546)diag
1642,1347261,0,336610,673630,0.2498,2x(821:820)diag
1643,1348903,0,63757,674451,0.0473,"AGL(1,1024)xF619:C103"
1644,1350546,0,286146,675273,0.2119,"AGL(1,757)xF887:C443"
1645,1352190,0,26106,676095,0.0193,"F229+(6q+1=607)+(8q+1=809),q=101"
1646,1353835,0,676506,676917,0.4997,2x(823:411)diag+rot
1647,1355481,0,32047,677740,0.0236,"F331+(6q+1=439)+(12q+1=877),q=73"
1648,1357128,0,326836,678564,0.2408,"AGL(1,809)xF839:C419"
1649,1358776,0,79152,679388,0.0583,17x(97:96)diag+rot
1650,1360425,0,328455,680212,0.2414,"AGL(1,811)xF839:C419"
1651,1362075,0,104013,681037,0.0764,13x(127:126)diag+rot
1652,1363726,0,179747,681863,0.1318,"AGL(1,613)xF1039:C173"
1653,1365378,0,37733,682689,0.0276,"F293+(4q+1=389)+(10q+1=971),q=97"
1654,1367031,0,683102,683515,0.4997,2x(827:413)diag+rot
1655,1368685,0,54615,684342,0.0399,5x(331:330)diag
1656,1370340,0,295296,685170,0.2155,"AGL(1,769)xF887:C443"
1657,1371996,1,1371996,1371996,1.0000,"AGL(1,1657) [exact]"
1658,1373653,0,343206,686826,0.2498,2x(829:828)diag
1659,1375311,0,34453,687655,0.0251,"F347+(2q+1=263)+(8q+1=1049),q=131"
1660,1376970,0,336610,688485,0.2445,"AGL(1,821)xF839:C419"
1661,1378630,0,124575,689315,0.0904,11x(151:150)diag+rot
1662,1380291,0,338253,690145,0.2451,"AGL(1,823)xF839:C419"
1663,1381953,1,1381953,1381953,1.0000,"AGL(1,1663) [exact]"
1664,1383616,0,179747,691808,0.1299,"AGL(1,625)xF1039:C173"
1665,1385280,0,73792,692640,0.0533,"AGL(1,512)xF1153:C128"
1666,1386945,0,341551,693472,0.2463,"AGL(1,827)xF839:C419"
1667,1388611,1,1388611,1388611,1.0000,"AGL(1,1667) [exact]"
1668,1390278,0,343206,695139,0.2469,"AGL(1,829)xF839:C419"
1669,1391946,1,1391946,1391946,1.0000,"AGL(1,1669) [exact]"
1670,1393615,0,179747,696807,0.1290,"AGL(1,631)xF1039:C173"
1671,1395285,0,464538,697642,0.3329,3x(557:556)diag+rot
1672,1396956,0,326836,698478,0.2340,"AGL(1,809)xF863:C431"
1673,1398628,0,37733,699314,0.0270,"F313+(4q+1=389)+(10q+1=971),q=97"
1674,1400301,0,328455,700150,0.2346,"AGL(1,811)xF863:C431"
1675,1401975,0,96529,700987,0.0689,"AGL(1,512)xF1163:C83"
1676,1403650,0,136957,701825,0.0976,"AGL(1,769)xF907:C151"
1677,1405326,0,106439,702663,0.0757,"AGL(1,1024)xF653:C163"
1678,1407003,0,703082,703501,0.4997,2x(839:419)diag+rot
1679,1408681,0,60444,704340,0.0429,23x(73:72)diag+rot
1680,1410360,0,351541,705180,0.2493,"AGL(1,841)xF839:C419"
1681,1412040,1,1412040,1412040,1.0000,"AGL(1,1681) [exact]"
1682,1413721,0,353220,706860,0.2499,2x(841:840)diag
1683,1415403,0,32640,707701,0.0231,"AGL(1,256)xF1427:C23"
1684,1417086,0,336610,708543,0.2375,"AGL(1,821)xF863:C431"
1685,1418770,0,283080,709385,0.1995,5x(337:336)diag+rot
1686,1420455,0,338253,710227,0.2381,"AGL(1,823)xF863:C431"
1687,1422141,0,202440,711070,0.1423,7x(241:240)diag+rot
1688,1423828,0,180300,711914,0.1266,"AGL(1,601)xF1087:C181"
1689,1425516,0,474609,712758,0.3329,3x(563:562)diag+rot
1690,1427205,0,341551,713602,0.2393,"AGL(1,827)xF863:C431"
1691,1428895,0,74404,714447,0.0521,19x(89:88)diag+rot
1692,1430586,0,351541,715293,0.2457,"AGL(1,853)xF839:C419"
1693,1432278,1,1432278,1432278,1.0000,"AGL(1,1693) [exact]"
1694,1433971,0,183921,716985,0.1283,"AGL(1,607)xF1087:C181"
1695,1435665,0,34453,717832,0.0240,"F383+(2q+1=263)+(8q+1=1049),q=131"
1696,1437360,0,351541,718680,0.2446,"AGL(1,857)xF839:C419"
1697,1439056,1,1439056,1439056,1.0000,"AGL(1,1697) [exact]"
1698,1440753,0,351541,720376,0.2440,"AGL(1,859)xF839:C419"
1699,1442451,1,1442451,1442451,1.0000,"AGL(1,1699) [exact]"
1700,1444150,0,187578,722075,0.1299,"AGL(1,613)xF1087:C181"
1701,1445850,0,205821,722925,0.1424,7x(243:242)diag+rot
1702,1447551,0,351541,723775,0.2429,"AGL(1,839)xF863:C431"
1703,1449253,0,50086,724626,0.0346,"F317+(2q+1=347)+(6q+1=1039),q=173"
1704,1450956,0,353220,725478,0.2434,"AGL(1,841)xF863:C431"
1705,1452660,0,130816,726330,0.0901,"AGL(1,512)xF1193:C149"
1706,1454365,0,363378,727182,0.2499,2x(853:852)diag
1707,1456071,0,484788,728035,0.3329,3x(569:568)diag+rot
1708,1457778,0,336610,728889,0.2309,"AGL(1,821)xF887:C443"
1709,1459486,1,1459486,1459486,1.0000,"AGL(1,1709) [exact]"
1710,1461195,0,338253,730597,0.2315,"AGL(1,823)xF887:C443"
1711,1462905,0,49619,731452,0.0339,(59:29)wr29
1712,1464616,0,265356,732308,0.1812,"AGL(1,729)xF983:C491"
1713,1466328,0,162735,733164,0.1110,3x(571:570)diag
1714,1468041,0,366796,734020,0.2499,2x(857:856)diag
1715,1469755,0,293265,734877,0.1995,5x(343:342)diag+rot
1716,1471470,0,363378,735735,0.2469,"AGL(1,853)xF863:C431"
1717,1473186,0,85850,736593,0.0583,17x(101:100)diag+rot
1718,1474903,0,737022,737451,0.4997,2x(859:429)diag+rot
1719,1476621,0,37733,738310,0.0256,"F359+(4q+1=389)+(10q+1=971),q=97"
1720,1478340,0,366796,739170,0.2481,"AGL(1,857)xF863:C431"
1721,1480060,1,1480060,1480060,1.0000,"AGL(1,1721) [exact]"
1722,1481781,0,368511,740890,0.2487,"AGL(1,859)xF863:C431"
1723,1483503,1,1483503,1483503,1.0000,"AGL(1,1723) [exact]"
1724,1485226,0,118341,742613,0.0797,"AGL(1,487)xF1237:C103"
1725,1486950,0,122513,743475,0.0824,"AGL(1,512)xF1213:C101"
1726,1488675,0,743906,744337,0.4997,2x(863:431)diag+rot
1727,1490401,0,134706,745200,0.0904,11x(157:156)diag+rot
1728,1492128,0,353220,746064,0.2367,"AGL(1,841)xF887:C443"
1729,1493856,0,58653,746928,0.0393,"F343+(2q+1=347)+(6q+1=1039),q=173"
1730,1495585,0,196747,747792,0.1316,"AGL(1,643)xF1087:C181"
1731,1497315,0,166176,748657,0.1110,3x(577:576)diag
1732,1499046,0,258121,749523,0.1722,"AGL(1,1013)xF719:C359"
1733,1500778,1,1500778,1500778,1.0000,"AGL(1,1733) [exact]"
1734,1502511,0,281625,751255,0.1874,"AGL(1,751)xF983:C491"
1735,1504245,0,300155,752122,0.1995,5x(347:346)diag+rot
1736,1505980,0,136957,752990,0.0909,"AGL(1,829)xF907:C151"
1737,1507716,0,32640,753858,0.0216,"AGL(1,256)xF1481:C37"
1738,1509453,0,258121,754726,0.1710,"AGL(1,719)xF1019:C509"
1739,1511191,0,60031,755595,0.0397,"F353+(2q+1=347)+(6q+1=1039),q=173"
1740,1512930,0,371953,756465,0.2458,"AGL(1,877)xF863:C431"
1741,1514670,1,1514670,1514670,1.0000,"AGL(1,1741) [exact]"
1742,1516411,0,122513,758205,0.0808,"AGL(1,529)xF1213:C101"
1743,1518153,0,258121,759076,0.1700,"AGL(1,1024)xF719:C359"
1744,1519896,0,371953,759948,0.2447,"AGL(1,881)xF863:C431"
1745,1521640,0,303630,760820,0.1995,5x(349:348)diag+rot
1746,1523385,0,371953,761692,0.2442,"AGL(1,883)xF863:C431"
1747,1525131,1,1525131,1525131,1.0000,"AGL(1,1747) [exact]"
1748,1526878,0,265356,763439,0.1738,"AGL(1,729)xF1019:C509"
1749,1528626,0,127411,764313,0.0834,"AGL(1,512)xF1237:C103"
1750,1530375,0,371953,765187,0.2430,"AGL(1,863)xF887:C443"
1751,1532125,0,87967,766062,0.0574,"AGL(1,1024)xF727:C121"
1752,1533876,0,295296,766938,0.1925,"AGL(1,769)xF983:C491"
1753,1535628,1,1535628,1535628,1.0000,"AGL(1,1753) [exact]"
1754,1537381,0,384126,768690,0.2499,2x(877:876)diag
1755,1539135,0,34453,769567,0.0224,"F443+(2q+1=263)+(8q+1=1049),q=131"
1756,1540890,0,298378,770445,0.1936,"AGL(1,773)xF983:C491"
1757,1542646,0,219625,771323,0.1424,7x(251:250)diag+rot
1758,1544403,0,351541,772201,0.2276,"AGL(1,919)xF839:C419"
1759,1546161,1,1546161,1546161,1.0000,"AGL(1,1759) [exact]"
1760,1547920,0,196747,773960,0.1271,"AGL(1,673)xF1087:C181"
1761,1549680,0,515973,774840,0.3330,3x(587:586)diag+rot
1762,1551441,0,387640,775720,0.2499,2x(881:880)diag
1763,1553203,0,60031,776601,0.0386,"F347+(6q+1=607)+(8q+1=809),q=101"
1764,1554966,0,384126,777483,0.2470,"AGL(1,877)xF887:C443"
1765,1556730,0,310640,778365,0.1995,5x(353:352)diag+rot
1766,1558495,0,778806,779247,0.4997,2x(883:441)diag+rot
1767,1560261,0,39379,780130,0.0252,"AGL(1,1024)xF743:C53"
1768,1562028,0,387640,781014,0.2482,"AGL(1,881)xF887:C443"
1769,1563796,0,61307,781898,0.0392,"F353+(6q+1=607)+(8q+1=809),q=101"
1770,1565565,0,389403,782782,0.2487,"AGL(1,883)xF887:C443"
1771,1567335,0,46583,783667,0.0297,"AGL(1,512)xF1259:C37"
1772,1569106,0,179747,784553,0.1146,"AGL(1,733)xF1039:C173"
1773,1570878,0,38226,785439,0.0243,"F277+(6q+1=499)+(12q+1=997),q=83"
1774,1572651,0,785882,786325,0.4997,2x(887:443)diag+rot
1775,1574425,0,93875,787212,0.0596,"AGL(1,1024)xF751:C125"
1776,1576200,0,351541,788100,0.2230,"AGL(1,937)xF839:C419"
1777,1577976,1,1577976,1577976,1.0000,"AGL(1,1777) [exact]"
1778,1579753,0,196747,789876,0.1245,"AGL(1,691)xF1087:C181"
1779,1581531,0,526584,790765,0.3330,3x(593:592)diag+rot
1780,1583310,0,351541,791655,0.2220,"AGL(1,941)xF839:C419"
1781,1585090,0,121108,792545,0.0764,13x(137:136)diag+rot
1782,1586871,0,371953,793435,0.2344,"AGL(1,919)xF863:C431"
1783,1588653,1,1588653,1588653,1.0000,"AGL(1,1783) [exact]"
1784,1590436,0,136957,795218,0.0861,"AGL(1,877)xF907:C151"
1785,1592220,0,41417,796110,0.0260,"F289+(6q+1=499)+(12q+1=997),q=83"
1786,1594005,0,351541,797002,0.2205,"AGL(1,947)xF839:C419"
1787,1595791,1,1595791,1595791,1.0000,"AGL(1,1787) [exact]"
1788,1597578,0,295296,798789,0.1848,"AGL(1,769)xF1019:C509"
1789,1599366,1,1599366,1599366,1.0000,"AGL(1,1789) [exact]"
1790,1601155,0,179747,800577,0.1123,"AGL(1,751)xF1039:C173"
1791,1602945,0,90809,801472,0.0567,"AGL(1,512)xF1279:C71"
1792,1604736,0,371953,802368,0.2318,"AGL(1,929)xF863:C431"
1793,1606528,0,145233,803264,0.0904,11x(163:162)diag+rot
1794,1608321,0,392941,804160,0.2443,"AGL(1,907)xF887:C443"
1795,1610115,0,321305,805057,0.1996,5x(359:358)diag+rot
1796,1611910,0,196747,805955,0.1221,"AGL(1,709)xF1087:C181"
1797,1613706,0,537303,806853,0.3330,3x(599:598)diag+rot
1798,1615503,0,392941,807751,0.2432,"AGL(1,911)xF887:C443"
1799,1617301,0,230272,808650,0.1424,7x(257:256)diag+rot
1800,1619100,0,371953,809550,0.2297,"AGL(1,937)xF863:C431"
1801,1620900,1,1620900,1620900,1.0000,"AGL(1,1801) [exact]"
1802,1622701,0,98432,811350,0.0607,"AGL(1,1033)xF769:C256"
1803,1624503,0,180300,812251,0.1110,3x(601:600)diag
1804,1626306,0,371953,813153,0.2287,"AGL(1,941)xF863:C431"
1805,1628110,0,64980,814055,0.0399,5x(361:360)diag
1806,1629915,0,392941,814957,0.2411,"AGL(1,919)xF887:C443"
1807,1631721,0,124683,815860,0.0764,13x(139:138)diag+rot
1808,1633528,0,179747,816764,0.1100,"AGL(1,769)xF1039:C173"
1809,1635336,0,105057,817668,0.0642,"AGL(1,512)xF1297:C81"
1810,1637145,0,371953,818572,0.2272,"AGL(1,947)xF863:C431"
1811,1638955,1,1638955,1638955,1.0000,"AGL(1,1811) [exact]"
1812,1640766,0,343206,820383,0.2092,"AGL(1,829)xF983:C491"
1813,1642578,0,61307,821289,0.0373,"F397+(6q+1=607)+(8q+1=809),q=101"
1814,1644391,0,821742,822195,0.4997,2x(907:453)diag+rot
1815,1646205,0,40393,823102,0.0245,"AGL(1,512)xF1303:C31"
1816,1648020,0,392941,824010,0.2384,"AGL(1,929)xF887:C443"
1817,1649836,0,70863,824918,0.0430,23x(79:78)diag+rot
1818,1651653,0,250986,825826,0.1520,"AGL(1,709)xF1109:C277"
1819,1653471,0,130816,826735,0.0791,"AGL(1,512)xF1307:C653"
1820,1655290,0,196747,827645,0.1189,"AGL(1,733)xF1087:C181"
1821,1657110,0,183921,828555,0.1110,3x(607:606)diag
1822,1658931,0,829010,829465,0.4997,2x(911:455)diag+rot
1823,1660753,1,1660753,1660753,1.0000,"AGL(1,1823) [exact]"
1824,1662576,0,392941,831288,0.2363,"AGL(1,937)xF887:C443"
1825,1664400,0,61307,832200,0.0368,"F409+(6q+1=607)+(8q+1=809),q=101"
1826,1666225,0,196747,833112,0.1181,"AGL(1,739)xF1087:C181"
1827,1668051,0,41417,834025,0.0248,"F331+(6q+1=499)+(12q+1=997),q=83"
1828,1669878,0,392941,834939,0.2353,"AGL(1,941)xF887:C443"
1829,1671706,0,60031,835853,0.0359,"F443+(2q+1=347)+(6q+1=1039),q=173"
1830,1673535,0,371953,836767,0.2223,"AGL(1,967)xF863:C431"
1831,1675365,1,1675365,1675365,1.0000,"AGL(1,1831) [exact]"
1832,1677196,0,122513,838598,0.0730,"AGL(1,619)xF1213:C101"
1833,1679028,0,81709,839514,0.0487,"AGL(1,1024)xF809:C101"
1834,1680861,0,392941,840430,0.2338,"AGL(1,947)xF887:C443"
1835,1682695,0,335805,841347,0.1996,5x(367:366)diag+rot
1836,1684530,0,363378,842265,0.2157,"AGL(1,853)xF983:C491"
1837,1686366,0,152471,843183,0.0904,11x(167:166)diag+rot
1838,1688203,0,843642,844101,0.4997,2x(919:459)diag+rot
1839,1690041,0,187578,845020,0.1110,3x(613:612)diag
1840,1691880,0,392941,845940,0.2323,"AGL(1,953)xF887:C443"
1841,1693720,0,241171,846860,0.1424,7x(263:262)diag+rot
1842,1695561,0,368511,847780,0.2173,"AGL(1,859)xF983:C491"
1843,1697403,0,88464,848701,0.0521,19x(97:96)diag+rot
1844,1699246,0,196747,849623,0.1158,"AGL(1,757)xF1087:C181"
1845,1701090,0,41417,850545,0.0243,"F349+(6q+1=499)+(12q+1=997),q=83"
1846,1702935,0,371953,851467,0.2184,"AGL(1,863)xF983:C491"
1847,1704781,1,1704781,1704781,1.0000,"AGL(1,1847) [exact]"
1848,1706628,0,392941,853314,0.2302,"AGL(1,961)xF887:C443"
1849,1708476,1,1708476,1708476,1.0000,"AGL(1,1849) [exact]"
1850,1710325,0,179747,855162,0.1051,"AGL(1,811)xF1039:C173"
1851,1712175,0,570108,856087,0.3330,3x(617:616)diag+rot
1852,1714026,0,351541,857013,0.2051,"AGL(1,1013)xF839:C419"
1853,1715878,0,100062,857939,0.0583,17x(109:108)diag+rot
1854,1717731,0,392941,858865,0.2288,"AGL(1,967)xF887:C443"
1855,1719585,0,61307,859792,0.0357,"F439+(6q+1=607)+(8q+1=809),q=101"
1856,1721440,0,196747,860720,0.1143,"AGL(1,769)xF1087:C181"
1857,1723296,0,191271,861648,0.1110,3x(619:618)diag
1858,1725153,0,431056,862576,0.2499,2x(929:928)diag
1859,1727011,0,156156,863505,0.0904,11x(169:168)diag+rot
1860,1728870,0,384126,864435,0.2222,"AGL(1,877)xF983:C491"
1861,1730730,1,1730730,1730730,1.0000,"AGL(1,1861) [exact]"
1862,1732591,0,179747,866295,0.1037,"AGL(1,823)xF1039:C173"
1863,1734453,0,351541,867226,0.2027,"AGL(1,1024)xF839:C419"
1864,1736316,0,392941,868158,0.2263,"AGL(1,977)xF887:C443"
1865,1738180,0,346890,869090,0.1996,5x(373:372)diag+rot
1866,1740045,0,389403,870022,0.2238,"AGL(1,883)xF983:C491"
1867,1741911,1,1741911,1741911,1.0000,"AGL(1,1867) [exact]"
1868,1743778,0,179747,871889,0.1031,"AGL(1,829)xF1039:C173"
1869,1745646,0,41417,872823,0.0237,"F373+(6q+1=499)+(12q+1=997),q=83"
1870,1747515,0,392941,873757,0.2249,"AGL(1,887)xF983:C491"
1871,1749385,1,1749385,1749385,1.0000,"AGL(1,1871) [exact]"
1872,1751256,0,371953,875628,0.2124,"AGL(1,1009)xF863:C431"
1873,1753128,1,1753128,1753128,1.0000,"AGL(1,1873) [exact]"
1874,1755001,0,438516,877500,0.2499,2x(937:936)diag
1875,1756875,0,195000,878437,0.1110,3x(625:624)diag
1876,1758750,0,371953,879375,0.2115,"AGL(1,1013)xF863:C431"
1877,1760626,1,1760626,1760626,1.0000,"AGL(1,1877) [exact]"
1878,1762503,0,392941,881251,0.2229,"AGL(1,991)xF887:C443"
1879,1764381,1,1764381,1764381,1.0000,"AGL(1,1879) [exact]"
1880,1766260,0,179747,883130,0.1018,"AGL(1,841)xF1039:C173"
1881,1768140,0,91699,884070,0.0519,"AGL(1,1024)xF857:C107"
1882,1770021,0,442270,885010,0.2499,2x(941:940)diag
1883,1771903,0,252322,885951,0.1424,7x(269:268)diag+rot
1884,1773786,0,392941,886893,0.2215,"AGL(1,997)xF887:C443"
1885,1775670,0,130816,887835,0.0737,"AGL(1,512)xF1373:C343"
1886,1777555,0,122513,888777,0.0689,"AGL(1,673)xF1213:C101"
1887,1779441,0,371953,889720,0.2090,"AGL(1,1024)xF863:C431"
1888,1781328,0,351541,890664,0.1973,"AGL(1,1049)xF839:C419"
1889,1783216,1,1783216,1783216,1.0000,"AGL(1,1889) [exact]"
1890,1785105,0,410871,892552,0.2302,"AGL(1,907)xF983:C491"
1891,1786995,0,56730,893497,0.0317,31x(61:60)diag+rot
1892,1788886,0,179747,894443,0.1005,"AGL(1,853)xF1039:C173"
1893,1790778,0,198765,895389,0.1110,3x(631:630)diag
1894,1792671,0,895862,896335,0.4997,2x(947:473)diag+rot
1895,1794565,0,358155,897282,0.1996,5x(379:378)diag+rot
1896,1796460,0,392941,898230,0.2187,"AGL(1,1009)xF887:C443"
1897,1798356,0,256095,899178,0.1424,7x(271:270)diag+rot
1898,1800253,0,196747,900126,0.1093,"AGL(1,811)xF1087:C181"
1899,1802151,0,34453,901075,0.0191,"F587+(2q+1=263)+(8q+1=1049),q=131"
1900,1804050,0,392941,902025,0.2178,"AGL(1,1013)xF887:C443"
1901,1805950,1,1805950,1805950,1.0000,"AGL(1,1901) [exact]"
1902,1807851,0,421821,903925,0.2333,"AGL(1,919)xF983:C491"
1903,1809753,0,163658,904876,0.0904,11x(173:172)diag+rot
1904,1811656,0,136957,905828,0.0756,"AGL(1,997)xF907:C151"
1905,1813560,0,41417,906780,0.0228,"F409+(6q+1=499)+(12q+1=997),q=83"
1906,1815465,0,453628,907732,0.2499,2x(953:952)diag
1907,1817371,1,1817371,1817371,1.0000,"AGL(1,1907) [exact]"
1908,1819278,0,392941,909639,0.2160,"AGL(1,1021)xF887:C443"
1909,1821186,0,78269,910593,0.0430,23x(83:82)diag+rot
1910,1823095,0,196747,911547,0.1079,"AGL(1,823)xF1087:C181"
1911,1825005,0,392941,912502,0.2153,"AGL(1,1024)xF887:C443"
1912,1826916,0,431056,913458,0.2359,"AGL(1,929)xF983:C491"
1913,1828828,1,1828828,1828828,1.0000,"AGL(1,1913) [exact]"
1914,1830741,0,371953,915370,0.2032,"AGL(1,1051)xF863:C431"
1915,1832655,0,365765,916327,0.1996,5x(383:382)diag+rot
1916,1834570,0,265356,917285,0.1446,"AGL(1,729)xF1187:C593"
1917,1836486,0,41417,918243,0.0226,"F421+(6q+1=499)+(12q+1=997),q=83"
1918,1838403,0,392941,919201,0.2137,"AGL(1,1031)xF887:C443"
1919,1840321,0,95950,920160,0.0521,19x(101:100)diag+rot
1920,1842240,0,438516,921120,0.2380,"AGL(1,937)xF983:C491"
1921,1844160,0,107576,922080,0.0583,17x(113:112)diag+rot
1922,1846081,0,461280,923040,0.2499,2x(961:960)diag
1923,1848003,0,615360,924001,0.3330,3x(641:640)diag+rot
1924,1849926,0,442270,924963,0.2391,"AGL(1,941)xF983:C491"
1925,1851850,0,61307,925925,0.0331,"F509+(6q+1=607)+(8q+1=809),q=101"
1926,1853775,0,410871,926887,0.2216,"AGL(1,907)xF1019:C509"
1927,1855701,0,60031,927850,0.0323,"F541+(2q+1=347)+(6q+1=1039),q=173"
1928,1857628,0,196747,928814,0.1059,"AGL(1,841)xF1087:C181"
1929,1859556,0,206403,929778,0.1110,3x(643:642)diag
1930,1861485,0,447931,930742,0.2406,"AGL(1,947)xF983:C491"
1931,1863415,1,1863415,1863415,1.0000,"AGL(1,1931) [exact]"
1932,1865346,0,371953,932673,0.1994,"AGL(1,1069)xF863:C431"
1933,1867278,1,1867278,1867278,1.0000,"AGL(1,1933) [exact]"
1934,1869211,0,934122,934605,0.4997,2x(967:483)diag+rot
1935,1871145,0,112417,935572,0.0601,"AGL(1,512)xF1423:C79"
1936,1873080,0,453628,936540,0.2422,"AGL(1,953)xF983:C491"
1937,1875016,0,143338,937508,0.0764,13x(149:148)diag+rot
1938,1876953,0,421821,938476,0.2247,"AGL(1,919)xF1019:C509"
1939,1878891,0,267582,939445,0.1424,7x(277:276)diag+rot
1940,1880830,0,196747,940415,0.1046,"AGL(1,853)xF1087:C181"
1941,1882770,0,626943,941385,0.3330,3x(647:646)diag+rot
1942,1884711,0,941870,942355,0.4997,2x(971:485)diag+rot
1943,1886653,0,68801,943326,0.0365,"F443+(6q+1=643)+(8q+1=857),q=107"
1944,1888596,0,461280,944298,0.2442,"AGL(1,961)xF983:C491"
1945,1890540,0,377330,945270,0.1996,5x(389:388)diag+rot
1946,1892485,0,196747,946242,0.1040,"AGL(1,859)xF1087:C181"
1947,1894431,0,37733,947215,0.0199,"F587+(4q+1=389)+(10q+1=971),q=97"
1948,1896378,0,431056,948189,0.2273,"AGL(1,929)xF1019:C509"
1949,1898326,1,1898326,1898326,1.0000,"AGL(1,1949) [exact]"
1950,1900275,0,467061,950137,0.2458,"AGL(1,967)xF983:C491"
1951,1902225,1,1902225,1902225,1.0000,"AGL(1,1951) [exact]"
1952,1904176,0,124251,952088,0.0653,"AGL(1,499)xF1453:C121"
1953,1906128,0,41417,953064,0.0217,"F457+(6q+1=499)+(12q+1=997),q=83"
1954,1908081,0,476776,954040,0.2499,2x(977:976)diag
1955,1910035,0,60031,955017,0.0314,"F569+(2q+1=347)+(6q+1=1039),q=173"
1956,1911990,0,438516,955995,0.2294,"AGL(1,937)xF1019:C509"
1957,1913946,0,99807,956973,0.0521,19x(103:102)diag+rot
1958,1915903,0,265356,957951,0.1385,"AGL(1,729)xF1229:C307"
1959,1917861,0,638634,958930,0.3330,3x(653:652)diag+rot
1960,1919820,0,476776,959910,0.2483,"AGL(1,977)xF983:C491"
1961,1921780,0,68801,960890,0.0358,"F461+(6q+1=643)+(8q+1=857),q=107"
1962,1923741,0,351541,961870,0.1827,"AGL(1,1123)xF839:C419"
1963,1925703,0,147225,962851,0.0765,13x(151:150)diag+rot
1964,1927666,0,196747,963833,0.1021,"AGL(1,877)xF1087:C181"
1965,1929630,0,130816,964815,0.0678,"AGL(1,512)xF1453:C121"
1966,1931595,0,965306,965797,0.4997,2x(983:491)diag+rot
1967,1933561,0,68801,966780,0.0356,"F467+(6q+1=643)+(8q+1=857),q=107"
1968,1935528,0,351541,967764,0.1816,"AGL(1,1129)xF839:C419"
1969,1937496,0,175241,968748,0.0904,11x(179:178)diag+rot
1970,1939465,0,196747,969732,0.1014,"AGL(1,883)xF1087:C181"
1971,1941435,0,130816,970717,0.0674,"AGL(1,512)xF1459:C243"
1972,1943406,0,453628,971703,0.2334,"AGL(1,953)xF1019:C509"
1973,1945378,1,1945378,1945378,1.0000,"AGL(1,1973) [exact]"
1974,1947351,0,482653,973675,0.2479,"AGL(1,991)xF983:C491"
1975,1949325,0,41831,974662,0.0215,"F439+(12q+1=709)+(14q+1=827),q=59"
1976,1951300,0,179747,975650,0.0921,"AGL(1,937)xF1039:C173"
1977,1953276,0,650433,976638,0.3330,3x(659:658)diag+rot
1978,1955253,0,392941,977626,0.2010,"AGL(1,1091)xF887:C443"
1979,1957231,1,1957231,1957231,1.0000,"AGL(1,1979) [exact]"
1980,1959210,0,482653,979605,0.2464,"AGL(1,997)xF983:C491"
1981,1961190,0,279321,980595,0.1424,7x(283:282)diag+rot
1982,1963171,0,981090,981585,0.4997,2x(991:495)diag+rot
1983,1965153,0,218130,982576,0.1110,3x(661:660)diag
1984,1967136,0,392941,983568,0.1998,"AGL(1,1097)xF887:C443"
1985,1969120,0,393030,984560,0.1996,5x(397:396)diag+rot
1986,1971105,0,467061,985552,0.2370,"AGL(1,967)xF1019:C509"
1987,1973091,1,1973091,1973091,1.0000,"AGL(1,1987) [exact]"
1988,1975078,0,146070,987539,0.0740,"AGL(1,541)xF1447:C241"
1989,1977066,0,34453,988533,0.0174,"F677+(2q+1=263)+(8q+1=1049),q=131"
1990,1979055,0,470935,989527,0.2380,"AGL(1,971)xF1019:C509"
1991,1981045,0,179190,990522,0.0905,11x(181:180)diag+rot
1992,1983036,0,482653,991518,0.2434,"AGL(1,1009)xF983:C491"
1993,1985028,1,1985028,1985028,1.0000,"AGL(1,1993) [exact]"
1994,1987021,0,496506,993510,0.2499,2x(997:996)diag
1995,1989015,0,94187,994507,0.0474,"AGL(1,1024)xF971:C97"
1996,1991010,0,482653,995505,0.2424,"AGL(1,1013)xF983:C491"
1997,1993006,1,1993006,1993006,1.0000,"AGL(1,1997) [exact]"
1998,1995003,0,328455,997501,0.1646,"AGL(1,811)xF1187:C593"
1999,1997001,1,1997001,1997001,1.0000,"AGL(1,1999) [exact]"
2000,1999000,0,180300,999500,0.0902,"AGL(1,601)xF1399:C233"
2001,2001000,0,59597,1000500,0.0298,"AGL(1,1024)xF977:C61"
2002,2003001,0,482653,1001500,0.2410,"AGL(1,983)xF1019:C509"
2003,2005003,1,2005003,2005003,1.0000,"AGL(1,2003) [exact]"
2004,2007006,0,482653,1003503,0.2405,"AGL(1,1021)xF983:C491"
2005,2009010,0,130816,1004505,0.0651,"AGL(1,512)xF1493:C373"
2006,2011015,0,196747,1005507,0.0978,"AGL(1,919)xF1087:C181"
2007,2013021,0,482653,1006510,0.2398,"AGL(1,1024)xF983:C491"
2008,2015028,0,336610,1007514,0.1670,"AGL(1,821)xF1187:C593"
2009,2017036,0,68801,1008518,0.0341,"F509+(6q+1=643)+(8q+1=857),q=107"
2010,2019045,0,490545,1009522,0.2430,"AGL(1,991)xF1019:C509"
2011,2021055,1,2021055,2021055,1.0000,"AGL(1,2011) [exact]"
2012,2023066,0,265356,1011533,0.1312,"AGL(1,729)xF1283:C641"
2013,2025078,0,37733,1012539,0.0186,"F653+(4q+1=389)+(10q+1=971),q=97"
2014,2027091,0,482653,1013545,0.2381,"AGL(1,1031)xF983:C491"
2015,2029105,0,61307,1014552,0.0302,"F599+(6q+1=607)+(8q+1=809),q=101"
2016,2031120,0,496506,1015560,0.2444,"AGL(1,997)xF1019:C509"
2017,2033136,1,2033136,2033136,1.0000,"AGL(1,2017) [exact]"
2018,2035153,0,508536,1017576,0.2499,2x(1009:1008)diag
2019,2037171,0,226128,1018585,0.1110,3x(673:672)diag
2020,2039190,0,351541,1019595,0.1724,"AGL(1,1181)xF839:C419"
2021,2041210,0,82751,1020605,0.0405,"AGL(1,1024)xF997:C83"
2022,2043231,0,482653,1021615,0.2362,"AGL(1,1039)xF983:C491"
2023,2045253,0,291312,1022626,0.1424,7x(289:288)diag+rot
2024,2047276,0,196747,1023638,0.0961,"AGL(1,937)xF1087:C181"
2025,2049300,0,41417,1024650,0.0202,"F529+(6q+1=499)+(12q+1=997),q=83"
2026,2051325,0,512578,1025662,0.2499,2x(1013:1012)diag
2027,2053351,1,2053351,2053351,1.0000,"AGL(1,2027) [exact]"
2028,2055378,0,508536,1027689,0.2474,"AGL(1,1009)xF1019:C509"
2029,2057406,1,2057406,2057406,1.0000,"AGL(1,2029) [exact]"
2030,2059435,0,198765,1029717,0.0965,"AGL(1,631)xF1399:C233"
2031,2061465,0,686478,1030732,0.3330,3x(677:676)diag+rot
2032,2063496,0,512578,1031748,0.2484,"AGL(1,1013)xF1019:C509"
2033,2065528,0,107749,1032764,0.0522,19x(107:106)diag+rot
2034,2067561,0,482653,1033780,0.2334,"AGL(1,1051)xF983:C491"
2035,2069595,0,130816,1034797,0.0632,"AGL(1,512)xF1523:C761"
2036,2071630,0,265356,1035815,0.1281,"AGL(1,729)xF1307:C653"
2037,2073666,0,41417,1036833,0.0200,"F541+(6q+1=499)+(12q+1=997),q=83"
2038,2075703,0,1037342,1037851,0.4998,2x(1019:509)diag+rot
2039,2077741,1,2077741,2077741,1.0000,"AGL(1,2039) [exact]"
2040,2079780,0,518671,1039890,0.2494,"AGL(1,1021)xF1019:C509"
2041,2081820,0,68801,1040910,0.0330,"F541+(6q+1=643)+(8q+1=857),q=107"
2042,2083861,0,520710,1041930,0.2499,2x(1021:1020)diag
2043,2085903,0,518671,1042951,0.2487,"AGL(1,1024)xF1019:C509"
2044,2087946,0,482653,1043973,0.2312,"AGL(1,1061)xF983:C491"
2045,2089990,0,417180,1044995,0.1996,5x(409:408)diag+rot
2046,2092035,0,482653,1046017,0.2307,"AGL(1,1063)xF983:C491"
2047,2094081,0,90068,1047040,0.0430,23x(89:88)diag+rot
2048,2096128,1,2096128,2096128,1.0000,"AGL(1,2048) [exact]"
2049,2098176,0,698709,1049088,0.3330,3x(683:682)diag+rot
2050,2100225,0,518671,1050112,0.2470,"AGL(1,1031)xF1019:C509"
2051,2102275,0,299446,1051137,0.1424,7x(293:292)diag+rot
2052,2104326,0,518671,1052163,0.2465,"AGL(1,1033)xF1019:C509"
2053,2106378,1,2106378,2106378,1.0000,"AGL(1,2053) [exact]"
2054,2108431,0,196747,1054215,0.0933,"AGL(1,967)xF1087:C181"
2055,2110485,0,130816,1055242,0.0620,"AGL(1,512)xF1543:C257"
2056,2112540,0,371953,1056270,0.1761,"AGL(1,1193)xF863:C431"
2057,2114596,0,123420,1057298,0.0584,17x(121:120)diag+rot
2058,2116653,0,518671,1058326,0.2450,"AGL(1,1039)xF1019:C509"
2059,2118711,0,72065,1059355,0.0340,29x(71:70)diag+rot
2060,2120770,0,218130,1060385,0.1029,"AGL(1,661)xF1399:C233"
2061,2122830,0,66607,1061415,0.0314,"AGL(1,512)xF1549:C43"
2062,2124891,0,1061930,1062445,0.4998,2x(1031:515)diag+rot
2063,2126953,1,2126953,2126953,1.0000,"AGL(1,2063) [exact]"
2064,2129016,0,384126,1064508,0.1804,"AGL(1,877)xF1187:C593"
2065,2131080,0,130816,1065540,0.0614,"AGL(1,512)xF1553:C97"
2066,2133145,0,533028,1066572,0.2499,2x(1033:1032)diag
2067,2135211,0,41417,1067605,0.0194,"F571+(6q+1=499)+(12q+1=997),q=83"
2068,2137278,0,518671,1068639,0.2427,"AGL(1,1049)xF1019:C509"
2069,2139346,1,2139346,2139346,1.0000,"AGL(1,2069) [exact]"
2070,2141415,0,518671,1070707,0.2422,"AGL(1,1051)xF1019:C509"
2071,2143485,0,111834,1071742,0.0522,19x(109:108)diag+rot
2072,2145556,0,226128,1072778,0.1054,"AGL(1,673)xF1399:C233"
2073,2147628,0,238395,1073814,0.1110,3x(691:690)diag
2074,2149701,0,482653,1074850,0.2245,"AGL(1,1091)xF983:C491"
2075,2151775,0,61307,1075887,0.0285,"F659+(6q+1=607)+(8q+1=809),q=101"
2076,2153850,0,482653,1076925,0.2241,"AGL(1,1093)xF983:C491"
2077,2155926,0,68801,1077963,0.0319,"F577+(6q+1=643)+(8q+1=857),q=107"
2078,2158003,0,1078482,1079001,0.4998,2x(1039:519)diag+rot
2079,2160081,0,45443,1080040,0.0210,"AGL(1,512)xF1567:C29"
2080,2162160,0,518671,1081080,0.2399,"AGL(1,1061)xF1019:C509"
2081,2164240,1,2164240,2164240,1.0000,"AGL(1,2081) [exact]"
2082,2166321,0,518671,1083160,0.2394,"AGL(1,1063)xF1019:C509"
2083,2168403,1,2168403,2168403,1.0000,"AGL(1,2083) [exact]"
2084,2170486,0,196747,1085243,0.0906,"AGL(1,997)xF1087:C181"
2085,2172570,0,56233,1086285,0.0259,"AGL(1,1024)xF1061:C53"
2086,2174655,0,482653,1087327,0.2219,"AGL(1,1103)xF983:C491"
2087,2176741,1,2176741,2176741,1.0000,"AGL(1,2087) [exact]"
2088,2178828,0,518671,1089414,0.2381,"AGL(1,1069)xF1019:C509"
2089,2180916,1,2180916,2180916,1.0000,"AGL(1,2089) [exact]"
2090,2183005,0,238395,1091502,0.1092,"AGL(1,691)xF1399:C233"
2091,2185095,0,130816,1092547,0.0599,"AGL(1,512)xF1579:C263"
2092,2187186,0,482653,1093593,0.2207,"AGL(1,1109)xF983:C491"
2093,2189278,0,95141,1094639,0.0435,"AGL(1,1024)xF1069:C89"
2094,2191371,0,410871,1095685,0.1875,"AGL(1,907)xF1187:C593"
2095,2193465,0,437855,1096732,0.1996,5x(419:418)diag+rot
2096,2195560,0,265356,1097780,0.1209,"AGL(1,729)xF1367:C683"
2097,2197656,0,41417,1098828,0.0188,"F601+(6q+1=499)+(12q+1=997),q=83"
2098,2199753,0,549676,1099876,0.2499,2x(1049:1048)diag
2099,2201851,1,2201851,2201851,1.0000,"AGL(1,2099) [exact]"
2100,2203950,0,482653,1101975,0.2190,"AGL(1,1117)xF983:C491"
2101,2206050,0,199595,1103025,0.0905,11x(191:190)diag+rot
2102,2208151,0,1103550,1104075,0.4998,2x(1051:525)diag+rot
2103,2210253,0,736050,1105126,0.3330,3x(701:700)diag+rot
2104,2212356,0,392941,1106178,0.1776,"AGL(1,1217)xF887:C443"
2105,2214460,0,88410,1107230,0.0399,5x(421:420)diag
2106,2216565,0,518671,1108282,0.2340,"AGL(1,1087)xF1019:C509"
2107,2218671,0,68801,1109335,0.0310,"F607+(6q+1=643)+(8q+1=857),q=107"
2108,2220778,0,250986,1110389,0.1130,"AGL(1,709)xF1399:C233"
2109,2222886,0,50086,1111443,0.0225,"F317+(2q+1=359)+(8q+1=1433),q=179"
2110,2224995,0,518671,1112497,0.2331,"AGL(1,1091)xF1019:C509"
2111,2227105,1,2227105,2227105,1.0000,"AGL(1,2111) [exact]"
2112,2229216,0,518671,1114608,0.2327,"AGL(1,1093)xF1019:C509"
2113,2231328,1,2231328,2231328,1.0000,"AGL(1,2113) [exact]"
2114,2233441,0,175813,1116720,0.0787,"AGL(1,661)xF1453:C121"
2115,2235555,0,118919,1117777,0.0532,"AGL(1,1024)xF1091:C109"
2116,2237670,0,518671,1118835,0.2318,"AGL(1,1097)xF1019:C509"
2117,2239786,0,76212,1119893,0.0340,29x(73:72)diag+rot
2118,2241903,0,392941,1120951,0.1753,"AGL(1,1231)xF887:C443"
2119,2244021,0,171639,1122010,0.0765,13x(163:162)diag+rot
2120,2246140,0,226128,1123070,0.1007,"AGL(1,673)xF1447:C241"
2121,2248260,0,150289,1124130,0.0668,"AGL(1,1024)xF1097:C137"
2122,2250381,0,562330,1125190,0.2499,2x(1061:1060)diag
2123,2252503,0,203808,1126251,0.0905,11x(193:192)diag+rot
2124,2254626,0,438516,1127313,0.1945,"AGL(1,937)xF1187:C593"
2125,2256750,0,131750,1128375,0.0584,17x(125:124)diag+rot
2126,2258875,0,1128906,1129437,0.4998,2x(1063:531)diag+rot
2127,2261001,0,250986,1130500,0.1110,3x(709:708)diag
2128,2263128,0,518671,1131564,0.2292,"AGL(1,1109)xF1019:C509"
2129,2265256,1,2265256,2265256,1.0000,"AGL(1,2129) [exact]"
2130,2267385,0,351541,1133692,0.1550,"AGL(1,1291)xF839:C419"
2131,2269515,1,2269515,2269515,1.0000,"AGL(1,2131) [exact]"
2132,2271646,0,268278,1135823,0.1181,"AGL(1,733)xF1399:C233"
2133,2273778,0,307193,1136889,0.1351,"AGL(1,1024)xF1109:C277"
2134,2275911,0,482653,1137955,0.2121,"AGL(1,1151)xF983:C491"
2135,2278045,0,61307,1139022,0.0269,"F719+(6q+1=607)+(8q+1=809),q=101"
2136,2280180,0,518671,1140090,0.2275,"AGL(1,1117)xF1019:C509"
2137,2282316,1,2282316,2282316,1.0000,"AGL(1,2137) [exact]"
2138,2284453,0,570846,1142226,0.2499,2x(1069:1068)diag
2139,2286591,0,130816,1143295,0.0572,"AGL(1,512)xF1627:C271"
2140,2288730,0,453628,1144365,0.1982,"AGL(1,953)xF1187:C593"
2141,2290870,1,2290870,2290870,1.0000,"AGL(1,2141) [exact]"
2142,2293011,0,518671,1146505,0.2262,"AGL(1,1123)xF1019:C509"
2143,2295153,1,2295153,2295153,1.0000,"AGL(1,2143) [exact]"
2144,2297296,0,180300,1148648,0.0785,"AGL(1,601)xF1543:C257"
2145,2299440,0,62128,1149720,0.0270,"F353+(2q+1=359)+(8q+1=1433),q=179"
2146,2301585,0,482653,1150792,0.2097,"AGL(1,1163)xF983:C491"
2147,2303731,0,120232,1151865,0.0522,19x(113:112)diag+rot
2148,2305878,0,518671,1152939,0.2249,"AGL(1,1129)xF1019:C509"
2149,2308026,0,328797,1154013,0.1425,7x(307:306)diag+rot
2150,2310175,0,281625,1155087,0.1219,"AGL(1,751)xF1399:C233"
2151,2312325,0,64261,1156162,0.0278,"F359+(2q+1=359)+(8q+1=1433),q=179"
2152,2314476,0,371953,1157238,0.1607,"AGL(1,1289)xF863:C431"
2153,2316628,1,2316628,2316628,1.0000,"AGL(1,2153) [exact]"
2154,2318781,0,482653,1159390,0.2081,"AGL(1,1171)xF983:C491"
2155,2320935,0,92665,1160467,0.0399,5x(431:430)diag
2156,2323090,0,286146,1161545,0.1232,"AGL(1,757)xF1399:C233"
2157,2325246,0,774363,1162623,0.3330,3x(719:718)diag+rot
2158,2327403,0,470935,1163701,0.2023,"AGL(1,971)xF1187:C593"
2159,2329561,0,136017,1164780,0.0584,17x(127:126)diag+rot
2160,2331720,0,384126,1165860,0.1647,"AGL(1,877)xF1283:C641"
2161,2333880,1,2333880,2333880,1.0000,"AGL(1,2161) [exact]"
2162,2336041,0,256507,1168020,0.1098,"AGL(1,729)xF1433:C179"
2163,2338203,0,58653,1169101,0.0251,"F343+(6q+1=607)+(12q+1=1213),q=101"
2164,2340366,0,482653,1170183,0.2062,"AGL(1,1181)xF983:C491"
2165,2342530,0,467640,1171265,0.1996,5x(433:432)diag+rot
2166,2344695,0,392941,1172347,0.1676,"AGL(1,1279)xF887:C443"
2167,2346861,0,212366,1173430,0.0905,11x(197:196)diag+rot
2168,2349028,0,295296,1174514,0.1257,"AGL(1,769)xF1399:C233"
2169,2351196,0,60726,1175598,0.0258,"F349+(6q+1=607)+(12q+1=1213),q=101"
2170,2353365,0,518671,1176682,0.2204,"AGL(1,1151)xF1019:C509"
2171,2355535,0,180193,1177767,0.0765,13x(167:166)diag+rot
2172,2357706,0,518671,1178853,0.2200,"AGL(1,1153)xF1019:C509"
2173,2359878,0,68801,1179939,0.0292,"F673+(6q+1=643)+(8q+1=857),q=107"
2174,2362051,0,1180482,1181025,0.4998,2x(1087:543)diag+rot
2175,2364225,0,130816,1182112,0.0553,"AGL(1,512)xF1663:C277"
2176,2366400,0,482653,1183200,0.2040,"AGL(1,1193)xF983:C491"
2177,2368576,0,337435,1184288,0.1425,7x(311:310)diag+rot
2178,2370753,0,490545,1185376,0.2069,"AGL(1,991)xF1187:C593"
2179,2372931,1,2372931,2372931,1.0000,"AGL(1,2179) [exact]"
2180,2375110,0,268278,1187555,0.1130,"AGL(1,733)xF1447:C241"
2181,2377290,0,263901,1188645,0.1110,3x(727:726)diag
2182,2379471,0,1189190,1189735,0.4998,2x(1091:545)diag+rot
2183,2381653,0,68801,1190826,0.0289,"F683+(6q+1=643)+(8q+1=857),q=107"
2184,2383836,0,496506,1191918,0.2083,"AGL(1,997)xF1187:C593"
2185,2386020,0,61307,1193010,0.0257,"F769+(6q+1=607)+(8q+1=809),q=101"
2186,2388205,0,596778,1194102,0.2499,2x(1093:1092)diag
2187,2390391,1,2390391,2390391,1.0000,"AGL(1,2187) [exact]"
2188,2392578,0,392941,1196289,0.1642,"AGL(1,1301)xF887:C443"
2189,2394766,0,64261,1197383,0.0268,"F397+(2q+1=359)+(8q+1=1433),q=179"
2190,2396955,0,518671,1198477,0.2164,"AGL(1,1171)xF1019:C509"
2191,2399145,0,341796,1199572,0.1425,7x(313:312)diag+rot
2192,2401336,0,268278,1200668,0.1117,"AGL(1,733)xF1459:C243"
2193,2403528,0,64261,1201764,0.0267,"F401+(2q+1=359)+(8q+1=1433),q=179"
2194,2405721,0,601156,1202860,0.2499,2x(1097:1096)diag
2195,2407915,0,480705,1203957,0.1996,5x(439:438)diag+rot
2196,2410110,0,508536,1205055,0.2110,"AGL(1,1009)xF1187:C593"
2197,2412306,1,2412306,2412306,1.0000,"AGL(1,2197) [exact]"
2198,2414503,0,281625,1207251,0.1166,"AGL(1,751)xF1447:C241"
2199,2416701,0,268278,1208350,0.1110,3x(733:732)diag
2200,2418900,0,518671,1209450,0.2144,"AGL(1,1181)xF1019:C509"
2201,2421100,0,77035,1210550,0.0318,31x(71:70)diag+rot
2202,2423301,0,421821,1211650,0.1741,"AGL(1,919)xF1283:C641"
2203,2425503,1,2425503,2425503,1.0000,"AGL(1,2203) [exact]"
2204,2427706,0,286146,1213853,0.1179,"AGL(1,757)xF1447:C241"
2205,2429910,0,79571,1214955,0.0327,"AGL(1,512)xF1693:C47"
2206,2432115,0,1215506,1216057,0.4998,2x(1103:551)diag+rot
2207,2434321,1,2434321,2434321,1.0000,"AGL(1,2207) [exact]"
2208,2436528,0,520710,1218264,0.2137,"AGL(1,1021)xF1187:C593"
2209,2438736,1,2438736,2438736,1.0000,"AGL(1,2209) [exact]"
2210,2440945,0,325967,1220472,0.1335,"AGL(1,811)xF1399:C233"
2211,2443155,0,523776,1221577,0.2144,"AGL(1,1024)xF1187:C593"
2212,2445366,0,518671,1222683,0.2121,"AGL(1,1193)xF1019:C509"
2213,2447578,1,2447578,2447578,1.0000,"AGL(1,2213) [exact]"
2214,2449791,0,482653,1224895,0.1970,"AGL(1,1231)xF983:C491"
2215,2452005,0,489515,1226002,0.1996,5x(443:442)diag+rot
2216,2454220,0,295296,1227110,0.1203,"AGL(1,769)xF1447:C241"
2217,2456436,0,272691,1228218,0.1110,3x(739:738)diag
2218,2458653,0,614386,1229326,0.2499,2x(1109:1108)diag
2219,2460871,0,350602,1230435,0.1425,7x(317:316)diag+rot
2220,2463090,0,533028,1231545,0.2164,"AGL(1,1033)xF1187:C593"
2221,2465310,1,2465310,2465310,1.0000,"AGL(1,2221) [exact]"
2222,2467531,0,325967,1233765,0.1321,"AGL(1,823)xF1399:C233"
2223,2469753,0,64261,1234876,0.0260,"F431+(2q+1=359)+(8q+1=1433),q=179"
2224,2471976,0,442270,1235988,0.1789,"AGL(1,941)xF1283:C641"
2225,2474200,0,75466,1237100,0.0305,"F389+(6q+1=787)+(8q+1=1049),q=131"
2226,2476425,0,539241,1238212,0.2177,"AGL(1,1039)xF1187:C593"
2227,2478651,0,144755,1239325,0.0584,17x(131:130)diag+rot
2228,2480878,0,325967,1240439,0.1314,"AGL(1,829)xF1399:C233"
2229,2483106,0,826959,1241553,0.3330,3x(743:742)diag+rot
2230,2485335,0,447931,1242667,0.1802,"AGL(1,947)xF1283:C641"
2231,2487565,0,107088,1243782,0.0430,23x(97:96)diag+rot
2232,2489796,0,518671,1244898,0.2083,"AGL(1,1213)xF1019:C509"
2233,2492028,0,78606,1246014,0.0315,"F397+(6q+1=787)+(8q+1=1049),q=131"
2234,2494261,0,623286,1247130,0.2499,2x(1117:1116)diag
2235,2496495,0,70643,1248247,0.0283,"AGL(1,512)xF1723:C41"
2236,2498730,0,549676,1249365,0.2200,"AGL(1,1049)xF1187:C593"
2237,2500966,1,2500966,2500966,1.0000,"AGL(1,2237) [exact]"
2238,2503203,0,551775,1251601,0.2204,"AGL(1,1051)xF1187:C593"
2239,2505441,1,2505441,2505441,1.0000,"AGL(1,2239) [exact]"
2240,2507680,0,325967,1253840,0.1300,"AGL(1,841)xF1399:C233"
2241,2509920,0,64261,1254960,0.0256,"F449+(2q+1=359)+(8q+1=1433),q=179"
2242,2512161,0,518671,1256080,0.2065,"AGL(1,1223)xF1019:C509"
2243,2514403,1,2514403,2514403,1.0000,"AGL(1,2243) [exact]"
2244,2516646,0,461280,1258323,0.1833,"AGL(1,961)xF1283:C641"
2245,2518890,0,502880,1259445,0.1996,5x(449:448)diag+rot
2246,2521135,0,1260006,1260567,0.4998,2x(1123:561)diag+rot
2247,2523381,0,57481,1261690,0.0228,"AGL(1,1024)xF1223:C47"
2248,2525628,0,562330,1262814,0.2226,"AGL(1,1061)xF1187:C593"
2249,2527876,0,193414,1263938,0.0765,13x(173:172)diag+rot
2250,2530125,0,564453,1265062,0.2231,"AGL(1,1063)xF1187:C593"
2251,2532375,1,2532375,2532375,1.0000,"AGL(1,2251) [exact]"
2252,2534626,0,325967,1267313,0.1286,"AGL(1,853)xF1399:C233"
2253,2536878,0,377303,1268439,0.1487,"AGL(1,1024)xF1229:C307"
2254,2539131,0,470935,1269565,0.1855,"AGL(1,971)xF1283:C641"
2255,2541385,0,87571,1270692,0.0345,"F419+(6q+1=787)+(8q+1=1049),q=131"
2256,2543640,0,570846,1271820,0.2244,"AGL(1,1069)xF1187:C593"
2257,2545896,0,88410,1272948,0.0347,"F421+(6q+1=787)+(8q+1=1049),q=131"
2258,2548153,0,636756,1274076,0.2499,2x(1129:1128)diag
2259,2550411,0,130816,1275205,0.0513,"AGL(1,512)xF1747:C97"
2260,2552670,0,482653,1276335,0.1891,"AGL(1,1277)xF983:C491"
2261,2554930,0,127411,1277465,0.0499,"AGL(1,1024)xF1237:C103"
2262,2557191,0,482653,1278595,0.1887,"AGL(1,1279)xF983:C491"
2263,2559453,0,81468,1279726,0.0318,31x(73:72)diag+rot
2264,2561716,0,180300,1280858,0.0704,"AGL(1,601)xF1663:C277"
2265,2563980,0,127969,1281990,0.0499,"AGL(1,512)xF1753:C73"
2266,2566245,0,482653,1283122,0.1881,"AGL(1,983)xF1283:C641"
2267,2568511,1,2568511,2568511,1.0000,"AGL(1,2267) [exact]"
2268,2570778,0,518671,1285389,0.2018,"AGL(1,1249)xF1019:C509"
2269,2573046,1,2573046,2573046,1.0000,"AGL(1,2269) [exact]"
2270,2575315,0,338253,1287657,0.1313,"AGL(1,823)xF1447:C241"
2271,2577585,0,286146,1288792,0.1110,3x(757:756)diag
2272,2579856,0,482653,1289928,0.1871,"AGL(1,1289)xF983:C491"
2273,2582128,1,2582128,2582128,1.0000,"AGL(1,2273) [exact]"
2274,2584401,0,590241,1292200,0.2284,"AGL(1,1087)xF1187:C593"
2275,2586675,0,96141,1293337,0.0372,"F439+(6q+1=787)+(8q+1=1049),q=131"
2276,2588950,0,343206,1294475,0.1326,"AGL(1,829)xF1447:C241"
2277,2591226,0,63757,1295613,0.0246,"F421+(6q+1=619)+(12q+1=1237),q=103"
2278,2593503,0,594595,1296751,0.2293,"AGL(1,1091)xF1187:C593"
2279,2595781,0,97903,1297890,0.0377,"F443+(6q+1=787)+(8q+1=1049),q=131"
2280,2598060,0,596778,1299030,0.2297,"AGL(1,1093)xF1187:C593"
2281,2600340,1,2600340,2600340,1.0000,"AGL(1,2281) [exact]"
2282,2602621,0,338253,1301310,0.1300,"AGL(1,823)xF1459:C243"
2283,2604903,0,867540,1302451,0.3330,3x(761:760)diag+rot
2284,2607186,0,601156,1303593,0.2306,"AGL(1,1097)xF1187:C593"
2285,2609470,0,520980,1304735,0.1996,5x(457:456)diag+rot
2286,2611755,0,482653,1305877,0.1848,"AGL(1,1303)xF983:C491"
2287,2614041,1,2614041,2614041,1.0000,"AGL(1,2287) [exact]"
2288,2616328,0,348727,1308164,0.1333,"AGL(1,841)xF1447:C241"
2289,2618616,0,65749,1309308,0.0251,"AGL(1,512)xF1777:C37"
2290,2620905,0,607753,1310452,0.2319,"AGL(1,1103)xF1187:C593"
2291,2623195,0,89349,1311597,0.0341,29x(79:78)diag+rot
2292,2625486,0,508536,1312743,0.1937,"AGL(1,1009)xF1283:C641"
2293,2627778,1,2627778,2627778,1.0000,"AGL(1,2293) [exact]"
2294,2630071,0,281625,1315035,0.1071,"AGL(1,751)xF1543:C257"
2295,2632365,0,130816,1316182,0.0497,"AGL(1,512)xF1783:C81"
2296,2634660,0,614386,1317330,0.2332,"AGL(1,1109)xF1187:C593"
2297,2636956,1,2636956,2636956,1.0000,"AGL(1,2297) [exact]"
2298,2639253,0,518671,1319626,0.1965,"AGL(1,1279)xF1019:C509"
2299,2641551,0,137940,1320775,0.0522,19x(121:120)diag+rot
2300,2643850,0,353220,1321925,0.1336,"AGL(1,841)xF1459:C243"
2301,2646150,0,130816,1323075,0.0494,"AGL(1,512)xF1789:C149"
2302,2648451,0,1323650,1324225,0.4998,2x(1151:575)diag+rot
2303,2650753,0,103097,1325376,0.0389,"F467+(6q+1=787)+(8q+1=1049),q=131"
2304,2653056,0,623286,1326528,0.2349,"AGL(1,1117)xF1187:C593"
2305,2655360,0,106030,1327680,0.0399,5x(461:460)diag
2306,2657665,0,664128,1328832,0.2499,2x(1153:1152)diag
2307,2659971,0,523776,1329985,0.1969,"AGL(1,1024)xF1283:C641"
2308,2662278,0,518671,1331139,0.1948,"AGL(1,1289)xF1019:C509"
2309,2664586,1,2664586,2664586,1.0000,"AGL(1,2309) [exact]"
2310,2666895,0,630003,1333447,0.2362,"AGL(1,1123)xF1187:C593"
2311,2669205,1,2669205,2669205,1.0000,"AGL(1,2311) [exact]"
2312,2671516,0,363378,1335758,0.1360,"AGL(1,853)xF1459:C729"
2313,2673828,0,64261,1336914,0.0240,"F521+(2q+1=359)+(8q+1=1433),q=179"
2314,2676141,0,530965,1338070,0.1984,"AGL(1,1031)xF1283:C641"
2315,2678455,0,534765,1339227,0.1997,5x(463:462)diag+rot
2316,2680770,0,636756,1340385,0.2375,"AGL(1,1129)xF1187:C593"
2317,2683086,0,382305,1341543,0.1425,7x(331:330)diag+rot
2318,2685403,0,368511,1342701,0.1372,"AGL(1,859)xF1459:C729"
2319,2687721,0,895134,1343860,0.3330,3x(773:772)diag+rot
2320,2690040,0,518671,1345020,0.1928,"AGL(1,1301)xF1019:C509"
2321,2692360,0,243705,1346180,0.0905,11x(211:210)diag+rot
2322,2694681,0,539241,1347340,0.2001,"AGL(1,1039)xF1283:C641"
2323,2697003,0,130816,1348501,0.0485,"AGL(1,512)xF1811:C181"
2324,2699326,0,348727,1349663,0.1292,"AGL(1,877)xF1447:C241"
2325,2701650,0,48793,1350825,0.0181,"F317+(14q+1=827)+(20q+1=1181),q=59"
2326,2703975,0,1351406,1351987,0.4998,2x(1163:581)diag+rot
2327,2706301,0,207103,1353150,0.0765,13x(179:178)diag+rot
2328,2708628,0,520710,1354314,0.1922,"AGL(1,1021)xF1307:C653"
2329,2710956,0,106953,1355478,0.0395,"F463+(2q+1=467)+(6q+1=1399),q=233"
2330,2713285,0,348727,1356642,0.1285,"AGL(1,883)xF1447:C241"
2331,2715615,0,523776,1357807,0.1929,"AGL(1,1024)xF1307:C653"
2332,2717946,0,549676,1358973,0.2022,"AGL(1,1049)xF1283:C641"
2333,2720278,1,2720278,2720278,1.0000,"AGL(1,2333) [exact]"
2334,2722611,0,551775,1361305,0.2027,"AGL(1,1051)xF1283:C641"
2335,2724945,0,544055,1362472,0.1997,5x(467:466)diag+rot
2336,2727280,0,384126,1363640,0.1408,"AGL(1,877)xF1459:C729"
2337,2729616,0,41417,1364808,0.0152,"F841+(6q+1=499)+(12q+1=997),q=83"
2338,2731953,0,661825,1365976,0.2423,"AGL(1,1151)xF1187:C593"
2339,2734291,1,2734291,2734291,1.0000,"AGL(1,2339) [exact]"
2340,2736630,0,664128,1368315,0.2427,"AGL(1,1153)xF1187:C593"
2341,2738970,1,2738970,2738970,1.0000,"AGL(1,2341) [exact]"
2342,2741311,0,1370070,1370655,0.4998,2x(1171:585)diag+rot
2343,2743653,0,523776,1371826,0.1909,"AGL(1,1024)xF1319:C659"
2344,2745996,0,562330,1372998,0.2048,"AGL(1,1061)xF1283:C641"
2345,2748340,0,108811,1374170,0.0396,"F479+(2q+1=467)+(6q+1=1399),q=233"
2346,2750685,0,564453,1375342,0.2052,"AGL(1,1063)xF1283:C641"
2347,2753031,1,2753031,2753031,1.0000,"AGL(1,2347) [exact]"
2348,2755378,0,295296,1377689,0.1072,"AGL(1,769)xF1579:C263"
2349,2757726,0,93960,1378863,0.0341,29x(81:80)diag+rot
2350,2760075,0,675703,1380037,0.2448,"AGL(1,1163)xF1187:C593"
2351,2762425,1,2762425,2762425,1.0000,"AGL(1,2351) [exact]"
2352,2764776,0,570846,1382388,0.2065,"AGL(1,1069)xF1283:C641"
2353,2767128,0,211770,1383564,0.0765,13x(181:180)diag+rot
2354,2769481,0,348727,1384740,0.1259,"AGL(1,907)xF1447:C241"
2355,2771835,0,64261,1385917,0.0232,"F563+(2q+1=359)+(8q+1=1433),q=179"
2356,2774190,0,549676,1387095,0.1981,"AGL(1,1049)xF1307:C653"
2357,2776546,1,2776546,2776546,1.0000,"AGL(1,2357) [exact]"
2358,2778903,0,685035,1389451,0.2465,"AGL(1,1171)xF1187:C593"
2359,2781261,0,130816,1390630,0.0470,"AGL(1,512)xF1847:C71"
2360,2783620,0,325967,1391810,0.1171,"AGL(1,961)xF1399:C233"
2361,2785980,0,309291,1392990,0.1110,3x(787:786)diag
2362,2788341,0,696790,1394170,0.2499,2x(1181:1180)diag
2363,2790703,0,163047,1395351,0.0584,17x(139:138)diag+rot
2364,2793066,0,496506,1396533,0.1778,"AGL(1,997)xF1367:C683"
2365,2795430,0,108811,1397715,0.0389,"F499+(2q+1=467)+(6q+1=1399),q=233"
2366,2797795,0,410871,1398897,0.1469,"AGL(1,907)xF1459:C729"
2367,2800161,0,61307,1400080,0.0219,"F547+(6q+1=607)+(12q+1=1213),q=101"
2368,2802528,0,696790,1401264,0.2486,"AGL(1,1181)xF1187:C593"
2369,2804896,0,120819,1402448,0.0431,23x(103:102)diag+rot
2370,2807265,0,590241,1403632,0.2103,"AGL(1,1087)xF1283:C641"
2371,2809635,1,2809635,2809635,1.0000,"AGL(1,2371) [exact]"
2372,2812006,0,343206,1406003,0.1221,"AGL(1,829)xF1543:C257"
2373,2814378,0,57691,1407189,0.0205,"AGL(1,512)xF1861:C31"
2374,2816751,0,1407782,1408375,0.4998,2x(1187:593)diag+rot
2375,2819125,0,147250,1409562,0.0522,19x(125:124)diag+rot
2376,2821500,0,596778,1410750,0.2115,"AGL(1,1093)xF1283:C641"
2377,2823876,1,2823876,2823876,1.0000,"AGL(1,2377) [exact]"
2378,2826253,0,421821,1413126,0.1493,"AGL(1,919)xF1459:C729"
2379,2828631,0,130816,1414315,0.0462,"AGL(1,512)xF1867:C311"
2380,2831010,0,703891,1415505,0.2486,"AGL(1,1193)xF1187:C593"
2381,2833390,1,2833390,2833390,1.0000,"AGL(1,2381) [exact]"
2382,2835771,0,564453,1417885,0.1990,"AGL(1,1063)xF1319:C659"
2383,2838153,1,2838153,2838153,1.0000,"AGL(1,2383) [exact]"
2384,2840536,0,353220,1420268,0.1243,"AGL(1,841)xF1543:C257"
2385,2842920,0,64261,1421460,0.0226,"F593+(2q+1=359)+(8q+1=1433),q=179"
2386,2845305,0,711028,1422652,0.2499,2x(1193:1192)diag
2387,2847691,0,108811,1423845,0.0382,"F521+(2q+1=467)+(6q+1=1399),q=233"
2388,2850078,0,703891,1425039,0.2470,"AGL(1,1201)xF1187:C593"
2389,2852466,1,2852466,2852466,1.0000,"AGL(1,2389) [exact]"
2390,2854855,0,328455,1427427,0.1151,"AGL(1,811)xF1579:C263"
2391,2857245,0,951618,1428622,0.3331,3x(797:796)diag+rot
2392,2859636,0,614386,1429818,0.2148,"AGL(1,1109)xF1283:C641"
2393,2862028,1,2862028,2862028,1.0000,"AGL(1,2393) [exact]"
2394,2864421,0,590241,1432210,0.2061,"AGL(1,1087)xF1307:C653"
2395,2866815,0,572405,1433407,0.1997,5x(479:478)diag+rot
2396,2869210,0,438516,1434605,0.1528,"AGL(1,937)xF1459:C729"
2397,2871606,0,470939,1435803,0.1640,"AGL(1,1024)xF1373:C343"
2398,2874003,0,594595,1437001,0.2069,"AGL(1,1091)xF1307:C653"
2399,2876401,1,2876401,2876401,1.0000,"AGL(1,2399) [exact]"
2400,2878800,0,703891,1439400,0.2445,"AGL(1,1213)xF1187:C593"
2401,2881200,1,2881200,2881200,1.0000,"AGL(1,2401) [exact]"
2402,2883601,0,720600,1441800,0.2499,2x(1201:1200)diag
2403,2886003,0,63757,1443001,0.0221,"F547+(6q+1=619)+(12q+1=1237),q=103"
2404,2888406,0,703891,1444203,0.2437,"AGL(1,1217)xF1187:C593"
2405,2890810,0,103097,1445405,0.0357,"F569+(6q+1=787)+(8q+1=1049),q=131"
2406,2893215,0,630003,1446607,0.2178,"AGL(1,1123)xF1283:C641"
2407,2895621,0,112751,1447810,0.0389,"F487+(6q+1=823)+(8q+1=1097),q=137"
2408,2898028,0,348727,1449014,0.1203,"AGL(1,961)xF1447:C241"
2409,2900436,0,64261,1450218,0.0222,"F617+(2q+1=359)+(8q+1=1433),q=179"
2410,2902845,0,703891,1451422,0.2425,"AGL(1,1223)xF1187:C593"
2411,2905255,1,2905255,2905255,1.0000,"AGL(1,2411) [exact]"
2412,2907666,0,636756,1453833,0.2190,"AGL(1,1129)xF1283:C641"
2413,2910078,0,152019,1455039,0.0522,19x(127:126)diag+rot
2414,2912491,0,348727,1456245,0.1197,"AGL(1,967)xF1447:C241"
2415,2914905,0,41831,1457452,0.0144,"F643+(12q+1=709)+(18q+1=1063),q=59"
2416,2917320,0,703891,1458660,0.2413,"AGL(1,1229)xF1187:C593"
2417,2919736,1,2919736,2919736,1.0000,"AGL(1,2417) [exact]"
2418,2922153,0,703891,1461076,0.2409,"AGL(1,1231)xF1187:C593"
2419,2924571,0,130816,1462285,0.0447,"AGL(1,512)xF1907:C953"
2420,2926990,0,461280,1463495,0.1576,"AGL(1,961)xF1459:C729"
2421,2929410,0,61307,1464705,0.0209,"F601+(6q+1=607)+(12q+1=1213),q=101"
2422,2931831,0,607753,1465915,0.2073,"AGL(1,1103)xF1319:C659"
2423,2934253,1,2934253,2934253,1.0000,"AGL(1,2423) [exact]"
2424,2936676,0,703891,1468338,0.2397,"AGL(1,1237)xF1187:C593"
2425,2939100,0,130816,1469550,0.0445,"AGL(1,512)xF1913:C239"
2426,2941525,0,735078,1470762,0.2499,2x(1213:1212)diag
2427,2943951,0,980508,1471975,0.3331,3x(809:808)diag+rot
2428,2946378,0,614386,1473189,0.2085,"AGL(1,1109)xF1319:C659"
2429,2948806,0,420217,1474403,0.1425,7x(347:346)diag+rot
2430,2951235,0,630003,1475617,0.2135,"AGL(1,1123)xF1307:C653"
2431,2953665,0,81709,1476832,0.0277,"F409+(8q+1=809)+(12q+1=1213),q=101"
2432,2956096,0,363378,1478048,0.1229,"AGL(1,853)xF1579:C263"
2433,2958528,0,328455,1479264,0.1110,3x(811:810)diag
2434,2960961,0,739936,1480480,0.2499,2x(1217:1216)diag
2435,2963395,0,591705,1481697,0.1997,5x(487:486)diag+rot
2436,2965830,0,703891,1482915,0.2373,"AGL(1,1249)xF1187:C593"
2437,2968266,1,2968266,2968266,1.0000,"AGL(1,2437) [exact]"
2438,2970703,0,368511,1485351,0.1240,"AGL(1,859)xF1579:C263"
2439,2973141,0,64261,1486570,0.0216,"F647+(2q+1=359)+(8q+1=1433),q=179"
2440,2975580,0,453628,1487790,0.1525,"AGL(1,953)xF1487:C743"
2441,2978020,1,2978020,2978020,1.0000,"AGL(1,2441) [exact]"
2442,2980461,0,630003,1490230,0.2114,"AGL(1,1123)xF1319:C659"
2443,2982903,0,425082,1491451,0.1425,7x(349:348)diag+rot
2444,2985346,0,348727,1492673,0.1168,"AGL(1,997)xF1447:C241"
2445,2987790,0,64261,1493895,0.0215,"F653+(2q+1=359)+(8q+1=1433),q=179"
2446,2990235,0,1494506,1495117,0.4998,2x(1223:611)diag+rot
2447,2992681,1,2992681,2992681,1.0000,"AGL(1,2447) [exact]"
2448,2995128,0,636756,1497564,0.2126,"AGL(1,1129)xF1319:C659"
2449,2997576,0,112751,1498788,0.0376,"F529+(6q+1=823)+(8q+1=1097),q=137"
2450,3000025,0,490545,1500012,0.1635,"AGL(1,991)xF1459:C729"
2451,3002475,0,64261,1501237,0.0214,"F659+(2q+1=359)+(8q+1=1433),q=179"
2452,3004926,0,518671,1502463,0.1726,"AGL(1,1433)xF1019:C509"
2453,3007378,0,272283,1503689,0.0905,11x(223:222)diag+rot
2454,3009831,0,685035,1504915,0.2276,"AGL(1,1171)xF1283:C641"
2455,3012285,0,120295,1506142,0.0399,5x(491:490)diag
2456,3014740,0,496506,1507370,0.1647,"AGL(1,997)xF1459:C729"
2457,3017196,0,256507,1508598,0.0850,"AGL(1,1024)xF1433:C179"
2458,3019653,0,754606,1509826,0.2499,2x(1229:1228)diag
2459,3022111,1,3022111,3022111,1.0000,"AGL(1,2459) [exact]"
2460,3024570,0,664128,1512285,0.2196,"AGL(1,1153)xF1307:C653"
2461,3027030,0,130816,1513515,0.0432,"AGL(1,512)xF1949:C487"
2462,3029491,0,1514130,1514745,0.4998,2x(1231:615)diag+rot
2463,3031953,0,1009830,1515976,0.3331,3x(821:820)diag+rot
2464,3034416,0,703891,1517208,0.2320,"AGL(1,1277)xF1187:C593"
2465,3036880,0,108811,1518440,0.0358,"F599+(2q+1=467)+(6q+1=1399),q=233"
2466,3039345,0,703891,1519672,0.2316,"AGL(1,1279)xF1187:C593"
2467,3041811,1,3041811,3041811,1.0000,"AGL(1,2467) [exact]"
2468,3044278,0,508536,1522139,0.1670,"AGL(1,1009)xF1459:C729"
2469,3046746,0,338253,1523373,0.1110,3x(823:822)diag
2470,3049215,0,703891,1524607,0.2308,"AGL(1,1187)xF1283:C641"
2471,3051685,0,434896,1525842,0.1425,7x(353:352)diag+rot
2472,3054156,0,664128,1527078,0.2175,"AGL(1,1153)xF1319:C659"
2473,3056628,1,3056628,3056628,1.0000,"AGL(1,2473) [exact]"
2474,3059101,0,764466,1529550,0.2499,2x(1237:1236)diag
2475,3061575,0,64261,1530787,0.0210,"F683+(2q+1=359)+(8q+1=1433),q=179"
2476,3064050,0,711028,1532025,0.2321,"AGL(1,1193)xF1283:C641"
2477,3066526,1,3066526,3066526,1.0000,"AGL(1,2477) [exact]"
2478,3069003,0,703891,1534501,0.2294,"AGL(1,1291)xF1187:C593"
2479,3071481,0,108811,1535740,0.0354,"F613+(2q+1=467)+(6q+1=1399),q=233"
2480,3073960,0,520710,1536980,0.1694,"AGL(1,1021)xF1459:C729"
2481,3076440,0,1024653,1538220,0.3331,3x(827:826)diag+rot
2482,3078921,0,675703,1539460,0.2195,"AGL(1,1163)xF1319:C659"
2483,3081403,0,523776,1540701,0.1700,"AGL(1,1024)xF1459:C729"
2484,3083886,0,720600,1541943,0.2337,"AGL(1,1201)xF1283:C641"
2485,3086370,0,108811,1543185,0.0353,"F619+(2q+1=467)+(6q+1=1399),q=233"
2486,3088855,0,410871,1544427,0.1330,"AGL(1,907)xF1579:C263"
2487,3091341,0,343206,1545670,0.1110,3x(829:828)diag
2488,3093828,0,703891,1546914,0.2275,"AGL(1,1301)xF1187:C593"
2489,3096316,0,161785,1548158,0.0523,19x(131:130)diag+rot
2490,3098805,0,703891,1549402,0.2271,"AGL(1,1303)xF1187:C593"
2491,3101295,0,112751,1550647,0.0364,"F571+(6q+1=823)+(8q+1=1097),q=137"
2492,3103786,0,533028,1551893,0.1717,"AGL(1,1033)xF1459:C729"
2493,3106278,0,64261,1553139,0.0207,"F701+(2q+1=359)+(8q+1=1433),q=179"
2494,3108771,0,703891,1554385,0.2264,"AGL(1,1187)xF1307:C653"
2495,3111265,0,621255,1555632,0.1997,5x(499:498)diag+rot
2496,3113760,0,735078,1556880,0.2361,"AGL(1,1213)xF1283:C641"
2497,3116256,0,282161,1558128,0.0905,11x(227:226)diag+rot
2498,3118753,0,779376,1559376,0.2499,2x(1249:1248)diag
2499,3121251,0,130816,1560625,0.0419,"AGL(1,512)xF1987:C331"
2500,3123750,0,739936,1561875,0.2369,"AGL(1,1217)xF1283:C641"
2501,3126250,0,81709,1563125,0.0261,"F479+(8q+1=809)+(12q+1=1213),q=101"
2502,3128751,0,564453,1564375,0.1804,"AGL(1,1063)xF1439:C719"
2503,3131253,1,3131253,3131253,1.0000,"AGL(1,2503) [exact]"
2504,3133756,0,396551,1566878,0.1265,"AGL(1,961)xF1543:C257"
2505,3136260,0,130816,1568130,0.0417,"AGL(1,512)xF1993:C83"
2506,3138765,0,747253,1569382,0.2381,"AGL(1,1223)xF1283:C641"
2507,3141271,0,135378,1570635,0.0431,23x(109:108)diag+rot
2508,3143778,0,720600,1571889,0.2292,"AGL(1,1201)xF1307:C653"
2509,3146286,0,240864,1573143,0.0766,13x(193:192)diag+rot
2510,3148795,0,551775,1574397,0.1752,"AGL(1,1051)xF1459:C729"
2511,3151305,0,523776,1575652,0.1662,"AGL(1,1024)xF1487:C743"
2512,3153816,0,754606,1576908,0.2393,"AGL(1,1229)xF1283:C641"
2513,3156328,0,449827,1578164,0.1425,7x(359:358)diag+rot
2514,3158841,0,757065,1579420,0.2397,"AGL(1,1231)xF1283:C641"
2515,3161355,0,631265,1580677,0.1997,5x(503:502)diag+rot
2516,3163870,0,415277,1581935,0.1313,"AGL(1,937)xF1579:C263"
2517,3166386,0,1054623,1583193,0.3331,3x(839:838)diag+rot
2518,3168903,0,1583822,1584451,0.4998,2x(1259:629)diag+rot
2519,3171421,0,287166,1585710,0.0905,11x(229:228)diag+rot
2520,3173940,0,764466,1586970,0.2409,"AGL(1,1237)xF1283:C641"
2521,3176460,1,3176460,3176460,1.0000,"AGL(1,2521) [exact]"
2522,3178981,0,564453,1589490,0.1776,"AGL(1,1063)xF1459:C729"
2523,3181503,0,353220,1590751,0.1110,3x(841:840)diag
2524,3184026,0,739936,1592013,0.2324,"AGL(1,1217)xF1307:C653"
2525,3186550,0,108811,1593275,0.0341,"F659+(2q+1=467)+(6q+1=1399),q=233"
2526,3189075,0,590241,1594537,0.1851,"AGL(1,1087)xF1439:C719"
2527,3191601,0,454860,1595800,0.1425,7x(361:360)diag+rot
2528,3194128,0,570846,1597064,0.1787,"AGL(1,1069)xF1459:C729"
2529,3196656,0,63757,1598328,0.0199,"F673+(6q+1=619)+(12q+1=1237),q=103"
2530,3199185,0,747253,1599592,0.2336,"AGL(1,1223)xF1307:C653"
2531,3201715,1,3201715,3201715,1.0000,"AGL(1,2531) [exact]"
2532,3204246,0,779376,1602123,0.2432,"AGL(1,1249)xF1283:C641"
2533,3206778,0,187442,1603389,0.0585,17x(149:148)diag+rot
2534,3209311,0,410871,1604655,0.1280,"AGL(1,907)xF1627:C271"
2535,3211845,0,228161,1605922,0.0710,"AGL(1,1024)xF1511:C151"
2536,3214380,0,754606,1607190,0.2348,"AGL(1,1229)xF1307:C653"
2537,3216916,0,112751,1608458,0.0350,"F617+(6q+1=823)+(8q+1=1097),q=137"
2538,3219453,0,757065,1609726,0.2352,"AGL(1,1231)xF1307:C653"
2539,3221991,1,3221991,3221991,1.0000,"AGL(1,2539) [exact]"
2540,3224530,0,415277,1612265,0.1288,"AGL(1,961)xF1579:C263"
2541,3227070,0,130816,1613535,0.0405,"AGL(1,512)xF2029:C169"
2542,3229611,0,791911,1614805,0.2452,"AGL(1,1259)xF1283:C641"
2543,3232153,1,3232153,3232153,1.0000,"AGL(1,2543) [exact]"
2544,3234696,0,764466,1617348,0.2363,"AGL(1,1237)xF1307:C653"
2545,3237240,0,646430,1618620,0.1997,5x(509:508)diag+rot
2546,3239785,0,590241,1619892,0.1822,"AGL(1,1087)xF1459:C729"
2547,3242331,0,523776,1621165,0.1615,"AGL(1,1024)xF1523:C761"
2548,3244878,0,754606,1622439,0.2326,"AGL(1,1229)xF1319:C659"
2549,3247426,1,3247426,3247426,1.0000,"AGL(1,2549) [exact]"
2550,3249975,0,757065,1624987,0.2329,"AGL(1,1231)xF1319:C659"
2551,3252525,1,3252525,3252525,1.0000,"AGL(1,2551) [exact]"
2552,3255076,0,596778,1627538,0.1833,"AGL(1,1093)xF1459:C729"
2553,3257628,0,64261,1628814,0.0197,"F761+(2q+1=359)+(8q+1=1433),q=179"
2554,3260181,0,814726,1630090,0.2499,2x(1277:1276)diag
2555,3262735,0,103097,1631367,0.0316,"F719+(6q+1=787)+(8q+1=1049),q=131"
2556,3265290,0,779376,1632645,0.2387,"AGL(1,1249)xF1307:C653"
2557,3267846,1,3267846,3267846,1.0000,"AGL(1,2557) [exact]"
2558,3270403,0,1634562,1635201,0.4998,2x(1279:639)diag+rot
2559,3272961,0,363378,1636480,0.1110,3x(853:852)diag
2560,3275520,0,814726,1637760,0.2487,"AGL(1,1277)xF1283:C641"
2561,3278080,0,250978,1639040,0.0766,13x(197:196)diag+rot
2562,3280641,0,817281,1640320,0.2491,"AGL(1,1279)xF1283:C641"
2563,3283203,0,297308,1641601,0.0906,11x(233:232)diag+rot
2564,3285766,0,438516,1642883,0.1335,"AGL(1,937)xF1627:C271"
2565,3288330,0,103097,1644165,0.0314,"F729+(6q+1=787)+(8q+1=1049),q=131"
2566,3290895,0,1644806,1645447,0.4998,2x(1283:641)diag+rot
2567,3293461,0,396551,1646730,0.1204,"AGL(1,1024)xF1543:C257"
2568,3296028,0,779376,1648014,0.2365,"AGL(1,1249)xF1319:C659"
2569,3298596,0,470127,1649298,0.1425,7x(367:366)diag+rot
2570,3301165,0,415277,1650582,0.1258,"AGL(1,991)xF1579:C263"
2571,3303735,0,1100388,1651867,0.3331,3x(857:856)diag+rot
2572,3306306,0,822403,1653153,0.2487,"AGL(1,1289)xF1283:C641"
2573,3308878,0,112751,1654439,0.0341,"F653+(6q+1=823)+(8q+1=1097),q=137"
2574,3311451,0,822403,1655725,0.2484,"AGL(1,1291)xF1283:C641"
2575,3314025,0,130816,1657012,0.0395,"AGL(1,512)xF2063:C1031"
2576,3316600,0,623286,1658300,0.1879,"AGL(1,1117)xF1459:C729"
2577,3319176,0,368511,1659588,0.1110,3x(859:858)diag
2578,3321753,0,830116,1660876,0.2499,2x(1289:1288)diag
2579,3324331,1,3324331,3324331,1.0000,"AGL(1,2579) [exact]"
2580,3326910,0,822403,1663455,0.2472,"AGL(1,1297)xF1283:C641"
2581,3329490,0,113564,1664745,0.0341,29x(89:88)diag+rot
2582,3332071,0,1665390,1666035,0.4998,2x(1291:645)diag+rot
2583,3334653,0,63919,1667326,0.0192,"AGL(1,1024)xF1559:C41"
2584,3337236,0,822403,1668618,0.2464,"AGL(1,1301)xF1283:C641"
2585,3339820,0,108811,1669910,0.0326,"F719+(2q+1=467)+(6q+1=1399),q=233"
2586,3342405,0,822403,1671202,0.2461,"AGL(1,1303)xF1283:C641"
2587,3344991,0,256113,1672495,0.0766,13x(199:198)diag+rot
2588,3347578,0,636756,1673789,0.1902,"AGL(1,1129)xF1459:C729"
2589,3350166,0,1115859,1675083,0.3331,3x(863:862)diag+rot
2590,3352755,0,822403,1676377,0.2453,"AGL(1,1283)xF1307:C653"
2591,3355345,1,3355345,3355345,1.0000,"AGL(1,2591) [exact]"
2592,3357936,0,664128,1678968,0.1978,"AGL(1,1153)xF1439:C719"
2593,3360528,1,3360528,3360528,1.0000,"AGL(1,2593) [exact]"
2594,3363121,0,840456,1681560,0.2499,2x(1297:1296)diag
2595,3365715,0,246647,1682857,0.0733,"AGL(1,1024)xF1571:C157"
2596,3368310,0,830116,1684155,0.2464,"AGL(1,1289)xF1307:C653"
2597,3370906,0,112751,1685453,0.0334,"F677+(6q+1=823)+(8q+1=1097),q=137"
2598,3373503,0,832695,1686751,0.2468,"AGL(1,1291)xF1307:C653"
2599,3376101,0,145544,1688050,0.0431,23x(113:112)diag+rot
2600,3378700,0,438516,1689350,0.1298,"AGL(1,937)xF1663:C277"
2601,3381300,0,64261,1690650,0.0190,"F809+(2q+1=359)+(8q+1=1433),q=179"
2602,3383901,0,845650,1691950,0.2499,2x(1301:1300)diag
2603,3386503,0,415277,1693251,0.1226,"AGL(1,1024)xF1579:C263"
2604,3389106,0,840456,1694553,0.2480,"AGL(1,1297)xF1307:C653"
2605,3391710,0,135460,1695855,0.0399,5x(521:520)diag
2606,3394315,0,1696506,1697157,0.4998,2x(1303:651)diag+rot
2607,3396921,0,178879,1698460,0.0527,"AGL(1,1024)xF1583:C113"
2608,3399528,0,845650,1699764,0.2488,"AGL(1,1301)xF1307:C653"
2609,3402136,1,3402136,3402136,1.0000,"AGL(1,2609) [exact]"
2610,3404745,0,848253,1702372,0.2491,"AGL(1,1303)xF1307:C653"
2611,3407355,0,485646,1703677,0.1425,7x(373:372)diag+rot
2612,3409966,0,664128,1704983,0.1948,"AGL(1,1153)xF1459:C729"
2613,3412578,0,64261,1706289,0.0188,"F821+(2q+1=359)+(8q+1=1433),q=179"
2614,3415191,0,1706942,1707595,0.4998,2x(1307:653)diag+rot
2615,3417805,0,682515,1708902,0.1997,5x(523:522)diag+rot
2616,3420420,0,840456,1710210,0.2457,"AGL(1,1297)xF1319:C659"
2617,3423036,1,3423036,3423036,1.0000,"AGL(1,2617) [exact]"
2618,3425653,0,440917,1712826,0.1287,"AGL(1,991)xF1627:C271"
2619,3428271,0,64261,1714135,0.0187,"F827+(2q+1=359)+(8q+1=1433),q=179"
2620,3430890,0,845650,1715445,0.2465,"AGL(1,1301)xF1319:C659"
2621,3433510,1,3433510,3433510,1.0000,"AGL(1,2621) [exact]"
2622,3436131,0,848253,1718065,0.2469,"AGL(1,1303)xF1319:C659"
2623,3438753,0,130816,1719376,0.0380,"AGL(1,512)xF2111:C211"
2624,3441376,0,460651,1720688,0.1339,"AGL(1,961)xF1663:C277"
2625,3444000,0,67616,1722000,0.0196,"AGL(1,512)xF2113:C64"
2626,3446625,0,853471,1723312,0.2476,"AGL(1,1307)xF1319:C659"
2627,3449251,0,108811,1724625,0.0315,"F761+(2q+1=467)+(6q+1=1399),q=233"
2628,3451878,0,853471,1725939,0.2472,"AGL(1,1321)xF1307:C653"
2629,3454506,0,312851,1727253,0.0906,11x(239:238)diag+rot
2630,3457135,0,685035,1728567,0.1982,"AGL(1,1171)xF1459:C729"
2631,3459765,0,384126,1729882,0.1110,3x(877:876)diag
2632,3462396,0,711028,1731198,0.2054,"AGL(1,1193)xF1439:C719"
2633,3465028,1,3465028,3465028,1.0000,"AGL(1,2633) [exact]"
2634,3467661,0,853471,1733830,0.2461,"AGL(1,1327)xF1307:C653"
2635,3470295,0,171991,1735147,0.0496,"AGL(1,2048)xF587:C293"
2636,3472930,0,440917,1736465,0.1270,"AGL(1,1009)xF1627:C271"
2637,3475566,0,50003,1737783,0.0144,"AGL(1,1024)xF1613:C31"
2638,3478203,0,1738442,1739101,0.4998,2x(1319:659)diag+rot
2639,3480841,0,112751,1740420,0.0324,"F719+(6q+1=823)+(8q+1=1097),q=137"
2640,3483480,0,869221,1741740,0.2495,"AGL(1,1321)xF1319:C659"
2641,3486120,0,182229,1743060,0.0523,19x(139:138)diag+rot
2642,3488761,0,871860,1744380,0.2499,2x(1321:1320)diag
2643,3491403,0,1162920,1745701,0.3331,3x(881:880)diag+rot
2644,3494046,0,822403,1747023,0.2354,"AGL(1,1361)xF1283:C641"
2645,3496690,0,698280,1748345,0.1997,5x(529:528)diag+rot
2646,3499335,0,869221,1749667,0.2484,"AGL(1,1327)xF1319:C659"
2647,3501981,1,3501981,3501981,1.0000,"AGL(1,2647) [exact]"
2648,3504628,0,440917,1752314,0.1258,"AGL(1,1021)xF1627:C271"
2649,3507276,0,389403,1753638,0.1110,3x(883:882)diag
2650,3509925,0,869221,1754962,0.2476,"AGL(1,1331)xF1319:C659"
2651,3512575,0,440917,1756287,0.1255,"AGL(1,1024)xF1627:C271"
2652,3515226,0,822403,1757613,0.2340,"AGL(1,1369)xF1283:C641"
2653,3517878,0,130816,1758939,0.0372,"AGL(1,512)xF2141:C107"
2654,3520531,0,1759602,1760265,0.4998,2x(1327:663)diag+rot
2655,3523185,0,64261,1761592,0.0182,"F863+(2q+1=359)+(8q+1=1433),q=179"
2656,3525840,0,830116,1762920,0.2354,"AGL(1,1289)xF1367:C683"
2657,3528496,1,3528496,3528496,1.0000,"AGL(1,2657) [exact]"
2658,3531153,0,832695,1765576,0.2358,"AGL(1,1291)xF1367:C683"
2659,3533811,1,3533811,3533811,1.0000,"AGL(1,2659) [exact]"
2660,3536470,0,720600,1768235,0.2038,"AGL(1,1201)xF1459:C729"
2661,3539130,0,1178823,1769565,0.3331,3x(887:886)diag+rot
2662,3541791,0,1770230,1770895,0.4998,2x(1331:665)diag+rot
2663,3544453,1,3544453,3544453,1.0000,"AGL(1,2663) [exact]"
2664,3547116,0,840456,1773558,0.2369,"AGL(1,1297)xF1367:C683"
2665,3549780,0,130816,1774890,0.0369,"AGL(1,512)xF2153:C269"
2666,3552445,0,467061,1776222,0.1315,"AGL(1,967)xF1699:C283"
2667,3555111,0,63757,1777555,0.0179,"AGL(1,2048)xF619:C103"
2668,3557778,0,853471,1778889,0.2399,"AGL(1,1361)xF1307:C653"
2669,3560446,0,208182,1780223,0.0585,17x(157:156)diag+rot
2670,3563115,0,848253,1781557,0.2381,"AGL(1,1303)xF1367:C683"
2671,3565785,1,3565785,3565785,1.0000,"AGL(1,2671) [exact]"
2672,3568456,0,735078,1784228,0.2060,"AGL(1,1213)xF1459:C729"
2673,3571128,0,323433,1785564,0.0906,(243:121)wr11
2674,3573801,0,853471,1786900,0.2388,"AGL(1,1307)xF1367:C683"
2675,3576475,0,108811,1788237,0.0304,"F809+(2q+1=467)+(6q+1=1399),q=233"
2676,3579150,0,853471,1789575,0.2385,"AGL(1,1369)xF1307:C653"
2677,3581826,1,3581826,3581826,1.0000,"AGL(1,2677) [exact]"
2678,3584503,0,440917,1792251,0.1230,"AGL(1,1051)xF1627:C271"
2679,3587181,0,64261,1793590,0.0179,"F887+(2q+1=359)+(8q+1=1433),q=179"
2680,3589860,0,869221,1794930,0.2421,"AGL(1,1361)xF1319:C659"
2681,3592540,0,512071,1796270,0.1425,7x(383:382)diag+rot
2682,3595221,0,822403,1797610,0.2287,"AGL(1,1399)xF1283:C641"
2683,3597903,1,3597903,3597903,1.0000,"AGL(1,2683) [exact]"
2684,3600586,0,460651,1800293,0.1279,"AGL(1,1021)xF1663:C277"
2685,3603270,0,63757,1801635,0.0177,"F829+(6q+1=619)+(12q+1=1237),q=103"
2686,3605955,0,869221,1802977,0.2411,"AGL(1,1319)xF1367:C683"
2687,3608641,1,3608641,3608641,1.0000,"AGL(1,2687) [exact]"
2688,3611328,0,871860,1805664,0.2414,"AGL(1,1321)xF1367:C683"
2689,3614016,1,3614016,3614016,1.0000,"AGL(1,2689) [exact]"
2690,3616705,0,757065,1808352,0.2093,"AGL(1,1231)xF1459:C729"
2691,3619395,0,130816,1809697,0.0361,"AGL(1,512)xF2179:C121"
2692,3622086,0,869221,1811043,0.2400,"AGL(1,1373)xF1319:C659"
2693,3624778,1,3624778,3624778,1.0000,"AGL(1,2693) [exact]"
2694,3627471,0,879801,1813735,0.2425,"AGL(1,1327)xF1367:C683"
2695,3630165,0,108811,1815082,0.0300,"F829+(2q+1=467)+(6q+1=1399),q=233"
2696,3632860,0,764466,1816430,0.2104,"AGL(1,1237)xF1459:C729"
2697,3635556,0,63757,1817778,0.0175,"F841+(6q+1=619)+(12q+1=1237),q=103"
2698,3638253,0,885115,1819126,0.2433,"AGL(1,1331)xF1367:C683"
2699,3640951,1,3640951,3640951,1.0000,"AGL(1,2699) [exact]"
2700,3643650,0,869221,1821825,0.2386,"AGL(1,1381)xF1319:C659"
2701,3646350,0,106439,1823175,0.0292,"AGL(1,2048)xF653:C163"
2702,3649051,0,460651,1824525,0.1262,"AGL(1,1039)xF1663:C277"
2703,3651753,0,64261,1825876,0.0176,"F911+(2q+1=359)+(8q+1=1433),q=179"
2704,3654456,0,739936,1827228,0.2025,"AGL(1,1217)xF1487:C743"
2705,3657160,0,146070,1828580,0.0399,5x(541:540)diag
2706,3659865,0,853471,1829932,0.2332,"AGL(1,1399)xF1307:C653"
2707,3662571,1,3662571,3662571,1.0000,"AGL(1,2707) [exact]"
2708,3665278,0,779376,1832639,0.2126,"AGL(1,1249)xF1459:C729"
2709,3667986,0,63757,1833993,0.0174,"F853+(6q+1=619)+(12q+1=1237),q=103"
2710,3670695,0,822403,1835347,0.2240,"AGL(1,1427)xF1283:C641"
2711,3673405,1,3673405,3673405,1.0000,"AGL(1,2711) [exact]"
2712,3676116,0,822403,1838058,0.2237,"AGL(1,1429)xF1283:C641"
2713,3678828,1,3678828,3678828,1.0000,"AGL(1,2713) [exact]"
2714,3681541,0,460651,1840770,0.1251,"AGL(1,1051)xF1663:C277"
2715,3684255,0,130816,1842127,0.0355,"AGL(1,512)xF2203:C367"
2716,3686970,0,853471,1843485,0.2315,"AGL(1,1409)xF1307:C653"
2717,3689686,0,112751,1844843,0.0306,"F797+(6q+1=823)+(8q+1=1097),q=137"
2718,3692403,0,869221,1846201,0.2354,"AGL(1,1399)xF1319:C659"
2719,3695121,1,3695121,3695121,1.0000,"AGL(1,2719) [exact]"
2720,3697840,0,480817,1848920,0.1300,"AGL(1,1021)xF1699:C283"
2721,3700560,0,410871,1850280,0.1110,3x(907:906)diag
2722,3703281,0,925480,1851640,0.2499,2x(1361:1360)diag
2723,3706003,0,528262,1853001,0.1425,7x(389:388)diag+rot
2724,3708726,0,764466,1854363,0.2061,"AGL(1,1237)xF1487:C743"
2725,3711450,0,130816,1855725,0.0352,"AGL(1,512)xF2213:C79"
2726,3714175,0,467061,1857087,0.1258,"AGL(1,967)xF1759:C293"
2727,3716901,0,61307,1858450,0.0165,"F907+(6q+1=607)+(12q+1=1213),q=101"
2728,3719628,0,925480,1859814,0.2488,"AGL(1,1361)xF1367:C683"
2729,3722356,1,3722356,3722356,1.0000,"AGL(1,2729) [exact]"
2730,3725085,0,853471,1862542,0.2291,"AGL(1,1423)xF1307:C653"
2731,3727815,1,3727815,3727815,1.0000,"AGL(1,2731) [exact]"
2732,3730546,0,480817,1865273,0.1289,"AGL(1,1033)xF1699:C283"
2733,3733278,0,1243515,1866639,0.3331,3x(911:910)diag+rot
2734,3736011,0,1867322,1868005,0.4998,2x(1367:683)diag+rot
2735,3738745,0,746655,1869372,0.1997,5x(547:546)diag+rot
2736,3741480,0,933661,1870740,0.2495,"AGL(1,1369)xF1367:C683"
2737,3744216,0,82751,1872108,0.0221,"F577+(12q+1=997)+(14q+1=1163),q=83"
2738,3746953,0,936396,1873476,0.2499,2x(1369:1368)diag
2739,3749691,0,73153,1874845,0.0195,"F383+(8q+1=857)+(14q+1=1499),q=107"
2740,3752430,0,933661,1876215,0.2488,"AGL(1,1373)xF1367:C683"
2741,3755170,1,3755170,3755170,1.0000,"AGL(1,2741) [exact]"
2742,3757911,0,869221,1878955,0.2313,"AGL(1,1423)xF1319:C659"
2743,3760653,0,288015,1880326,0.0766,13x(211:210)diag+rot
2744,3763396,0,440917,1881698,0.1172,"AGL(1,1117)xF1627:C271"
2745,3766140,0,75466,1883070,0.0200,"F389+(8q+1=857)+(14q+1=1499),q=107"
2746,3768885,0,941878,1884442,0.2499,2x(1373:1372)diag
2747,3771631,0,112751,1885815,0.0299,"F827+(6q+1=823)+(8q+1=1097),q=137"
2748,3774378,0,933661,1887189,0.2474,"AGL(1,1381)xF1367:C683"
2749,3777126,1,3777126,3777126,1.0000,"AGL(1,2749) [exact]"
2750,3779875,0,832695,1889937,0.2203,"AGL(1,1291)xF1459:C729"
2751,3782625,0,130816,1891312,0.0346,"AGL(1,512)xF2239:C373"
2752,3785376,0,869221,1892688,0.2296,"AGL(1,1433)xF1319:C659"
2753,3788128,1,3788128,3788128,1.0000,"AGL(1,2753) [exact]"
2754,3790881,0,853471,1895440,0.2251,"AGL(1,1447)xF1307:C653"
2755,3793635,0,130816,1896817,0.0345,"AGL(1,512)xF2243:C59"
2756,3796390,0,840456,1898195,0.2214,"AGL(1,1297)xF1459:C729"
2757,3799146,0,523776,1899573,0.1379,"AGL(1,1024)xF1733:C433"
2758,3801903,0,869221,1900951,0.2286,"AGL(1,1319)xF1439:C719"
2759,3804661,0,121396,1902330,0.0319,31x(89:88)diag+rot
2760,3807420,0,871860,1903710,0.2290,"AGL(1,1321)xF1439:C719"
2761,3810180,0,345125,1905090,0.0906,11x(251:250)diag+rot
2762,3812941,0,952890,1906470,0.2499,2x(1381:1380)diag
2763,3815703,0,130816,1907851,0.0343,"AGL(1,512)xF2251:C125"
2764,3818466,0,822403,1909233,0.2154,"AGL(1,1481)xF1283:C641"
2765,3821230,0,103097,1910615,0.0270,"F929+(6q+1=787)+(8q+1=1049),q=131"
2766,3823995,0,933661,1911997,0.2442,"AGL(1,1399)xF1367:C683"
2767,3826761,1,3826761,3826761,1.0000,"AGL(1,2767) [exact]"
2768,3829528,0,508536,1914764,0.1328,"AGL(1,1009)xF1759:C293"
2769,3832296,0,64261,1916148,0.0168,"F977+(2q+1=359)+(8q+1=1433),q=179"
2770,3835065,0,885115,1917532,0.2308,"AGL(1,1331)xF1439:C719"
2771,3837835,0,224451,1918917,0.0585,17x(163:162)diag+rot
2772,3840606,0,869221,1920303,0.2263,"AGL(1,1453)xF1319:C659"
2773,3843378,0,112751,1921689,0.0293,"F853+(6q+1=823)+(8q+1=1097),q=137"
2774,3846151,0,410871,1923075,0.1068,"AGL(1,907)xF1867:C311"
2775,3848925,0,87967,1924462,0.0229,"AGL(1,2048)xF727:C121"
2776,3851700,0,933661,1925850,0.2424,"AGL(1,1409)xF1367:C683"
2777,3854476,1,3854476,3854476,1.0000,"AGL(1,2777) [exact]"
2778,3857253,0,869221,1928626,0.2253,"AGL(1,1319)xF1459:C729"
2779,3860031,0,550242,1930015,0.1425,7x(397:396)diag+rot
2780,3862810,0,871860,1931405,0.2257,"AGL(1,1321)xF1459:C729"
2781,3865590,0,130816,1932795,0.0338,"AGL(1,512)xF2269:C81"
2782,3868371,0,822403,1934185,0.2126,"AGL(1,1499)xF1283:C641"
2783,3871153,0,515387,1935576,0.1331,"AGL(1,1024)xF1759:C293"
2784,3873936,0,840456,1936968,0.2170,"AGL(1,1297)xF1487:C743"
2785,3876720,0,774230,1938360,0.1997,5x(557:556)diag+rot
2786,3879505,0,879801,1939752,0.2268,"AGL(1,1327)xF1459:C729"
2787,3882291,0,1293168,1941145,0.3331,3x(929:928)diag+rot
2788,3885078,0,853471,1942539,0.2197,"AGL(1,1481)xF1307:C653"
2789,3887866,1,3887866,3887866,1.0000,"AGL(1,2789) [exact]"
2790,3890655,0,933661,1945327,0.2400,"AGL(1,1423)xF1367:C683"
2791,3893445,1,3893445,3893445,1.0000,"AGL(1,2791) [exact]"
2792,3896236,0,515387,1948118,0.1323,"AGL(1,1033)xF1759:C293"
2793,3899028,0,80200,1949514,0.0206,"F401+(2q+1=479)+(8q+1=1913),q=239"
2794,3901821,0,933661,1950910,0.2393,"AGL(1,1427)xF1367:C683"
2795,3904615,0,108811,1952307,0.0279,"F929+(2q+1=467)+(6q+1=1399),q=233"
2796,3907410,0,933661,1953705,0.2389,"AGL(1,1429)xF1367:C683"
2797,3910206,1,3910206,3910206,1.0000,"AGL(1,2797) [exact]"
2798,3913003,0,1955802,1956501,0.4998,2x(1399:699)diag+rot
2799,3915801,0,130816,1957900,0.0334,"AGL(1,512)xF2287:C127"
2800,3918600,0,933661,1959300,0.2383,"AGL(1,1433)xF1367:C683"
2801,3921400,1,3921400,3921400,1.0000,"AGL(1,2801) [exact]"
2802,3924201,0,869221,1962100,0.2215,"AGL(1,1483)xF1319:C659"
2803,3927003,1,3927003,3927003,1.0000,"AGL(1,2803) [exact]"
2804,3929806,0,438516,1964903,0.1116,"AGL(1,937)xF1867:C311"
2805,3932610,0,130816,1966305,0.0333,"AGL(1,512)xF2293:C191"
2806,3935415,0,933661,1967707,0.2372,"AGL(1,1367)xF1439:C719"
2807,3938221,0,561400,1969110,0.1426,7x(401:400)diag+rot
2808,3941028,0,936396,1970514,0.2376,"AGL(1,1369)xF1439:C719"
2809,3943836,1,3943836,3943836,1.0000,"AGL(1,2809) [exact]"
2810,3946645,0,515387,1973322,0.1306,"AGL(1,1051)xF1759:C293"
2811,3949455,0,438516,1974727,0.1110,3x(937:936)diag
2812,3952266,0,941878,1976133,0.2383,"AGL(1,1373)xF1439:C719"
2813,3955078,0,266561,1977539,0.0674,"AGL(1,1024)xF1789:C149"
2814,3957891,0,933661,1978945,0.2359,"AGL(1,1447)xF1367:C683"
2815,3960705,0,791015,1980352,0.1997,5x(563:562)diag+rot
2816,3963520,0,480817,1981760,0.1213,"AGL(1,1117)xF1699:C283"
2817,3966336,0,98432,1983168,0.0248,"AGL(1,2048)xF769:C256"
2818,3969153,0,991936,1984576,0.2499,2x(1409:1408)diag
2819,3971971,1,3971971,3971971,1.0000,"AGL(1,2819) [exact]"
2820,3974790,0,952890,1987395,0.2397,"AGL(1,1381)xF1439:C719"
2821,3977610,0,149189,1988805,0.0375,"AGL(1,2048)xF773:C193"
2822,3980431,0,515387,1990215,0.1295,"AGL(1,1063)xF1759:C293"
2823,3983253,0,1326810,1991626,0.3331,3x(941:940)diag+rot
2824,3986076,0,845650,1993038,0.2122,"AGL(1,1301)xF1523:C761"
2825,3988900,0,114481,1994450,0.0287,"F479+(2q+1=587)+(6q+1=1759),q=293"
2826,3991725,0,933661,1995862,0.2339,"AGL(1,1367)xF1459:C729"
2827,3994551,0,361856,1997275,0.0906,11x(257:256)diag+rot
2828,3997378,0,936396,1998689,0.2343,"AGL(1,1369)xF1459:C729"
2829,4000206,0,61307,2000103,0.0153,"F1009+(6q+1=607)+(12q+1=1213),q=101"
2830,4003035,0,869221,2001517,0.2171,"AGL(1,1511)xF1319:C659"
2831,4005865,0,209494,2002932,0.0523,19x(149:148)diag+rot
2832,4008696,0,941878,2004348,0.2350,"AGL(1,1373)xF1459:C729"
2833,4011528,1,4011528,4011528,1.0000,"AGL(1,2833) [exact]"
2834,4014361,0,467061,2007180,0.1163,"AGL(1,967)xF1867:C311"
2835,4017195,0,327791,2008597,0.0816,"AGL(1,1024)xF1811:C181"
2836,4020030,0,822403,2010015,0.2046,"AGL(1,1553)xF1283:C641"
2837,4022866,1,4022866,4022866,1.0000,"AGL(1,2837) [exact]"
2838,4025703,0,977901,2012851,0.2429,"AGL(1,1399)xF1439:C719"
2839,4028541,0,235637,2014270,0.0585,17x(167:166)diag+rot
2840,4031380,0,952890,2015690,0.2364,"AGL(1,1381)xF1459:C729"
2841,4034220,0,1343793,2017110,0.3331,3x(947:946)diag+rot
2842,4037061,0,869221,2018530,0.2153,"AGL(1,1319)xF1523:C761"
2843,4039903,1,4039903,4039903,1.0000,"AGL(1,2843) [exact]"
2844,4042746,0,871860,2021373,0.2157,"AGL(1,1321)xF1523:C761"
2845,4045590,0,807980,2022795,0.1997,5x(569:568)diag+rot
2846,4048435,0,2023506,2024217,0.4998,2x(1423:711)diag+rot
2847,4051281,0,523776,2025640,0.1293,"AGL(1,1024)xF1823:C911"
2848,4054128,0,991936,2027064,0.2447,"AGL(1,1409)xF1439:C719"
2849,4056976,0,126253,2028488,0.0311,"F503+(2q+1=587)+(6q+1=1759),q=293"
2850,4059825,0,933661,2029912,0.2300,"AGL(1,1483)xF1367:C683"
2851,4062675,1,4062675,4062675,1.0000,"AGL(1,2851) [exact]"
2852,4065526,0,515387,2032763,0.1268,"AGL(1,1093)xF1759:C293"
2853,4068378,0,106030,2034189,0.0261,"F461+(2q+1=479)+(8q+1=1913),q=239"
2854,4071231,0,2034902,2035615,0.4998,2x(1427:713)diag+rot
2855,4074085,0,162735,2037042,0.0399,5x(571:570)diag
2856,4076940,0,936396,2038470,0.2297,"AGL(1,1369)xF1487:C743"
2857,4079796,1,4079796,4079796,1.0000,"AGL(1,2857) [exact]"
2858,4082653,0,1020306,2041326,0.2499,2x(1429:1428)diag
2859,4085511,0,1360884,2042755,0.3331,3x(953:952)diag+rot
2860,4088370,0,941878,2044185,0.2304,"AGL(1,1373)xF1487:C743"
2861,4091230,1,4091230,4091230,1.0000,"AGL(1,2861) [exact]"
2862,4094091,0,1011753,2047045,0.2471,"AGL(1,1423)xF1439:C719"
2863,4096953,0,584052,2048476,0.1426,7x(409:408)diag+rot
2864,4099816,0,496506,2049908,0.1211,"AGL(1,997)xF1867:C311"
2865,4102680,0,91699,2051340,0.0224,"F509+(8q+1=857)+(14q+1=1499),q=107"
2866,4105545,0,1026028,2052772,0.2499,2x(1433:1432)diag
2867,4108411,0,135460,2054205,0.0330,"F521+(2q+1=587)+(6q+1=1759),q=293"
2868,4111278,0,1020306,2055639,0.2482,"AGL(1,1429)xF1439:C719"
2869,4114146,0,215175,2057073,0.0523,19x(151:150)diag+rot
2870,4117015,0,490545,2058507,0.1192,"AGL(1,991)xF1879:C313"
2871,4119885,0,131137,2059942,0.0318,"AGL(1,1024)xF1847:C71"
2872,4122756,0,1026028,2061378,0.2489,"AGL(1,1433)xF1439:C719"
2873,4125628,0,241332,2062814,0.0585,17x(169:168)diag+rot
2874,4128501,0,853471,2064250,0.2067,"AGL(1,1567)xF1307:C653"
2875,4131375,0,178250,2065687,0.0431,23x(125:124)diag+rot
2876,4134250,0,515387,2067125,0.1247,"AGL(1,1117)xF1759:C293"
2877,4137126,0,91699,2068563,0.0222,"F521+(8q+1=857)+(14q+1=1499),q=107"
2878,4140003,0,2069282,2070001,0.4998,2x(1439:719)diag+rot
2879,4142881,1,4142881,4142881,1.0000,"AGL(1,2879) [exact]"
2880,4145760,0,822403,2072880,0.1984,"AGL(1,1597)xF1283:C641"
2881,4148640,0,112751,2074320,0.0272,"F961+(6q+1=823)+(8q+1=1097),q=137"
2882,4151521,0,1011753,2075760,0.2437,"AGL(1,1423)xF1459:C729"
2883,4154403,0,461280,2077201,0.1110,3x(961:960)diag
2884,4157286,0,925480,2078643,0.2226,"AGL(1,1361)xF1523:C761"
2885,4160170,0,830880,2080085,0.1997,5x(577:576)diag+rot
2886,4163055,0,1034641,2081527,0.2485,"AGL(1,1447)xF1439:C719"
2887,4165941,1,4165941,4165941,1.0000,"AGL(1,2887) [exact]"
2888,4168828,0,1020306,2084414,0.2447,"AGL(1,1429)xF1459:C729"
2889,4171716,0,82751,2085858,0.0198,"F729+(12q+1=997)+(14q+1=1163),q=83"
2890,4174605,0,1034641,2087302,0.2478,"AGL(1,1451)xF1439:C719"
2891,4177495,0,523776,2088747,0.1254,"AGL(1,1024)xF1867:C311"
2892,4180386,0,1034641,2090193,0.2475,"AGL(1,1453)xF1439:C719"
2893,4183278,0,378983,2091639,0.0906,11x(263:262)diag+rot
2894,4186171,0,2092362,2093085,0.4998,2x(1447:723)diag+rot
2895,4189065,0,130816,2094532,0.0312,"AGL(1,512)xF2383:C397"
2896,4191960,0,991936,2095980,0.2366,"AGL(1,1409)xF1487:C743"
2897,4194856,1,4194856,4194856,1.0000,"AGL(1,2897) [exact]"
2898,4197753,0,1034641,2098876,0.2465,"AGL(1,1439)xF1459:C729"
2899,4200651,0,321789,2100325,0.0766,13x(223:222)diag+rot
2900,4203550,0,533028,2101775,0.1268,"AGL(1,1033)xF1867:C311"
2901,4206450,0,467061,2103225,0.1110,3x(967:966)diag
2902,4209351,0,2103950,2104675,0.4998,2x(1451:725)diag+rot
2903,4212253,1,4212253,4212253,1.0000,"AGL(1,2903) [exact]"
2904,4215156,0,952890,2107578,0.2261,"AGL(1,1381)xF1523:C761"
2905,4218060,0,118341,2109030,0.0281,"F487+(6q+1=907)+(10q+1=1511),q=151"
2906,4220965,0,1054878,2110482,0.2499,2x(1453:1452)diag
2907,4223871,0,73153,2111935,0.0173,"F383+(10q+1=971)+(16q+1=1553),q=97"
2908,4226778,0,853471,2113389,0.2019,"AGL(1,1601)xF1307:C653"
2909,4229686,1,4229686,4229686,1.0000,"AGL(1,2909) [exact]"
2910,4232595,0,1051975,2116297,0.2485,"AGL(1,1451)xF1459:C729"
2911,4235505,0,371953,2117752,0.0878,"AGL(1,2048)xF863:C431"
2912,4238416,0,1054878,2119208,0.2489,"AGL(1,1453)xF1459:C729"
2913,4241328,0,1412805,2120664,0.3331,3x(971:970)diag+rot
2914,4244241,0,1017451,2122120,0.2397,"AGL(1,1427)xF1487:C743"
2915,4247155,0,161596,2123577,0.0380,"F569+(2q+1=587)+(6q+1=1759),q=293"
2916,4250070,0,1020306,2125035,0.2401,"AGL(1,1429)xF1487:C743"
2917,4252986,1,4252986,4252986,1.0000,"AGL(1,2917) [exact]"
2918,4255903,0,2127222,2127951,0.4998,2x(1459:729)diag+rot
2919,4258821,0,91699,2129410,0.0215,"F563+(8q+1=857)+(14q+1=1499),q=107"
2920,4261740,0,1034641,2130870,0.2428,"AGL(1,1481)xF1439:C719"
2921,4264660,0,184023,2132330,0.0432,23x(127:126)diag+rot
2922,4267581,0,1034641,2133790,0.2424,"AGL(1,1483)xF1439:C719"
2923,4270503,0,166176,2135251,0.0389,"F577+(2q+1=587)+(6q+1=1759),q=293"
2924,4273426,0,440917,2136713,0.1032,"AGL(1,1297)xF1627:C271"
2925,4276350,0,91699,2138175,0.0214,"F569+(8q+1=857)+(14q+1=1499),q=107"
2926,4279275,0,1034641,2139637,0.2418,"AGL(1,1439)xF1487:C743"
2927,4282201,1,4282201,4282201,1.0000,"AGL(1,2927) [exact]"
2928,4285128,0,1034641,2142564,0.2414,"AGL(1,1489)xF1439:C719"
2929,4288056,0,146450,2144028,0.0342,29x(101:100)diag+rot
2930,4290985,0,1063611,2145492,0.2479,"AGL(1,1471)xF1459:C729"
2931,4293915,0,1430328,2146957,0.3331,3x(977:976)diag+rot
2932,4296846,0,1034641,2148423,0.2408,"AGL(1,1493)xF1439:C719"
2933,4299778,0,612997,2149889,0.1426,7x(419:418)diag+rot
2934,4302711,0,1046181,2151355,0.2431,"AGL(1,1447)xF1487:C743"
2935,4305645,0,859955,2152822,0.1997,5x(587:586)diag+rot
2936,4308580,0,570846,2154290,0.1325,"AGL(1,1069)xF1867:C311"
2937,4311516,0,457207,2155758,0.1060,"AGL(1,1024)xF1913:C239"
2938,4314453,0,1051975,2157226,0.2438,"AGL(1,1451)xF1487:C743"
2939,4317391,1,4317391,4317391,1.0000,"AGL(1,2939) [exact]"
2940,4320330,0,1063611,2160165,0.2462,"AGL(1,1481)xF1459:C729"
2941,4323270,0,252926,2161635,0.0585,17x(173:172)diag+rot
2942,4326211,0,2162370,2163105,0.4998,2x(1471:735)diag+rot
2943,4329153,0,91699,2164576,0.0212,"F587+(8q+1=857)+(14q+1=1499),q=107"
2944,4332096,0,853471,2166048,0.1970,"AGL(1,1637)xF1307:C653"
2945,4335040,0,171991,2167520,0.0397,"F599+(2q+1=587)+(6q+1=1759),q=293"
2946,4337985,0,1063611,2168992,0.2452,"AGL(1,1459)xF1487:C743"
2947,4340931,0,171991,2170465,0.0396,"F601+(2q+1=587)+(6q+1=1759),q=293"
2948,4343878,0,1063611,2171939,0.2449,"AGL(1,1489)xF1459:C729"
2949,4346826,0,1447959,2173413,0.3331,3x(983:982)diag+rot
2950,4349775,0,1034641,2174887,0.2379,"AGL(1,1511)xF1439:C719"
2951,4352725,0,333463,2176362,0.0766,13x(227:226)diag+rot
2952,4355676,0,1063611,2177838,0.2442,"AGL(1,1493)xF1459:C729"
2953,4358628,1,4358628,4358628,1.0000,"AGL(1,2953) [exact]"
2954,4361581,0,580637,2180790,0.1331,"AGL(1,1087)xF1867:C311"
2955,4364535,0,372683,2182267,0.0854,"AGL(1,1024)xF1931:C193"
2956,4367490,0,1026028,2183745,0.2349,"AGL(1,1433)xF1523:C761"
2957,4370446,1,4370446,4370446,1.0000,"AGL(1,2957) [exact]"
2958,4373403,0,1081185,2186701,0.2472,"AGL(1,1471)xF1487:C743"
2959,4376361,0,396506,2188180,0.0906,11x(269:268)diag+rot
2960,4379320,0,580637,2189660,0.1326,"AGL(1,1093)xF1867:C311"
2961,4382280,0,114481,2191140,0.0261,"F569+(2q+1=479)+(8q+1=1913),q=239"
2962,4385241,0,1095940,2192620,0.2499,2x(1481:1480)diag
2963,4388203,1,4388203,4388203,1.0000,"AGL(1,2963) [exact]"
2964,4391166,0,933661,2195583,0.2126,"AGL(1,1597)xF1367:C683"
2965,4394130,0,877640,2197065,0.1997,5x(593:592)diag+rot
2966,4397095,0,2197806,2198547,0.4998,2x(1483:741)diag+rot
2967,4400061,0,94187,2200030,0.0214,"F443+(10q+1=971)+(16q+1=1553),q=97"
2968,4403028,0,1095940,2201514,0.2489,"AGL(1,1481)xF1487:C743"
2969,4405996,1,4405996,4405996,1.0000,"AGL(1,2969) [exact]"
2970,4408965,0,1098903,2204482,0.2492,"AGL(1,1483)xF1487:C743"
2971,4411935,1,4411935,4411935,1.0000,"AGL(1,2971) [exact]"
2972,4414906,0,588127,2207453,0.1332,"AGL(1,1093)xF1879:C313"
2973,4417878,0,523776,2208939,0.1186,"AGL(1,1024)xF1949:C487"
2974,4420851,0,2209682,2210425,0.4998,2x(1487:743)diag+rot
2975,4423825,0,136957,2211912,0.0310,"F557+(6q+1=907)+(10q+1=1511),q=151"
2976,4426800,0,1104841,2213400,0.2496,"AGL(1,1489)xF1487:C743"
2977,4429776,0,339378,2214888,0.0766,13x(229:228)diag+rot
2978,4432753,0,1107816,2216376,0.2499,2x(1489:1488)diag
2979,4435731,0,130816,2217865,0.0295,"AGL(1,512)xF2467:C137"
2980,4438710,0,1104841,2219355,0.2489,"AGL(1,1493)xF1487:C743"
2981,4441690,0,402435,2220845,0.0906,11x(271:270)diag+rot
2982,4444671,0,1063611,2222335,0.2393,"AGL(1,1459)xF1523:C761"
2983,4447653,0,232674,2223826,0.0523,19x(157:156)diag+rot
2984,4450636,0,580637,2225318,0.1305,"AGL(1,1117)xF1867:C311"
2985,4453620,0,130816,2226810,0.0294,"AGL(1,512)xF2473:C103"
2986,4456605,0,1113778,2228302,0.2499,2x(1493:1492)diag
2987,4459591,0,171991,2229795,0.0386,"F641+(2q+1=587)+(6q+1=1759),q=293"
2988,4462578,0,1034641,2231289,0.2318,"AGL(1,1549)xF1439:C719"
2989,4465566,0,171991,2232783,0.0385,"F643+(2q+1=587)+(6q+1=1759),q=293"
2990,4468555,0,1063611,2234277,0.2380,"AGL(1,1531)xF1459:C729"
2991,4471545,0,496506,2235772,0.1110,3x(997:996)diag
2992,4474536,0,1034641,2237268,0.2312,"AGL(1,1553)xF1439:C719"
2993,4477528,0,171991,2238764,0.0384,"F647+(2q+1=587)+(6q+1=1759),q=293"
2994,4480521,0,1081185,2240260,0.2413,"AGL(1,1471)xF1523:C761"
2995,4483515,0,895505,2241757,0.1997,5x(599:598)diag+rot
2996,4486510,0,588127,2243255,0.1311,"AGL(1,1117)xF1879:C313"
2997,4489506,0,119880,2244753,0.0267,37x(81:80)diag+rot
2998,4492503,0,2245502,2246251,0.4998,2x(1499:749)diag+rot
2999,4495501,1,4495501,4495501,1.0000,"AGL(1,2999) [exact]"
3000,4498500,0,952890,2249250,0.2118,"AGL(1,1381)xF1619:C809"
3001,4501500,1,4501500,4501500,1.0000,"AGL(1,3001) [exact]"
3002,4504501,0,1063611,2252250,0.2361,"AGL(1,1543)xF1459:C729"
3003,4507503,0,94187,2253751,0.0209,"F479+(10q+1=971)+(16q+1=1553),q=97"
3004,4510506,0,1095940,2255253,0.2430,"AGL(1,1481)xF1523:C761"
3005,4513510,0,180300,2256755,0.0399,5x(601:600)diag
3006,4516515,0,1098903,2258257,0.2433,"AGL(1,1483)xF1523:C761"
3007,4519521,0,171991,2259760,0.0381,"F661+(2q+1=587)+(6q+1=1759),q=293"
3008,4522528,0,1063611,2261264,0.2352,"AGL(1,1549)xF1459:C729"
3009,4525536,0,114481,2262768,0.0253,"F617+(2q+1=479)+(8q+1=1913),q=239"
3010,4528545,0,1104841,2264272,0.2440,"AGL(1,1487)xF1523:C761"
3011,4531555,1,4531555,4531555,1.0000,"AGL(1,3011) [exact]"
3012,4534566,0,1107816,2267283,0.2443,"AGL(1,1489)xF1523:C761"
3013,4537578,0,195845,2268789,0.0432,23x(131:130)diag+rot
3014,4540591,0,396551,2270295,0.0873,"AGL(1,1471)xF1543:C257"
3015,4543605,0,130816,2271802,0.0288,"AGL(1,512)xF2503:C139"
3016,4546620,0,1113778,2273310,0.2450,"AGL(1,1493)xF1523:C761"
3017,4549636,0,648655,2274818,0.1426,7x(431:430)diag+rot
3018,4552653,0,1104841,2276326,0.2427,"AGL(1,1531)xF1487:C743"
3019,4555671,1,4555671,4555671,1.0000,"AGL(1,3019) [exact]"
3020,4558690,0,580637,2279345,0.1274,"AGL(1,1153)xF1867:C311"
3021,4561710,0,523776,2280855,0.1148,"AGL(1,1024)xF1997:C499"
3022,4564731,0,2281610,2282365,0.4998,2x(1511:755)diag+rot
3023,4567753,1,4567753,4567753,1.0000,"AGL(1,3023) [exact]"
3024,4570776,0,933661,2285388,0.2043,"AGL(1,1657)xF1367:C683"
3025,4573800,0,136957,2286900,0.0299,"F607+(6q+1=907)+(10q+1=1511),q=151"
3026,4576825,0,1063611,2288412,0.2324,"AGL(1,1567)xF1459:C729"
3027,4579851,0,508536,2289925,0.1110,3x(1009:1008)diag
3028,4582878,0,991936,2291439,0.2164,"AGL(1,1409)xF1619:C809"
3029,4585906,0,351364,2292953,0.0766,13x(233:232)diag+rot
3030,4588935,0,1104841,2294467,0.2408,"AGL(1,1543)xF1487:C743"
3031,4591965,0,654696,2295982,0.1426,7x(433:432)diag+rot
3032,4594996,0,588127,2297498,0.1280,"AGL(1,1153)xF1879:C313"
3033,4598028,0,114481,2299014,0.0249,"F641+(2q+1=479)+(8q+1=1913),q=239"
3034,4601061,0,1140805,2300530,0.2479,"AGL(1,1511)xF1523:C761"
3035,4604095,0,919605,2302047,0.1997,5x(607:606)diag+rot
3036,4607130,0,1104841,2303565,0.2398,"AGL(1,1549)xF1487:C743"
3037,4610166,1,4610166,4610166,1.0000,"AGL(1,3037) [exact]"
3038,4613203,0,1063611,2306601,0.2306,"AGL(1,1579)xF1459:C729"
3039,4616241,0,1537734,2308120,0.3331,3x(1013:1012)diag+rot
3040,4619280,0,1104841,2309640,0.2392,"AGL(1,1553)xF1487:C743"
3041,4622320,1,4622320,4622320,1.0000,"AGL(1,3041) [exact]"
3042,4625361,0,1063611,2312680,0.2300,"AGL(1,1583)xF1459:C729"
3043,4628403,0,270827,2314201,0.0585,17x(179:178)diag+rot
3044,4631446,0,461280,2315723,0.0996,"AGL(1,961)xF2083:C347"
3045,4634490,0,114481,2317245,0.0247,"F653+(2q+1=479)+(8q+1=1913),q=239"
3046,4637535,0,2318006,2318767,0.4998,2x(1523:761)diag+rot
3047,4640581,0,420486,2320290,0.0906,11x(277:276)diag+rot
3048,4643628,0,1034641,2321814,0.2228,"AGL(1,1609)xF1439:C719"
3049,4646676,1,4646676,4646676,1.0000,"AGL(1,3049) [exact]"
3050,4649725,0,588127,2324862,0.1265,"AGL(1,1171)xF1879:C313"
3051,4652775,0,523776,2326387,0.1126,"AGL(1,1024)xF2027:C1013"
3052,4655826,0,1034641,2327913,0.2222,"AGL(1,1613)xF1439:C719"
3053,4658878,0,342901,2329439,0.0736,"AGL(1,1024)xF2029:C169"
3054,4661931,0,1159003,2330965,0.2486,"AGL(1,1531)xF1523:C761"
3055,4664985,0,171991,2332492,0.0369,"F709+(2q+1=587)+(6q+1=1759),q=293"
3056,4668040,0,1063611,2334020,0.2278,"AGL(1,1597)xF1459:C729"
3057,4671096,0,1556013,2335548,0.3331,3x(1019:1018)diag+rot
3058,4674153,0,1104841,2337076,0.2364,"AGL(1,1571)xF1487:C743"
3059,4677211,0,136957,2338605,0.0293,"F641+(6q+1=907)+(10q+1=1511),q=151"
3060,4680270,0,1063611,2340135,0.2273,"AGL(1,1601)xF1459:C729"
3061,4683330,1,4683330,4683330,1.0000,"AGL(1,3061) [exact]"
3062,4686391,0,2342430,2343195,0.4998,2x(1531:765)diag+rot
3063,4689453,0,523776,2344726,0.1117,"AGL(1,1024)xF2039:C1019"
3064,4692516,0,933661,2346258,0.1990,"AGL(1,1697)xF1367:C683"
3065,4695580,0,937890,2347790,0.1997,5x(613:612)diag+rot
3066,4698645,0,1159003,2349322,0.2467,"AGL(1,1543)xF1523:C761"
3067,4701711,1,4701711,4701711,1.0000,"AGL(1,3067) [exact]"
3068,4704778,0,1063611,2352389,0.2261,"AGL(1,1609)xF1459:C729"
3069,4707846,0,130816,2353923,0.0278,"AGL(1,512)xF2557:C71"
3070,4710915,0,1104841,2355457,0.2345,"AGL(1,1583)xF1487:C743"
3071,4713985,0,136957,2356992,0.0291,"F653+(6q+1=907)+(10q+1=1511),q=151"
3072,4717056,0,1159003,2358528,0.2457,"AGL(1,1549)xF1523:C761"
3073,4720128,0,672987,2360064,0.1426,7x(439:438)diag+rot
3074,4723201,0,590241,2361600,0.1250,"AGL(1,1087)xF1987:C331"
3075,4726275,0,171991,2363137,0.0364,"F729+(2q+1=587)+(6q+1=1759),q=293"
3076,4729350,0,1159003,2364675,0.2451,"AGL(1,1553)xF1523:C761"
3077,4732426,0,276930,2366213,0.0585,17x(181:180)diag+rot
3078,4735503,0,1063611,2367751,0.2246,"AGL(1,1459)xF1619:C809"
3079,4738581,1,4738581,4738581,1.0000,"AGL(1,3079) [exact]"
3080,4741660,0,1063611,2370830,0.2243,"AGL(1,1621)xF1459:C729"
3081,4744740,0,94187,2372370,0.0199,"F557+(10q+1=971)+(16q+1=1553),q=97"
3082,4747821,0,1159003,2373910,0.2441,"AGL(1,1559)xF1523:C761"
3083,4750903,1,4750903,4750903,1.0000,"AGL(1,3083) [exact]"
3084,4753986,0,1104841,2376993,0.2324,"AGL(1,1597)xF1487:C743"
3085,4757070,0,950180,2378535,0.1997,5x(617:616)diag+rot
3086,4760155,0,2379306,2380077,0.4998,2x(1543:771)diag+rot
3087,4763241,0,523776,2381620,0.1100,"AGL(1,1024)xF2063:C1031"
3088,4766328,0,1104841,2383164,0.2318,"AGL(1,1601)xF1487:C743"
3089,4769416,1,4769416,4769416,1.0000,"AGL(1,3089) [exact]"
3090,4772505,0,1159003,2386252,0.2429,"AGL(1,1567)xF1523:C761"
3091,4775595,0,432740,2387797,0.0906,11x(281:280)diag+rot
3092,4778686,0,588127,2389343,0.1231,"AGL(1,1213)xF1879:C313"
3093,4781778,0,1592895,2390889,0.3331,3x(1031:1030)diag+rot
3094,4784871,0,1159003,2392435,0.2422,"AGL(1,1571)xF1523:C761"
3095,4787965,0,956355,2393982,0.1997,5x(619:618)diag+rot
3096,4791060,0,1104841,2395530,0.2306,"AGL(1,1609)xF1487:C743"
3097,4794156,0,250857,2397078,0.0523,19x(163:162)diag+rot
3098,4797253,0,1198926,2398626,0.2499,2x(1549:1548)diag
3099,4800351,0,533028,2400175,0.1110,3x(1033:1032)diag
3100,4803450,0,1104841,2401725,0.2300,"AGL(1,1613)xF1487:C743"
3101,4806550,0,685321,2403275,0.1426,7x(443:442)diag+rot
3102,4809651,0,1159003,2404825,0.2410,"AGL(1,1579)xF1523:C761"
3103,4812753,0,171991,2406376,0.0357,"F757+(2q+1=587)+(6q+1=1759),q=293"
3104,4815856,0,623286,2407928,0.1294,"AGL(1,1117)xF1987:C331"
3105,4818960,0,130816,2409480,0.0271,"AGL(1,512)xF2593:C81"
3106,4822065,0,1205128,2411032,0.2499,2x(1553:1552)diag
3107,4825171,0,523776,2412585,0.1086,"AGL(1,1024)xF2083:C347"
3108,4828278,0,1107816,2414139,0.2294,"AGL(1,1489)xF1619:C809"
3109,4831386,1,4831386,4831386,1.0000,"AGL(1,3109) [exact]"
3110,4834495,0,630003,2417247,0.1303,"AGL(1,1123)xF1987:C331"
3111,4837605,0,310963,2418802,0.0643,"AGL(1,1024)xF2087:C149"
3112,4840716,0,1113778,2420358,0.2301,"AGL(1,1493)xF1619:C809"
3113,4843828,0,438933,2421914,0.0906,11x(283:282)diag+rot
3114,4846941,0,1104841,2423470,0.2279,"AGL(1,1627)xF1487:C743"
3115,4850055,0,171991,2425027,0.0355,"F769+(2q+1=587)+(6q+1=1759),q=293"
3116,4853170,0,1063611,2426585,0.2192,"AGL(1,1657)xF1459:C729"
3117,4856286,0,539241,2428143,0.1110,3x(1039:1038)diag
3118,4859403,0,2428922,2429701,0.4998,2x(1559:779)diag+rot
3119,4862521,1,4862521,4862521,1.0000,"AGL(1,3119) [exact]"
3120,4865640,0,1159003,2432820,0.2382,"AGL(1,1597)xF1523:C761"
3121,4868760,1,4868760,4868760,1.0000,"AGL(1,3121) [exact]"
3122,4871881,0,1063611,2435940,0.2183,"AGL(1,1663)xF1459:C729"
3123,4875003,0,523776,2437501,0.1074,"AGL(1,1024)xF2099:C1049"
3124,4878126,0,1159003,2439063,0.2376,"AGL(1,1601)xF1523:C761"
3125,4881250,1,4881250,4881250,1.0000,"AGL(1,3125) [exact]"
3126,4884375,0,1063611,2442187,0.2178,"AGL(1,1667)xF1459:C729"
3127,4887501,0,136957,2443750,0.0280,"F709+(6q+1=907)+(10q+1=1511),q=151"
3128,4890628,0,1063611,2445314,0.2175,"AGL(1,1669)xF1459:C729"
3129,4893756,0,130816,2446878,0.0267,"AGL(1,512)xF2617:C109"
3130,4896885,0,1159003,2448442,0.2367,"AGL(1,1607)xF1523:C761"
3131,4900015,0,156550,2450007,0.0319,31x(101:100)diag+rot
3132,4903146,0,1159003,2451573,0.2364,"AGL(1,1609)xF1523:C761"
3133,4906278,0,375960,2453139,0.0766,13x(241:240)diag+rot
3134,4909411,0,2453922,2454705,0.4998,2x(1567:783)diag+rot
3135,4912545,0,445421,2456272,0.0907,"AGL(1,1024)xF2111:C211"
3136,4915680,0,1159003,2457840,0.2358,"AGL(1,1613)xF1523:C761"
3137,4918816,1,4918816,4918816,1.0000,"AGL(1,3137) [exact]"
3138,4921953,0,1034641,2460976,0.2102,"AGL(1,1699)xF1439:C719"
3139,4925091,0,118919,2462545,0.0241,"AGL(1,2048)xF1091:C109"
3140,4928230,0,1063611,2464115,0.2158,"AGL(1,1681)xF1459:C729"
3141,4931370,0,94187,2465685,0.0191,"F617+(10q+1=971)+(16q+1=1553),q=97"
3142,4934511,0,2466470,2467255,0.4998,2x(1571:785)diag+rot
3143,4937653,0,171991,2468826,0.0348,"F797+(2q+1=587)+(6q+1=1759),q=293"
3144,4940796,0,1159003,2470398,0.2346,"AGL(1,1621)xF1523:C761"
3145,4943940,0,150289,2471970,0.0304,"AGL(1,2048)xF1097:C137"
3146,4947085,0,580637,2473542,0.1174,"AGL(1,1279)xF1867:C311"
3147,4950231,0,1649028,2475115,0.3331,3x(1049:1048)diag+rot
3148,4953378,0,1034641,2476689,0.2089,"AGL(1,1709)xF1439:C719"
3149,4956526,0,114481,2478263,0.0231,"F757+(2q+1=479)+(8q+1=1913),q=239"
3150,4959675,0,1171215,2479837,0.2361,"AGL(1,1531)xF1619:C809"
3151,4962825,0,214268,2481412,0.0432,23x(137:136)diag+rot
3152,4965976,0,1063611,2482988,0.2142,"AGL(1,1693)xF1459:C729"
3153,4969128,0,551775,2484564,0.1110,3x(1051:1050)diag
3154,4972281,0,1104841,2486140,0.2222,"AGL(1,1667)xF1487:C743"
3155,4975435,0,198765,2487717,0.0399,5x(631:630)diag
3156,4978590,0,1104841,2489295,0.2219,"AGL(1,1669)xF1487:C743"
3157,4981746,0,307193,2490873,0.0617,"AGL(1,2048)xF1109:C277"
3158,4984903,0,2491662,2492451,0.4998,2x(1579:789)diag+rot
3159,4988061,0,382239,2494030,0.0766,13x(243:242)diag+rot
3160,4991220,0,1159003,2495610,0.2322,"AGL(1,1637)xF1523:C761"
3161,4994380,0,190193,2497190,0.0381,"AGL(1,1024)xF2137:C89"
3162,4997541,0,1189653,2498770,0.2380,"AGL(1,1543)xF1619:C809"
3163,5000703,1,5000703,5000703,1.0000,"AGL(1,3163) [exact]"
3164,5003866,0,580637,2501933,0.1160,"AGL(1,1297)xF1867:C311"
3165,5007030,0,229087,2503515,0.0458,"AGL(1,1024)xF2141:C107"
3166,5010195,0,2504306,2505097,0.4998,2x(1583:791)diag+rot
3167,5013361,1,5013361,5013361,1.0000,"AGL(1,3167) [exact]"
3168,5016528,0,1198926,2508264,0.2390,"AGL(1,1549)xF1619:C809"
3169,5019696,1,5019696,5019696,1.0000,"AGL(1,3169) [exact]"
3170,5022865,0,590241,2511432,0.1175,"AGL(1,1087)xF2083:C347"
3171,5026035,0,130816,2513017,0.0260,"AGL(1,512)xF2659:C443"
3172,5029206,0,1205128,2514603,0.2396,"AGL(1,1553)xF1619:C809"
3173,5032378,0,263359,2516189,0.0523,19x(167:166)diag+rot
3174,5035551,0,853471,2517775,0.1695,"AGL(1,1867)xF1307:C653"
3175,5038725,0,171991,2519362,0.0341,"F829+(2q+1=587)+(6q+1=1759),q=293"
3176,5041900,0,596778,2520950,0.1184,"AGL(1,1093)xF2083:C347"
3177,5045076,0,523776,2522538,0.1038,"AGL(1,1024)xF2153:C269"
3178,5048253,0,1214461,2524126,0.2406,"AGL(1,1559)xF1619:C809"
3179,5051431,0,457776,2525715,0.0906,11x(289:288)diag+rot
3180,5054610,0,1159003,2527305,0.2293,"AGL(1,1657)xF1523:C761"
3181,5057790,1,5057790,5057790,1.0000,"AGL(1,3181) [exact]"
3182,5060971,0,1063611,2530485,0.2102,"AGL(1,1723)xF1459:C729"
3183,5064153,0,1686990,2532076,0.3331,3x(1061:1060)diag+rot
3184,5067336,0,1104841,2533668,0.2180,"AGL(1,1697)xF1487:C743"
3185,5070520,0,171991,2535260,0.0339,"F839+(2q+1=587)+(6q+1=1759),q=293"
3186,5073705,0,1226961,2536852,0.2418,"AGL(1,1567)xF1619:C809"
3187,5076891,1,5076891,5076891,1.0000,"AGL(1,3187) [exact]"
3188,5080078,0,657697,2540039,0.1295,"AGL(1,1201)xF1987:C331"
3189,5083266,0,564453,2541633,0.1110,3x(1063:1062)diag
3190,5086455,0,1233235,2543227,0.2425,"AGL(1,1571)xF1619:C809"
3191,5089645,1,5089645,5089645,1.0000,"AGL(1,3191) [exact]"
3192,5092836,0,1159003,2546418,0.2276,"AGL(1,1669)xF1523:C761"
3193,5096028,0,162843,2548014,0.0320,31x(103:102)diag+rot
3194,5099221,0,1274406,2549610,0.2499,2x(1597:1596)diag
3195,5102415,0,130816,2551207,0.0256,"AGL(1,512)xF2683:C149"
3196,5105610,0,1104841,2552805,0.2164,"AGL(1,1709)xF1487:C743"
3197,5108806,0,112751,2554403,0.0221,"F1277+(6q+1=823)+(8q+1=1097),q=137"
3198,5112003,0,1245831,2556001,0.2437,"AGL(1,1579)xF1619:C809"
3199,5115201,0,729372,2557600,0.1426,7x(457:456)diag+rot
3200,5118400,0,1063611,2559200,0.2078,"AGL(1,1741)xF1459:C729"
3201,5121600,0,130816,2560800,0.0255,"AGL(1,512)xF2689:C128"
3202,5124801,0,1280800,2562400,0.2499,2x(1601:1600)diag
3203,5128003,1,5128003,5128003,1.0000,"AGL(1,3203) [exact]"
3204,5131206,0,1159003,2565603,0.2259,"AGL(1,1681)xF1523:C761"
3205,5134410,0,205120,2567205,0.0400,5x(641:640)diag
3206,5137615,0,1063611,2568807,0.2070,"AGL(1,1747)xF1459:C729"
3207,5140821,0,570846,2570410,0.1110,3x(1069:1068)diag
3208,5144028,0,1104841,2572014,0.2148,"AGL(1,1721)xF1487:C743"
3209,5147236,1,5147236,5147236,1.0000,"AGL(1,3209) [exact]"
3210,5150445,0,1104841,2575222,0.2145,"AGL(1,1723)xF1487:C743"
3211,5153655,0,269724,2576827,0.0523,19x(169:168)diag+rot
3212,5156866,0,1063611,2578433,0.2063,"AGL(1,1753)xF1459:C729"
3213,5160078,0,129286,2580039,0.0251,"F509+(4q+1=773)+(10q+1=1931),q=193"
3214,5163291,0,2580842,2581645,0.4998,2x(1607:803)diag+rot
3215,5166505,0,1032015,2583252,0.1998,5x(643:642)diag+rot
3216,5169720,0,1274406,2584860,0.2465,"AGL(1,1597)xF1619:C809"
3217,5172936,1,5172936,5172936,1.0000,"AGL(1,3217) [exact]"
3218,5176153,0,1293636,2588076,0.2499,2x(1609:1608)diag
3219,5179371,0,114481,2589685,0.0221,"F827+(2q+1=479)+(8q+1=1913),q=239"
3220,5182590,0,1280800,2591295,0.2471,"AGL(1,1601)xF1619:C809"
3221,5185810,1,5185810,5185810,1.0000,"AGL(1,3221) [exact]"
3222,5189031,0,1159003,2594515,0.2234,"AGL(1,1699)xF1523:C761"
3223,5192253,0,470558,2596126,0.0906,11x(293:292)diag+rot
3224,5195476,0,657697,2597738,0.1266,"AGL(1,1237)xF1987:C331"
3225,5198700,0,135460,2599350,0.0261,"F521+(4q+1=773)+(10q+1=1931),q=193"
3226,5201925,0,1300078,2600962,0.2499,2x(1613:1612)diag
3227,5205151,0,742210,2602575,0.1426,7x(461:460)diag+rot
3228,5208378,0,1293636,2604189,0.2484,"AGL(1,1609)xF1619:C809"
3229,5211606,1,5211606,5211606,1.0000,"AGL(1,3229) [exact]"
3230,5214835,0,515387,2607417,0.0988,"AGL(1,1471)xF1759:C293"
3231,5218065,0,523776,2609032,0.1004,"AGL(1,1024)xF2207:C1103"
3232,5221296,0,1300078,2610648,0.2490,"AGL(1,1613)xF1619:C809"
3233,5224528,0,171991,2612264,0.0329,"F887+(2q+1=587)+(6q+1=1759),q=293"
3234,5227761,0,1104841,2613880,0.2113,"AGL(1,1747)xF1487:C743"
3235,5230995,0,1044905,2615497,0.1998,5x(647:646)diag+rot
3236,5234230,0,1063611,2617115,0.2032,"AGL(1,1777)xF1459:C729"
3237,5237466,0,174827,2618733,0.0334,"AGL(1,1024)xF2213:C79"
3238,5240703,0,2619542,2620351,0.4998,2x(1619:809)diag+rot
3239,5243941,0,136957,2621970,0.0261,"F821+(6q+1=907)+(10q+1=1511),q=151"
3240,5247180,0,1309771,2623590,0.2496,"AGL(1,1621)xF1619:C809"
3241,5250420,0,177757,2625210,0.0339,"AGL(1,2048)xF1193:C149"
3242,5253661,0,1313010,2626830,0.2499,2x(1621:1620)diag
3243,5256903,0,94187,2628451,0.0179,"F719+(10q+1=971)+(16q+1=1553),q=97"
3244,5260146,0,1159003,2630073,0.2203,"AGL(1,1721)xF1523:C761"
3245,5263390,0,146070,2631695,0.0278,"F541+(4q+1=773)+(10q+1=1931),q=193"
3246,5266635,0,1309771,2633317,0.2487,"AGL(1,1627)xF1619:C809"
3247,5269881,0,308465,2634940,0.0585,17x(191:190)diag+rot
3248,5273128,0,1063611,2636564,0.2017,"AGL(1,1789)xF1459:C729"
3249,5276376,0,114481,2638188,0.0217,"F857+(2q+1=479)+(8q+1=1913),q=239"
3250,5279625,0,1034641,2639812,0.1960,"AGL(1,1811)xF1439:C719"
3251,5282875,1,5282875,5282875,1.0000,"AGL(1,3251) [exact]"
3252,5286126,0,1020306,2643063,0.1930,"AGL(1,1429)xF1823:C911"
3253,5289378,1,5289378,5289378,1.0000,"AGL(1,3253) [exact]"
3254,5292631,0,2645502,2646315,0.4998,2x(1627:813)diag+rot
3255,5295885,0,114481,2647942,0.0216,"F863+(2q+1=479)+(8q+1=1913),q=239"
3256,5299140,0,1309771,2649570,0.2472,"AGL(1,1637)xF1619:C809"
3257,5302396,1,5302396,5302396,1.0000,"AGL(1,3257) [exact]"
3258,5305653,0,853471,2652826,0.1609,"AGL(1,1951)xF1307:C653"
3259,5308911,1,5308911,5308911,1.0000,"AGL(1,3259) [exact]"
3260,5312170,0,1063611,2656085,0.2002,"AGL(1,1801)xF1459:C729"
3261,5315430,0,590241,2657715,0.1110,3x(1087:1086)diag
3262,5318691,0,1034641,2659345,0.1945,"AGL(1,1439)xF1823:C911"
3263,5321953,0,523776,2660976,0.0984,"AGL(1,1024)xF2239:C373"
3264,5325216,0,1159003,2662608,0.2176,"AGL(1,1741)xF1523:C761"
3265,5328480,0,1064390,2664240,0.1998,5x(653:652)diag+rot
3266,5331745,0,657697,2665872,0.1234,"AGL(1,1279)xF1987:C331"
3267,5335011,0,149189,2667505,0.0280,"F563+(4q+1=773)+(10q+1=1931),q=193"
3268,5338278,0,933661,2669139,0.1749,"AGL(1,1901)xF1367:C683"
3269,5341546,0,761677,2670773,0.1426,7x(467:466)diag+rot
3270,5344815,0,1159003,2672407,0.2168,"AGL(1,1747)xF1523:C761"
3271,5348085,1,5348085,5348085,1.0000,"AGL(1,3271) [exact]"
3272,5351356,0,570846,2675678,0.1067,"AGL(1,1069)xF2203:C367"
3273,5354628,0,1783785,2677314,0.3331,3x(1091:1090)diag+rot
3274,5357901,0,1339066,2678950,0.2499,2x(1637:1636)diag
3275,5361175,0,281375,2680587,0.0525,"AGL(1,1024)xF2251:C125"
3276,5364450,0,1309771,2682225,0.2442,"AGL(1,1657)xF1619:C809"
3277,5367726,0,377303,2683863,0.0703,"AGL(1,2048)xF1229:C307"
3278,5371003,0,657697,2685501,0.1225,"AGL(1,1291)xF1987:C331"
3279,5374281,0,596778,2687140,0.1110,3x(1093:1092)diag
3280,5377560,0,941878,2688780,0.1751,"AGL(1,1373)xF1907:C953"
3281,5380840,0,314976,2690420,0.0585,17x(193:192)diag+rot
3282,5384121,0,1309771,2692060,0.2433,"AGL(1,1663)xF1619:C809"
3283,5387403,0,171991,2693701,0.0319,"F937+(2q+1=587)+(6q+1=1759),q=293"
3284,5390686,0,720600,2695343,0.1337,"AGL(1,1201)xF2083:C347"
3285,5393970,0,127411,2696985,0.0236,"AGL(1,2048)xF1237:C103"
3286,5397255,0,1309771,2698627,0.2427,"AGL(1,1667)xF1619:C809"
3287,5400541,0,282682,2700270,0.0523,19x(173:172)diag+rot
3288,5403828,0,1309771,2701914,0.2424,"AGL(1,1669)xF1619:C809"
3289,5407116,0,130816,2703558,0.0242,"AGL(1,512)xF2777:C347"
3290,5410405,0,1063611,2705202,0.1966,"AGL(1,1831)xF1459:C729"
3291,5413695,0,1803468,2706847,0.3331,3x(1097:1096)diag+rot
3292,5416986,0,869221,2708493,0.1605,"AGL(1,1973)xF1319:C659"
3293,5420278,0,183789,2710139,0.0339,"AGL(1,1024)xF2269:C81"
3294,5423571,0,1081185,2711785,0.1993,"AGL(1,1471)xF1823:C911"
3295,5426865,0,1084055,2713432,0.1998,5x(659:658)diag+rot
3296,5430160,0,722801,2715080,0.1331,"AGL(1,1213)xF2083:C347"
3297,5433456,0,161383,2716728,0.0297,"AGL(1,1024)xF2273:C71"
3298,5436753,0,1104841,2718376,0.2032,"AGL(1,1811)xF1487:C743"
3299,5440051,1,5440051,5440051,1.0000,"AGL(1,3299) [exact]"
3300,5443350,0,1309771,2721675,0.2406,"AGL(1,1681)xF1619:C809"
3301,5446650,1,5446650,5446650,1.0000,"AGL(1,3301) [exact]"
3302,5449951,0,588127,2724975,0.1079,"AGL(1,1423)xF1879:C313"
3303,5453253,0,149189,2726626,0.0274,"F599+(4q+1=773)+(10q+1=1931),q=193"
3304,5456556,0,1095940,2728278,0.2008,"AGL(1,1481)xF1823:C911"
3305,5459860,0,218130,2729930,0.0400,5x(661:660)diag
3306,5463165,0,1159003,2731582,0.2121,"AGL(1,1783)xF1523:C761"
3307,5466471,1,5466471,5466471,1.0000,"AGL(1,3307) [exact]"
3308,5469778,0,1063611,2734889,0.1945,"AGL(1,1849)xF1459:C729"
3309,5473086,0,1823259,2736543,0.3331,3x(1103:1102)diag+rot
3310,5476395,0,1159003,2738197,0.2116,"AGL(1,1787)xF1523:C761"
3311,5479705,0,290449,2739852,0.0530,"AGL(1,1024)xF2287:C127"
3312,5483016,0,1309771,2741508,0.2389,"AGL(1,1693)xF1619:C809"
3313,5486328,1,5486328,5486328,1.0000,"AGL(1,3313) [exact]"
3314,5489641,0,1371996,2744820,0.2499,2x(1657:1656)diag
3315,5492955,0,130816,2746477,0.0238,"AGL(1,512)xF2803:C467"
3316,5496270,0,1309771,2748135,0.2383,"AGL(1,1697)xF1619:C809"
3317,5499586,0,437963,2749793,0.0796,"AGL(1,1024)xF2293:C191"
3318,5502903,0,1309771,2751451,0.2380,"AGL(1,1699)xF1619:C809"
3319,5506221,1,5506221,5506221,1.0000,"AGL(1,3319) [exact]"
3320,5509540,0,1063611,2754770,0.1930,"AGL(1,1861)xF1459:C729"
3321,5512860,0,149189,2756430,0.0271,"F617+(4q+1=773)+(10q+1=1931),q=193"
3322,5516181,0,1122751,2758090,0.2035,"AGL(1,1499)xF1823:C911"
3323,5519503,1,5519503,5519503,1.0000,"AGL(1,3323) [exact]"
3324,5522826,0,1159003,2761413,0.2099,"AGL(1,1801)xF1523:C761"
3325,5526150,0,136957,2763075,0.0248,"F907+(6q+1=907)+(10q+1=1511),q=151"
3326,5529475,0,2763906,2764737,0.4998,2x(1663:831)diag+rot
3327,5532801,0,1843158,2766400,0.3331,3x(1109:1108)diag+rot
3328,5536128,0,1309771,2768064,0.2366,"AGL(1,1709)xF1619:C809"
3329,5539456,1,5539456,5539456,1.0000,"AGL(1,3329) [exact]"
3330,5542785,0,1063611,2771392,0.1919,"AGL(1,1871)xF1459:C729"
3331,5546115,1,5546115,5546115,1.0000,"AGL(1,3331) [exact]"
3332,5549446,0,1063611,2774723,0.1917,"AGL(1,1873)xF1459:C729"
3333,5552778,0,523776,2776389,0.0943,"AGL(1,1024)xF2309:C577"
3334,5556111,0,2777222,2778055,0.4998,2x(1667:833)diag+rot
3335,5559445,0,158203,2779722,0.0285,"F563+(4q+1=1109)+(6q+1=1663),q=277"
3336,5562780,0,1104841,2781390,0.1986,"AGL(1,1849)xF1487:C743"
3337,5566116,0,171991,2783058,0.0309,"F991+(2q+1=587)+(6q+1=1759),q=293"
3338,5569453,0,1391946,2784726,0.2499,2x(1669:1668)diag
3339,5572791,0,114481,2786395,0.0205,"F947+(2q+1=479)+(8q+1=1913),q=239"
3340,5576130,0,1309771,2788065,0.2349,"AGL(1,1721)xF1619:C809"
3341,5579470,0,427648,2789735,0.0766,13x(257:256)diag+rot
3342,5582811,0,1309771,2791405,0.2346,"AGL(1,1723)xF1619:C809"
3343,5586153,1,5586153,5586153,1.0000,"AGL(1,3343) [exact]"
3344,5589496,0,461280,2794748,0.0825,"AGL(1,961)xF2383:C397"
3345,5592840,0,149189,2796420,0.0267,"F641+(4q+1=773)+(10q+1=1931),q=193"
3346,5596185,0,1159003,2798092,0.2071,"AGL(1,1523)xF1823:C911"
3347,5599531,1,5599531,5599531,1.0000,"AGL(1,3347) [exact]"
3348,5602878,0,1104841,2801439,0.1972,"AGL(1,1861)xF1487:C743"
3349,5606226,0,328202,2803113,0.0585,17x(197:196)diag+rot
3350,5609575,0,588127,2804787,0.1048,"AGL(1,1471)xF1879:C313"
3351,5612925,0,623286,2806462,0.1110,3x(1117:1116)diag
3352,5616276,0,1309771,2808138,0.2332,"AGL(1,1733)xF1619:C809"
3353,5619628,0,801367,2809814,0.1426,7x(479:478)diag+rot
3354,5622981,0,1171215,2811490,0.2083,"AGL(1,1531)xF1823:C911"
3355,5626335,0,853471,2813167,0.1517,"AGL(1,2048)xF1307:C653"
3356,5629690,0,664128,2814845,0.1180,"AGL(1,1153)xF2203:C367"
3357,5633046,0,149189,2816523,0.0265,"F653+(4q+1=773)+(10q+1=1931),q=193"
3358,5636403,0,1104841,2818201,0.1960,"AGL(1,1871)xF1487:C743"
3359,5639761,1,5639761,5639761,1.0000,"AGL(1,3359) [exact]"
3360,5643120,0,1309771,2821560,0.2321,"AGL(1,1741)xF1619:C809"
3361,5646480,1,5646480,5646480,1.0000,"AGL(1,3361) [exact]"
3362,5649841,0,1412040,2824920,0.2499,2x(1681:1680)diag
3363,5653203,0,390613,2826601,0.0691,"AGL(1,1024)xF2339:C167"
3364,5656566,0,1104841,2828283,0.1953,"AGL(1,1877)xF1487:C743"
3365,5659930,0,1130640,2829965,0.1998,5x(673:672)diag+rot
3366,5663295,0,1309771,2831647,0.2313,"AGL(1,1747)xF1619:C809"
3367,5666661,0,869221,2833330,0.1534,"AGL(1,2048)xF1319:C659"
3368,5670028,0,657697,2835014,0.1160,"AGL(1,1381)xF1987:C331"
3369,5673396,0,630003,2836698,0.1110,3x(1123:1122)diag
3370,5676765,0,1159003,2838382,0.2042,"AGL(1,1847)xF1523:C761"
3371,5680135,1,5680135,5680135,1.0000,"AGL(1,3371) [exact]"
3372,5683506,0,1309771,2841753,0.2305,"AGL(1,1753)xF1619:C809"
3373,5686878,1,5686878,5686878,1.0000,"AGL(1,3373) [exact]"
3374,5690251,0,722801,2845125,0.1270,"AGL(1,1291)xF2083:C347"
3375,5693625,0,114481,2846812,0.0201,"F983+(2q+1=479)+(8q+1=1913),q=239"
3376,5697000,0,1205128,2848500,0.2115,"AGL(1,1553)xF1823:C911"
3377,5700376,0,516681,2850188,0.0906,11x(307:306)diag+rot
3378,5703753,0,1309771,2851876,0.2296,"AGL(1,1759)xF1619:C809"
3379,5707131,0,183921,2853565,0.0322,"F607+(4q+1=1109)+(6q+1=1663),q=277"
3380,5710510,0,722801,2855255,0.1266,"AGL(1,1297)xF2083:C347"
3381,5713890,0,149189,2856945,0.0261,"F677+(4q+1=773)+(10q+1=1931),q=193"
3382,5717271,0,1214461,2858635,0.2124,"AGL(1,1559)xF1823:C911"
3383,5720653,0,334917,2860326,0.0585,17x(199:198)diag+rot
3384,5724036,0,1159003,2862018,0.2025,"AGL(1,1861)xF1523:C761"
3385,5727420,0,1144130,2863710,0.1998,5x(677:676)diag+rot
3386,5730805,0,1432278,2865402,0.2499,2x(1693:1692)diag
3387,5734191,0,636756,2867095,0.1110,3x(1129:1128)diag
3388,5737578,0,1104841,2868789,0.1926,"AGL(1,1901)xF1487:C743"
3389,5740966,1,5740966,5740966,1.0000,"AGL(1,3389) [exact]"
3390,5744355,0,1226961,2872177,0.2136,"AGL(1,1567)xF1823:C911"
3391,5747745,1,5747745,5747745,1.0000,"AGL(1,3391) [exact]"
3392,5751136,0,1063611,2875568,0.1849,"AGL(1,1933)xF1459:C729"
3393,5754528,0,64261,2877264,0.0112,"F1601+(2q+1=359)+(8q+1=1433),q=179"
3394,5757921,0,1439056,2878960,0.2499,2x(1697:1696)diag
3395,5761315,0,187309,2880657,0.0325,"AGL(1,1024)xF2371:C79"
3396,5764710,0,1309771,2882355,0.2272,"AGL(1,1777)xF1619:C809"
3397,5768106,0,195000,2884053,0.0338,"F625+(4q+1=1109)+(6q+1=1663),q=277"
3398,5771503,0,2884902,2885751,0.4999,2x(1699:849)diag+rot
3399,5774901,0,106819,2887450,0.0185,"AGL(1,512)xF2887:C37"
3400,5778300,0,1159003,2889150,0.2006,"AGL(1,1877)xF1523:C761"
3401,5781700,0,302689,2890850,0.0524,19x(179:178)diag+rot
3402,5785101,0,1309771,2892550,0.2264,"AGL(1,1783)xF1619:C809"
3403,5788503,0,198765,2894251,0.0343,"F631+(4q+1=1109)+(6q+1=1663),q=277"
3404,5791906,0,722801,2895953,0.1248,"AGL(1,1321)xF2083:C347"
3405,5795310,0,149189,2897655,0.0257,"F701+(4q+1=773)+(10q+1=1931),q=193"
3406,5798715,0,1309771,2899357,0.2259,"AGL(1,1787)xF1619:C809"
3407,5802121,1,5802121,5802121,1.0000,"AGL(1,3407) [exact]"
3408,5805528,0,1309771,2902764,0.2256,"AGL(1,1789)xF1619:C809"
3409,5808936,0,828387,2904468,0.1426,7x(487:486)diag+rot
3410,5812345,0,1063611,2906172,0.1830,"AGL(1,1951)xF1459:C729"
3411,5815755,0,114481,2907877,0.0197,"F1019+(2q+1=479)+(8q+1=1913),q=239"
3412,5819166,0,1159003,2909583,0.1992,"AGL(1,1889)xF1523:C761"
3413,5822578,1,5822578,5822578,1.0000,"AGL(1,3413) [exact]"
3414,5825991,0,822403,2912995,0.1412,"AGL(1,2131)xF1283:C641"
3415,5829405,0,1164515,2914702,0.1998,5x(683:682)diag+rot
3416,5832820,0,735078,2916410,0.1260,"AGL(1,1213)xF2203:C367"
3417,5836236,0,91699,2918118,0.0157,"F1061+(8q+1=857)+(14q+1=1499),q=107"
3418,5839653,0,1459486,2919826,0.2499,2x(1709:1708)diag
3419,5843071,0,447889,2921535,0.0767,13x(263:262)diag+rot
3420,5846490,0,1309771,2923245,0.2240,"AGL(1,1801)xF1619:C809"
3421,5849910,0,530255,2924955,0.0906,11x(311:310)diag+rot
3422,5853331,0,588127,2926665,0.1005,"AGL(1,1543)xF1879:C313"
3423,5856753,0,261491,2928376,0.0446,"AGL(1,1024)xF2399:C109"
3424,5860176,0,1280800,2930088,0.2186,"AGL(1,1601)xF1823:C911"
3425,5863600,0,212878,2931800,0.0363,"F653+(4q+1=1109)+(6q+1=1663),q=277"
3426,5867025,0,1034641,2933512,0.1763,"AGL(1,1987)xF1439:C719"
3427,5870451,0,253598,2935225,0.0432,23x(149:148)diag+rot
3428,5873878,0,588127,2936939,0.1001,"AGL(1,1549)xF1879:C313"
3429,5877306,0,130816,2938653,0.0223,"AGL(1,512)xF2917:C81"
3430,5880735,0,1309771,2940367,0.2227,"AGL(1,1811)xF1619:C809"
3431,5884165,0,216811,2942082,0.0368,"F659+(4q+1=1109)+(6q+1=1663),q=277"
3432,5887596,0,1293636,2943798,0.2197,"AGL(1,1609)xF1823:C911"
3433,5891028,1,5891028,5891028,1.0000,"AGL(1,3433) [exact]"
3434,5894461,0,757065,2947230,0.1284,"AGL(1,1231)xF2203:C367"
3435,5897895,0,523776,2948947,0.0888,"AGL(1,1024)xF2411:C241"
3436,5901330,0,1300078,2950665,0.2203,"AGL(1,1613)xF1823:C911"
3437,5904766,0,171991,2952383,0.0291,"F1091+(2q+1=587)+(6q+1=1759),q=293"
3438,5908203,0,1171215,2954101,0.1982,"AGL(1,1531)xF1907:C953"
3439,5911641,0,309510,2955820,0.0524,19x(181:180)diag+rot
3440,5915080,0,764466,2957540,0.1292,"AGL(1,1237)xF2203:C367"
3441,5918520,0,364967,2959260,0.0617,"AGL(1,1024)xF2417:C151"
3442,5921961,0,1480060,2960980,0.2499,2x(1721:1720)diag
3443,5925403,0,537108,2962701,0.0906,11x(313:312)diag+rot
3444,5928846,0,1313010,2964423,0.2215,"AGL(1,1621)xF1823:C911"
3445,5932290,0,226128,2966145,0.0381,"F673+(4q+1=1109)+(6q+1=1663),q=277"
3446,5935735,0,2967006,2967867,0.4999,2x(1723:861)diag+rot
3447,5939181,0,419179,2969590,0.0706,"AGL(1,1024)xF2423:C173"
3448,5942628,0,996503,2971314,0.1677,"AGL(1,1451)xF1997:C499"
3449,5946076,1,5946076,5946076,1.0000,"AGL(1,3449) [exact]"
3450,5949525,0,1322751,2974762,0.2223,"AGL(1,1627)xF1823:C911"
3451,5952975,0,136957,2976487,0.0230,"F1033+(6q+1=907)+(10q+1=1511),q=151"
3452,5956426,0,1063611,2978213,0.1786,"AGL(1,1993)xF1459:C729"
3453,5959878,0,1985475,2979939,0.3331,3x(1151:1150)diag+rot
3454,5963331,0,1159003,2981665,0.1944,"AGL(1,1931)xF1523:C761"
3455,5966785,0,238395,2983392,0.0400,5x(691:690)diag
3456,5970240,0,1198926,2985120,0.2008,"AGL(1,1549)xF1907:C953"
3457,5973696,1,5973696,5973696,1.0000,"AGL(1,3457) [exact]"
3458,5977153,0,1063611,2988576,0.1779,"AGL(1,1999)xF1459:C729"
3459,5980611,0,664128,2990305,0.1110,3x(1153:1152)diag
3460,5984070,0,1339066,2992035,0.2238,"AGL(1,1637)xF1823:C911"
3461,5987530,1,5987530,5987530,1.0000,"AGL(1,3461) [exact]"
3462,5990991,0,1063611,2995495,0.1775,"AGL(1,2003)xF1459:C729"
3463,5994453,1,5994453,5994453,1.0000,"AGL(1,3463) [exact]"
3464,5997916,0,722801,2998958,0.1205,"AGL(1,1381)xF2083:C347"
3465,6001380,0,149189,3000690,0.0249,"F761+(4q+1=773)+(10q+1=1931),q=193"
3466,6004845,0,1500778,3002422,0.2499,2x(1733:1732)diag
3467,6008311,1,6008311,6008311,1.0000,"AGL(1,3467) [exact]"
3468,6011778,0,1309771,3005889,0.2179,"AGL(1,1849)xF1619:C809"
3469,6015246,1,6015246,6015246,1.0000,"AGL(1,3469) [exact]"
3470,6018715,0,1063611,3009357,0.1767,"AGL(1,2011)xF1459:C729"
3471,6022185,0,523776,3011092,0.0870,"AGL(1,1024)xF2447:C1223"
3472,6025656,0,1159003,3012828,0.1923,"AGL(1,1949)xF1523:C761"
3473,6029128,0,260475,3014564,0.0432,23x(151:150)diag+rot
3474,6032601,0,1226961,3016300,0.2034,"AGL(1,1567)xF1907:C953"
3475,6036075,0,171991,3018037,0.0285,"F1129+(2q+1=587)+(6q+1=1759),q=293"
3476,6039550,0,1063611,3019775,0.1761,"AGL(1,2017)xF1459:C729"
3477,6043026,0,149189,3021513,0.0247,"F773+(4q+1=773)+(10q+1=1931),q=193"
3478,6046503,0,1233235,3023251,0.2040,"AGL(1,1571)xF1907:C953"
3479,6049981,0,136957,3024990,0.0226,"F1061+(6q+1=907)+(10q+1=1511),q=151"
3480,6053460,0,1371996,3026730,0.2266,"AGL(1,1657)xF1823:C911"
3481,6056940,1,6056940,6056940,1.0000,"AGL(1,3481) [exact]"
3482,6060421,0,1514670,3030210,0.2499,2x(1741:1740)diag
3483,6063903,0,523776,3031951,0.0864,"AGL(1,1024)xF2459:C1229"
3484,6067386,0,1104841,3033693,0.1821,"AGL(1,1997)xF1487:C743"
3485,6070870,0,171991,3035435,0.0283,"F587+(6q+1=1087)+(10q+1=1811),q=181"
3486,6074355,0,1381953,3037177,0.2275,"AGL(1,1663)xF1823:C911"
3487,6077841,0,1034641,3038920,0.1702,"AGL(1,2048)xF1439:C719"
3488,6081328,0,1063611,3040664,0.1749,"AGL(1,2029)xF1459:C729"
3489,6084816,0,2027109,3042408,0.3331,3x(1163:1162)diag+rot
3490,6088305,0,1388611,3044152,0.2281,"AGL(1,1667)xF1823:C911"
3491,6091795,1,6091795,6091795,1.0000,"AGL(1,3491) [exact]"
3492,6095286,0,1391946,3047643,0.2284,"AGL(1,1669)xF1823:C911"
3493,6098778,0,869757,3049389,0.1426,7x(499:498)diag+rot
3494,6102271,0,3050262,3051135,0.4999,2x(1747:873)diag+rot
3495,6105765,0,348727,3052882,0.0571,"AGL(1,2048)xF1447:C241"
3496,6109260,0,1309771,3054630,0.2144,"AGL(1,1877)xF1619:C809"
3497,6112756,0,468598,3056378,0.0767,13x(269:268)diag+rot
3498,6116253,0,1309771,3058126,0.2141,"AGL(1,1879)xF1619:C809"
3499,6119751,1,6119751,6119751,1.0000,"AGL(1,3499) [exact]"
3500,6123250,0,808501,3061625,0.1320,"AGL(1,1297)xF2203:C367"
3501,6126750,0,523776,3063375,0.0855,"AGL(1,1024)xF2477:C619"
3502,6130251,0,1159003,3065125,0.1891,"AGL(1,1979)xF1523:C761"
3503,6133753,0,196168,3066876,0.0320,31x(113:112)diag+rot
3504,6137256,0,1412040,3068628,0.2301,"AGL(1,1681)xF1823:C911"
3505,6140760,0,268278,3070380,0.0437,"F733+(4q+1=1109)+(6q+1=1663),q=277"
3506,6144265,0,1535628,3072132,0.2499,2x(1753:1752)diag
3507,6147771,0,1063611,3073885,0.1730,"AGL(1,2048)xF1459:C729"
3508,6151278,0,1309771,3075639,0.2129,"AGL(1,1889)xF1619:C809"
3509,6154786,0,210540,3077393,0.0342,29x(121:120)diag+rot
3510,6158295,0,1159003,3079147,0.1882,"AGL(1,1987)xF1523:C761"
3511,6161805,1,6161805,6161805,1.0000,"AGL(1,3511) [exact]"
3512,6165316,0,1063611,3082658,0.1725,"AGL(1,2053)xF1459:C729"
3513,6168828,0,685035,3084414,0.1110,3x(1171:1170)diag
3514,6172341,0,1290421,3086170,0.2091,"AGL(1,1607)xF1907:C953"
3515,6175855,0,275653,3087927,0.0446,"F743+(4q+1=1109)+(6q+1=1663),q=277"
3516,6179370,0,1432278,3089685,0.2318,"AGL(1,1693)xF1823:C911"
3517,6182886,1,6182886,6182886,1.0000,"AGL(1,3517) [exact]"
3518,6186403,0,3092322,3093201,0.4999,2x(1759:879)diag+rot
3519,6189921,0,91699,3094960,0.0148,"F1163+(8q+1=857)+(14q+1=1499),q=107"
3520,6193440,0,1439056,3096720,0.2324,"AGL(1,1697)xF1823:C911"
3521,6196960,0,883771,3098480,0.1426,7x(503:502)diag+rot
3522,6200481,0,1442451,3100240,0.2326,"AGL(1,1699)xF1823:C911"
3523,6204003,0,475605,3102001,0.0767,13x(271:270)diag+rot
3524,6207526,0,808501,3103763,0.1302,"AGL(1,1321)xF2203:C367"
3525,6211050,0,149189,3105525,0.0240,"F821+(4q+1=773)+(10q+1=1931),q=193"
3526,6214575,0,1309771,3107287,0.2108,"AGL(1,1619)xF1907:C953"
3527,6218101,1,6218101,6218101,1.0000,"AGL(1,3527) [exact]"
3528,6221628,0,1313010,3110814,0.2110,"AGL(1,1621)xF1907:C953"
3529,6225156,1,6225156,6225156,1.0000,"AGL(1,3529) [exact]"
3530,6228685,0,832695,3114342,0.1337,"AGL(1,1291)xF2239:C373"
3531,6232215,0,149189,3116107,0.0239,"F827+(4q+1=773)+(10q+1=1931),q=193"
3532,6235746,0,1459486,3117873,0.2341,"AGL(1,1709)xF1823:C911"
3533,6239278,1,6239278,6239278,1.0000,"AGL(1,3533) [exact]"
3534,6242811,0,1322751,3121405,0.2119,"AGL(1,1627)xF1907:C953"
3535,6246345,0,1104841,3123172,0.1769,"AGL(1,2048)xF1487:C743"
3536,6249880,0,835147,3124940,0.1336,"AGL(1,1297)xF2239:C373"
3537,6253416,0,94187,3126708,0.0151,"F1013+(10q+1=971)+(16q+1=1553),q=97"
3538,6256953,0,1140805,3128476,0.1823,"AGL(1,1511)xF2027:C1013"
3539,6260491,1,6260491,6260491,1.0000,"AGL(1,3539) [exact]"
3540,6264030,0,1159003,3132015,0.1850,"AGL(1,2017)xF1523:C761"
3541,6267570,1,6267570,6267570,1.0000,"AGL(1,3541) [exact]"
3542,6271111,0,1063611,3135555,0.1696,"AGL(1,2083)xF1459:C729"
3543,6274653,0,2090370,3137326,0.3331,3x(1181:1180)diag+rot
3544,6278196,0,1480060,3139098,0.2357,"AGL(1,1721)xF1823:C911"
3545,6281740,0,1254930,3140870,0.1998,5x(709:708)diag+rot
3546,6285285,0,1483503,3142642,0.2360,"AGL(1,1723)xF1823:C911"
3547,6288831,1,6288831,6288831,1.0000,"AGL(1,3547) [exact]"
3548,6292378,0,1063611,3146189,0.1690,"AGL(1,2089)xF1459:C729"
3549,6295926,0,91699,3147963,0.0146,"F1193+(8q+1=857)+(14q+1=1499),q=107"
3550,6299475,0,1309771,3149737,0.2079,"AGL(1,1931)xF1619:C809"
3551,6303025,0,196747,3151512,0.0312,"F653+(6q+1=1087)+(10q+1=1811),q=181"
3552,6306576,0,1309771,3153288,0.2077,"AGL(1,1933)xF1619:C809"
3553,6310128,0,162735,3155064,0.0258,"F571+(8q+1=1193)+(12q+1=1789),q=149"
3554,6313681,0,1577976,3156840,0.2499,2x(1777:1776)diag
3555,6317235,0,114481,3158617,0.0181,"F1163+(2q+1=479)+(8q+1=1913),q=239"
3556,6320790,0,1500778,3160395,0.2374,"AGL(1,1733)xF1823:C911"
3557,6324346,1,6324346,6324346,1.0000,"AGL(1,3557) [exact]"
3558,6327903,0,1171215,3163951,0.1851,"AGL(1,1531)xF2027:C1013"
3559,6331461,1,6331461,6331461,1.0000,"AGL(1,3559) [exact]"
3560,6335020,0,835147,3167510,0.1318,"AGL(1,1321)xF2239:C373"
3561,6338580,0,2111673,3169290,0.3331,3x(1187:1186)diag+rot
3562,6342141,0,1159003,3171070,0.1827,"AGL(1,1523)xF2039:C1019"
3563,6345703,0,905002,3172851,0.1426,7x(509:508)diag+rot
3564,6349266,0,1514670,3174633,0.2386,"AGL(1,1741)xF1823:C911"
3565,6352830,0,108811,3176415,0.0171,"F1699+(2q+1=467)+(6q+1=1399),q=233"
3566,6356395,0,3177306,3178197,0.4999,2x(1783:891)diag+rot
3567,6359961,0,149189,3179980,0.0235,"F863+(4q+1=773)+(10q+1=1931),q=193"
3568,6363528,0,1309771,3181764,0.2058,"AGL(1,1949)xF1619:C809"
3569,6367096,0,307193,3183548,0.0482,"F797+(4q+1=1109)+(6q+1=1663),q=277"
3570,6370665,0,1525131,3185332,0.2394,"AGL(1,1747)xF1823:C911"
3571,6374235,1,6374235,6374235,1.0000,"AGL(1,3571) [exact]"
3572,6377806,0,1063611,3188903,0.1668,"AGL(1,2113)xF1459:C729"
3573,6381378,0,124901,3190689,0.0196,"AGL(1,1024)xF2549:C49"
3574,6384951,0,3191582,3192475,0.4999,2x(1787:893)diag+rot
3575,6388525,0,196747,3194262,0.0308,"F677+(6q+1=1087)+(10q+1=1811),q=181"
3576,6392100,0,1535628,3196050,0.2402,"AGL(1,1753)xF1823:C911"
3577,6395676,0,171991,3197838,0.0269,"F1231+(2q+1=587)+(6q+1=1759),q=293"
3578,6399253,0,1599366,3199626,0.2499,2x(1789:1788)diag
3579,6402831,0,2133084,3201415,0.3331,3x(1193:1192)diag+rot
3580,6406410,0,1205128,3203205,0.1881,"AGL(1,1553)xF2027:C1013"
3581,6409990,1,6409990,6409990,1.0000,"AGL(1,3581) [exact]"
3582,6413571,0,1546161,3206785,0.2411,"AGL(1,1759)xF1823:C911"
3583,6417153,1,6417153,6417153,1.0000,"AGL(1,3583) [exact]"
3584,6420736,0,808501,3210368,0.1259,"AGL(1,1381)xF2203:C367"
3585,6424320,0,149189,3212160,0.0232,"F881+(4q+1=773)+(10q+1=1931),q=193"
3586,6427905,0,1214461,3213952,0.1889,"AGL(1,1559)xF2027:C1013"
3587,6431491,0,376635,3215745,0.0586,17x(211:210)diag+rot
3588,6435078,0,1412040,3217539,0.2194,"AGL(1,1681)xF1907:C953"
3589,6438666,0,196747,3219333,0.0306,"F691+(6q+1=1087)+(10q+1=1811),q=181"
3590,6442255,0,1063611,3221127,0.1651,"AGL(1,2131)xF1459:C729"
3591,6445845,0,396551,3222922,0.0615,"AGL(1,2048)xF1543:C257"
3592,6449436,0,1309771,3224718,0.2031,"AGL(1,1973)xF1619:C809"
3593,6453028,1,6453028,6453028,1.0000,"AGL(1,3593) [exact]"
3594,6456621,0,1226961,3228310,0.1900,"AGL(1,1567)xF2027:C1013"
3595,6460215,0,1290605,3230107,0.1998,5x(719:718)diag+rot
3596,6463810,0,1063611,3231905,0.1645,"AGL(1,2137)xF1459:C729"
3597,6467406,0,91699,3233703,0.0142,"F599+(8q+1=857)+(20q+1=2141),q=107"
3598,6471003,0,1309771,3235501,0.2024,"AGL(1,1979)xF1619:C809"
3599,6474601,0,307193,3237300,0.0474,"F827+(4q+1=1109)+(6q+1=1663),q=277"
3600,6478200,0,1577976,3239100,0.2436,"AGL(1,1777)xF1823:C911"
3601,6481800,0,496938,3240900,0.0767,13x(277:276)diag+rot
3602,6485401,0,1620900,3242700,0.2499,2x(1801:1800)diag
3603,6489003,0,720600,3244501,0.1110,3x(1201:1200)diag
3604,6492606,0,1439056,3246303,0.2216,"AGL(1,1697)xF1907:C953"
3605,6496210,0,171991,3248105,0.0265,"F1259+(2q+1=587)+(6q+1=1759),q=293"
3606,6499815,0,1588653,3249907,0.2444,"AGL(1,1783)xF1823:C911"
3607,6503421,1,6503421,6503421,1.0000,"AGL(1,3607) [exact]"
3608,6507028,0,835147,3253514,0.1283,"AGL(1,1369)xF2239:C373"
3609,6510636,0,114481,3255318,0.0176,"F1217+(2q+1=479)+(8q+1=1913),q=239"
3610,6514245,0,1595791,3257122,0.2450,"AGL(1,1787)xF1823:C911"
3611,6517855,0,307193,3258927,0.0471,"F839+(4q+1=1109)+(6q+1=1663),q=277"
3612,6521466,0,1599366,3260733,0.2452,"AGL(1,1789)xF1823:C911"
3613,6525078,1,6525078,6525078,1.0000,"AGL(1,3613) [exact]"
3614,6528691,0,757065,3264345,0.1160,"AGL(1,1231)xF2383:C397"
3615,6532305,0,149189,3266152,0.0228,"F911+(4q+1=773)+(10q+1=1931),q=193"
3616,6535920,0,1459486,3267960,0.2233,"AGL(1,1709)xF1907:C953"
3617,6539536,1,6539536,6539536,1.0000,"AGL(1,3617) [exact]"
3618,6543153,0,1309771,3271576,0.2002,"AGL(1,1999)xF1619:C809"
3619,6546771,0,246647,3273385,0.0377,"AGL(1,2048)xF1571:C157"
3620,6550390,0,1063611,3275195,0.1624,"AGL(1,2161)xF1459:C729"
3621,6554010,0,115033,3277005,0.0176,"AGL(1,512)xF3109:C37"
3622,6557631,0,3277910,3278815,0.4999,2x(1811:905)diag+rot
3623,6561253,1,6561253,6561253,1.0000,"AGL(1,3623) [exact]"
3624,6564876,0,1620900,3282438,0.2469,"AGL(1,1801)xF1823:C911"
3625,6568500,0,307193,3284250,0.0468,"F853+(4q+1=1109)+(6q+1=1663),q=277"
3626,6572125,0,1034641,3286062,0.1574,"AGL(1,2187)xF1439:C719"
3627,6575751,0,415277,3287875,0.0632,"AGL(1,2048)xF1579:C263"
3628,6579378,0,1480060,3289689,0.2250,"AGL(1,1721)xF1907:C953"
3629,6583006,0,307193,3291503,0.0467,"F857+(4q+1=1109)+(6q+1=1663),q=277"
3630,6586635,0,1483503,3293317,0.2252,"AGL(1,1723)xF1907:C953"
3631,6590265,1,6590265,6590265,1.0000,"AGL(1,3631) [exact]"
3632,6593896,0,808501,3296948,0.1226,"AGL(1,1429)xF2203:C367"
3633,6597528,0,425267,3298764,0.0645,"AGL(1,1024)xF2609:C163"
3634,6601161,0,1638955,3300580,0.2483,"AGL(1,1811)xF1823:C911"
3635,6604795,0,1319505,3302397,0.1998,5x(727:726)diag+rot
3636,6608430,0,1309771,3304215,0.1982,"AGL(1,2017)xF1619:C809"
3637,6612066,1,6612066,6612066,1.0000,"AGL(1,3637) [exact]"
3638,6615703,0,1063611,3307851,0.1608,"AGL(1,2179)xF1459:C729"
3639,6619341,0,735078,3309670,0.1111,3x(1213:1212)diag
3640,6622980,0,1500778,3311490,0.2266,"AGL(1,1733)xF1907:C953"
3641,6626620,0,285253,3313310,0.0430,"AGL(1,1024)xF2617:C109"
3642,6630261,0,1245831,3315130,0.1879,"AGL(1,1579)xF2063:C1031"
3643,6633903,1,6633903,6633903,1.0000,"AGL(1,3643) [exact]"
3644,6637546,0,657697,3318773,0.0991,"AGL(1,1657)xF1987:C331"
3645,6641190,0,1326780,3320595,0.1998,5x(729:728)diag+rot
3646,6644835,0,3321506,3322417,0.4999,2x(1823:911)diag+rot
3647,6648481,0,948220,3324240,0.1426,7x(521:520)diag+rot
3648,6652128,0,1514670,3326064,0.2277,"AGL(1,1741)xF1907:C953"
3649,6655776,0,307193,3327888,0.0462,"F877+(4q+1=1109)+(6q+1=1663),q=277"
3650,6659425,0,808501,3329712,0.1214,"AGL(1,1447)xF2203:C367"
3651,6663075,0,2219808,3331537,0.3332,3x(1217:1216)diag+rot
3652,6666726,0,1300078,3333363,0.1950,"AGL(1,1613)xF2039:C1019"
3653,6670378,0,511420,3335189,0.0767,13x(281:280)diag+rot
3654,6674031,0,1660753,3337015,0.2488,"AGL(1,1831)xF1823:C911"
3655,6677685,0,307193,3338842,0.0460,"F883+(4q+1=1109)+(6q+1=1663),q=277"
3656,6681340,0,1063611,3340670,0.1592,"AGL(1,2197)xF1459:C729"
3657,6684996,0,149189,3342498,0.0223,"F953+(4q+1=773)+(10q+1=1931),q=193"
3658,6688653,0,1309771,3344326,0.1958,"AGL(1,1619)xF2039:C1019"
3659,6692311,1,6692311,6692311,1.0000,"AGL(1,3659) [exact]"
3660,6695970,0,1535628,3347985,0.2293,"AGL(1,1753)xF1907:C953"
3661,6699630,0,955521,3349815,0.1426,7x(523:522)diag+rot
3662,6703291,0,3350730,3351645,0.4999,2x(1831:915)diag+rot
3663,6706953,0,95141,3353476,0.0142,"F457+(12q+1=1069)+(24q+1=2137),q=89"
3664,6710616,0,1339066,3355308,0.1995,"AGL(1,1637)xF2027:C1013"
3665,6714280,0,1341390,3357140,0.1998,5x(733:732)diag+rot
3666,6717945,0,1546161,3358972,0.2302,"AGL(1,1759)xF1907:C953"
3667,6721611,0,1309771,3360805,0.1949,"AGL(1,2048)xF1619:C809"
3668,6725278,0,1063611,3362639,0.1582,"AGL(1,2209)xF1459:C729"
3669,6728946,0,2241759,3364473,0.3332,3x(1223:1222)diag+rot
3670,6732615,0,1660753,3366307,0.2467,"AGL(1,1847)xF1823:C911"
3671,6736285,1,6736285,6736285,1.0000,"AGL(1,3671) [exact]"
3672,6739956,0,1660753,3369978,0.2464,"AGL(1,1849)xF1823:C911"
3673,6743628,1,6743628,6743628,1.0000,"AGL(1,3673) [exact]"
3674,6747301,0,1104841,3373650,0.1637,"AGL(1,2187)xF1487:C743"
3675,6750975,0,440917,3375487,0.0653,"AGL(1,2048)xF1627:C271"
3676,6754650,0,1339066,3377325,0.1982,"AGL(1,1637)xF2039:C1019"
3677,6758326,1,6758326,6758326,1.0000,"AGL(1,3677) [exact]"
3678,6762003,0,1245831,3381001,0.1842,"AGL(1,1579)xF2099:C1049"
3679,6765681,0,518739,3382840,0.0767,13x(283:282)diag+rot
3680,6769360,0,1063611,3384680,0.1571,"AGL(1,2221)xF1459:C729"
3681,6773040,0,220531,3386520,0.0326,"AGL(1,1024)xF2657:C83"
3682,6776721,0,1309771,3388360,0.1933,"AGL(1,1619)xF2063:C1031"
3683,6780403,0,523776,3390201,0.0772,"AGL(1,1024)xF2659:C443"
3684,6784086,0,1660753,3392043,0.2448,"AGL(1,1861)xF1823:C911"
3685,6787770,0,669533,3393885,0.0986,"AGL(1,2048)xF1637:C409"
3686,6791455,0,848253,3395727,0.1249,"AGL(1,1303)xF2383:C397"
3687,6795141,0,2263818,3397570,0.3332,3x(1229:1228)diag+rot
3688,6798828,0,1309771,3399414,0.1926,"AGL(1,2069)xF1619:C809"
3689,6802516,0,126253,3401258,0.0186,"F503+(4q+1=797)+(12q+1=2389),q=199"
3690,6806205,0,1660753,3403102,0.2440,"AGL(1,1867)xF1823:C911"
3691,6809895,1,6809895,6809895,1.0000,"AGL(1,3691) [exact]"
3692,6813586,0,835147,3406793,0.1226,"AGL(1,1453)xF2239:C373"
3693,6817278,0,757065,3408639,0.1111,3x(1231:1230)diag
3694,6820971,0,3409562,3410485,0.4999,2x(1847:923)diag+rot
3695,6824665,0,1363455,3412332,0.1998,5x(739:738)diag+rot
3696,6828360,0,1660753,3414180,0.2432,"AGL(1,1873)xF1823:C911"
3697,6832056,1,6832056,6832056,1.0000,"AGL(1,3697) [exact]"
3698,6835753,0,1708476,3417876,0.2499,2x(1849:1848)diag
3699,6839451,0,130816,3419725,0.0191,"AGL(1,512)xF3187:C59"
3700,6843150,0,1660753,3421575,0.2427,"AGL(1,1877)xF1823:C911"
3701,6846850,1,6846850,6846850,1.0000,"AGL(1,3701) [exact]"
3702,6850551,0,1660753,3425275,0.2424,"AGL(1,1879)xF1823:C911"
3703,6854253,0,977592,3427126,0.1426,7x(529:528)diag+rot
3704,6857956,0,871860,3428978,0.1271,"AGL(1,1321)xF2383:C397"
3705,6861660,0,97903,3430830,0.0143,"F443+(4q+1=653)+(16q+1=2609),q=163"
3706,6865365,0,1388611,3432682,0.2023,"AGL(1,1667)xF2039:C1019"
3707,6869071,0,622776,3434535,0.0907,11x(337:336)diag+rot
3708,6872778,0,1620900,3436389,0.2358,"AGL(1,1801)xF1907:C953"
3709,6876486,1,6876486,6876486,1.0000,"AGL(1,3709) [exact]"
3710,6880195,0,1159003,3440097,0.1685,"AGL(1,2187)xF1523:C761"
3711,6883905,0,764466,3441952,0.1111,3x(1237:1236)diag
3712,6887616,0,1660753,3443808,0.2411,"AGL(1,1889)xF1823:C911"
3713,6891328,0,307193,3445664,0.0446,"F941+(4q+1=1109)+(6q+1=1663),q=277"
3714,6895041,0,933661,3447520,0.1354,"AGL(1,2347)xF1367:C683"
3715,6898755,0,1378265,3449377,0.1998,5x(743:742)diag+rot
3716,6902470,0,580637,3451235,0.0841,"AGL(1,1849)xF1867:C311"
3717,6906186,0,523776,3453093,0.0758,"AGL(1,1024)xF2693:C673"
3718,6909903,0,1638955,3454951,0.2372,"AGL(1,1811)xF1907:C953"
3719,6913621,1,6913621,6913621,1.0000,"AGL(1,3719) [exact]"
3720,6917340,0,1432278,3458670,0.2071,"AGL(1,1693)xF2027:C1013"
3721,6921060,1,6921060,6921060,1.0000,"AGL(1,3721) [exact]"
3722,6924781,0,1730730,3462390,0.2499,2x(1861:1860)diag
3723,6928503,0,191629,3464251,0.0277,"AGL(1,1024)xF2699:C71"
3724,6932226,0,1660753,3466113,0.2396,"AGL(1,1901)xF1823:C911"
3725,6935950,0,307193,3467975,0.0443,"F953+(4q+1=1109)+(6q+1=1663),q=277"
3726,6939675,0,1442451,3469837,0.2079,"AGL(1,1699)xF2027:C1013"
3727,6943401,1,6943401,6943401,1.0000,"AGL(1,3727) [exact]"
3728,6947128,0,1063611,3473564,0.1531,"AGL(1,2269)xF1459:C729"
3729,6950856,0,130816,3475428,0.0188,"AGL(1,512)xF3217:C67"
3730,6954585,0,1660753,3477292,0.2388,"AGL(1,1823)xF1907:C953"
3731,6958315,0,112751,3479157,0.0162,"F1811+(6q+1=823)+(8q+1=1097),q=137"
3732,6962046,0,1432278,3481023,0.2057,"AGL(1,1693)xF2039:C1019"
3733,6965778,1,6965778,6965778,1.0000,"AGL(1,3733) [exact]"
3734,6969511,0,3483822,3484755,0.4999,2x(1867:933)diag+rot
3735,6973245,0,523776,3486622,0.0751,"AGL(1,1024)xF2711:C271"
3736,6976980,0,1660753,3488490,0.2380,"AGL(1,1913)xF1823:C911"
3737,6980716,0,306569,3490358,0.0439,"AGL(1,1024)xF2713:C113"
3738,6984453,0,1675365,3492226,0.2399,"AGL(1,1831)xF1907:C953"
3739,6988191,1,6988191,6988191,1.0000,"AGL(1,3739) [exact]"
3740,6991930,0,1063611,3495965,0.1521,"AGL(1,2281)xF1459:C729"
3741,6995670,0,130816,3497835,0.0187,"AGL(1,512)xF3229:C269"
3742,6999411,0,3498770,3499705,0.4999,2x(1871:935)diag+rot
3743,7003153,0,410569,3501576,0.0586,"AGL(1,1024)xF2719:C151"
3744,7006896,0,1412040,3503448,0.2015,"AGL(1,1681)xF2063:C1031"
3745,7010640,0,171991,3505320,0.0245,"F1399+(2q+1=587)+(6q+1=1759),q=293"
3746,7014385,0,1753128,3507192,0.2499,2x(1873:1872)diag
3747,7018131,0,779376,3509065,0.1111,3x(1249:1248)diag
3748,7021878,0,1480060,3510939,0.2108,"AGL(1,1721)xF2027:C1013"
3749,7025626,0,307193,3512813,0.0437,"F977+(4q+1=1109)+(6q+1=1663),q=277"
3750,7029375,0,1483503,3514687,0.2110,"AGL(1,1723)xF2027:C1013"
3751,7033125,0,225060,3516562,0.0320,31x(121:120)diag+rot
3752,7036876,0,1063611,3518438,0.1511,"AGL(1,2293)xF1459:C729"
3753,7040628,0,149189,3520314,0.0212,"F1049+(4q+1=773)+(10q+1=1931),q=193"
3754,7044381,0,1760626,3522190,0.2499,2x(1877:1876)diag
3755,7048135,0,469375,3524067,0.0666,(751:125)wr5
3756,7051890,0,1708476,3525945,0.2423,"AGL(1,1849)xF1907:C953"
3757,7055646,0,541008,3527823,0.0767,13x(289:288)diag+rot
3758,7059403,0,3528762,3529701,0.4999,2x(1879:939)diag+rot
3759,7063161,0,114481,3531580,0.0162,"F1367+(2q+1=479)+(8q+1=1913),q=239"
3760,7066920,0,1500778,3533460,0.2124,"AGL(1,1733)xF2027:C1013"
3761,7070680,1,7070680,7070680,1.0000,"AGL(1,3761) [exact]"
3762,7074441,0,1483503,3537220,0.2097,"AGL(1,1723)xF2039:C1019"
3763,7078203,0,307193,3539101,0.0434,"F991+(4q+1=1109)+(6q+1=1663),q=277"
3764,7081966,0,946051,3540983,0.1336,"AGL(1,1381)xF2383:C397"
3765,7085730,0,375517,3542865,0.0530,"AGL(1,1024)xF2741:C137"
3766,7089495,0,1388611,3544747,0.1959,"AGL(1,1667)xF2099:C1049"
3767,7093261,1,7093261,7093261,1.0000,"AGL(1,3767) [exact]"
3768,7097028,0,1730730,3548514,0.2439,"AGL(1,1861)xF1907:C953"
3769,7100796,1,7100796,7100796,1.0000,"AGL(1,3769) [exact]"
3770,7104565,0,1063611,3552282,0.1497,"AGL(1,2311)xF1459:C729"
3771,7108335,0,130816,3554167,0.0184,"AGL(1,512)xF3259:C181"
3772,7112106,0,1660753,3556053,0.2335,"AGL(1,1949)xF1823:C911"
3773,7115878,0,645183,3557939,0.0907,11x(343:342)diag+rot
3774,7119651,0,1741911,3559825,0.2447,"AGL(1,1867)xF1907:C953"
3775,7123425,0,196747,3561712,0.0276,"F877+(6q+1=1087)+(10q+1=1811),q=181"
3776,7127200,0,722801,3563600,0.1014,"AGL(1,1693)xF2083:C347"
3777,7130976,0,2375733,3565488,0.3332,3x(1259:1258)diag+rot
3778,7134753,0,1783216,3567376,0.2499,2x(1889:1888)diag
3779,7138531,1,7138531,7138531,1.0000,"AGL(1,3779) [exact]"
3780,7142310,0,1753128,3571155,0.2455,"AGL(1,1873)xF1907:C953"
3781,7146090,0,750389,3573045,0.1050,"AGL(1,2048)xF1733:C433"
3782,7149871,0,946051,3574935,0.1323,"AGL(1,1399)xF2383:C397"
3783,7153653,0,130816,3576826,0.0183,"AGL(1,512)xF3271:C109"
3784,7157436,0,1760626,3578718,0.2460,"AGL(1,1877)xF1907:C953"
3785,7161220,0,1430730,3580610,0.1998,5x(757:756)diag+rot
3786,7165005,0,1764381,3582502,0.2462,"AGL(1,1879)xF1907:C953"
3787,7168791,0,1022490,3584395,0.1426,7x(541:540)diag+rot
3788,7172578,0,835147,3586289,0.1164,"AGL(1,1549)xF2239:C373"
3789,7176366,0,129286,3588183,0.0180,"F509+(8q+1=1193)+(14q+1=2087),q=149"
3790,7180155,0,1252153,3590077,0.1744,"AGL(1,1583)xF2207:C1103"
3791,7183945,0,523776,3591972,0.0729,"AGL(1,1024)xF2767:C461"
3792,7187736,0,1535628,3593868,0.2136,"AGL(1,1753)xF2039:C1019"
3793,7191528,1,7191528,7191528,1.0000,"AGL(1,3793) [exact]"
3794,7195321,0,596971,3597660,0.0830,"AGL(1,1117)xF2677:C223"
3795,7199115,0,169459,3599557,0.0235,"AGL(1,2048)xF1747:C97"
3796,7202910,0,1783216,3601455,0.2476,"AGL(1,1889)xF1907:C953"
3797,7206706,1,7206706,7206706,1.0000,"AGL(1,3797) [exact]"
3798,7210503,0,1546161,3605251,0.2144,"AGL(1,1759)xF2039:C1019"
3799,7214301,0,246935,3607150,0.0342,29x(131:130)diag+rot
3800,7218100,0,1063611,3609050,0.1474,"AGL(1,2341)xF1459:C729"
3801,7221900,0,523776,3610950,0.0725,"AGL(1,1024)xF2777:C347"
3802,7225701,0,1805950,3612850,0.2499,2x(1901:1900)diag
3803,7229503,1,7229503,7229503,1.0000,"AGL(1,3803) [exact]"
3804,7233306,0,1577976,3616653,0.2182,"AGL(1,1777)xF2027:C1013"
3805,7237110,0,307193,3618555,0.0424,"F1033+(4q+1=1109)+(6q+1=1663),q=277"
3806,7240915,0,1309771,3620457,0.1809,"AGL(1,2187)xF1619:C809"
3807,7244721,0,515387,3622360,0.0711,"AGL(1,2048)xF1759:C293"
3808,7248528,0,1805950,3624264,0.2491,"AGL(1,1901)xF1907:C953"
3809,7252336,0,556114,3626168,0.0767,13x(293:292)diag+rot
3810,7256145,0,1660753,3628072,0.2289,"AGL(1,1987)xF1823:C911"
3811,7259955,0,307193,3629977,0.0423,"F1039+(4q+1=1109)+(6q+1=1663),q=277"
3812,7263766,0,946051,3631883,0.1302,"AGL(1,1429)xF2383:C397"
3813,7267578,0,149189,3633789,0.0205,"F1109+(4q+1=773)+(10q+1=1931),q=193"
3814,7271391,0,3634742,3635695,0.4999,2x(1907:953)diag+rot
3815,7275205,0,120295,3637602,0.0165,"F491+(6q+1=907)+(16q+1=2417),q=151"
3816,7279020,0,1660753,3639510,0.2282,"AGL(1,1993)xF1823:C911"
3817,7282836,0,660341,3641418,0.0907,11x(347:346)diag+rot
3818,7286653,0,835147,3643326,0.1146,"AGL(1,1579)xF2239:C373"
3819,7290471,0,114481,3645235,0.0157,"F1427+(2q+1=479)+(8q+1=1913),q=239"
3820,7294290,0,1817371,3647145,0.2491,"AGL(1,1913)xF1907:C953"
3821,7298110,1,7298110,7298110,1.0000,"AGL(1,3821) [exact]"
3822,7301931,0,1660753,3650965,0.2274,"AGL(1,1999)xF1823:C911"
3823,7305753,1,7305753,7305753,1.0000,"AGL(1,3823) [exact]"
3824,7309576,0,808501,3654788,0.1106,"AGL(1,1621)xF2203:C367"
3825,7313400,0,114481,3656700,0.0157,"F1433+(2q+1=479)+(8q+1=1913),q=239"
3826,7317225,0,1828828,3658612,0.2499,2x(1913:1912)diag
3827,7321051,0,523776,3660525,0.0715,"AGL(1,1024)xF2803:C467"
3828,7324878,0,1620900,3662439,0.2213,"AGL(1,1801)xF2027:C1013"
3829,7328706,0,171991,3664353,0.0235,"F1483+(2q+1=587)+(6q+1=1759),q=293"
3830,7332535,0,1063611,3666267,0.1451,"AGL(1,2371)xF1459:C729"
3831,7336365,0,2444178,3668182,0.3332,3x(1277:1276)diag+rot
3832,7340196,0,1500778,3670098,0.2045,"AGL(1,1733)xF2099:C1049"
3833,7344028,1,7344028,7344028,1.0000,"AGL(1,3833) [exact]"
3834,7347861,0,1660753,3673930,0.2260,"AGL(1,2011)xF1823:C911"
3835,7351695,0,307193,3675847,0.0418,"F1063+(4q+1=1109)+(6q+1=1663),q=277"
3836,7355530,0,1063611,3677765,0.1446,"AGL(1,2377)xF1459:C729"
3837,7359366,0,817281,3679683,0.1111,3x(1279:1278)diag
3838,7363203,0,1817371,3681601,0.2468,"AGL(1,1931)xF1907:C953"
3839,7367041,0,667986,3683520,0.0907,11x(349:348)diag+rot
3840,7370880,0,1817371,3685440,0.2466,"AGL(1,1933)xF1907:C953"
3841,7374720,0,318803,3687360,0.0432,23x(167:166)diag+rot
3842,7378561,0,1063611,3689280,0.1441,"AGL(1,2383)xF1459:C729"
3843,7382403,0,523776,3691201,0.0709,"AGL(1,1024)xF2819:C1409"
3844,7386246,0,1339066,3693123,0.1813,"AGL(1,1637)xF2207:C1103"
3845,7390090,0,1476480,3695045,0.1998,5x(769:768)diag+rot
3846,7393935,0,1588653,3696967,0.2149,"AGL(1,1783)xF2063:C1031"
3847,7397781,1,7397781,7397781,1.0000,"AGL(1,3847) [exact]"
3848,7401628,0,1063611,3700814,0.1437,"AGL(1,2389)xF1459:C729"
3849,7405476,0,2467209,3702738,0.3332,3x(1283:1282)diag+rot
3850,7409325,0,1660753,3704662,0.2241,"AGL(1,1823)xF2027:C1013"
3851,7413175,1,7413175,7413175,1.0000,"AGL(1,3851) [exact]"
3852,7417026,0,1660753,3708513,0.2239,"AGL(1,2029)xF1823:C911"
3853,7420878,1,7420878,7420878,1.0000,"AGL(1,3853) [exact]"
3854,7424731,0,946051,3712365,0.1274,"AGL(1,1471)xF2383:C397"
3855,7428585,0,149189,3714292,0.0201,"F1151+(4q+1=773)+(10q+1=1931),q=193"
3856,7432440,0,1817371,3716220,0.2445,"AGL(1,1949)xF1907:C953"
3857,7436296,0,171991,3718148,0.0231,"F1511+(2q+1=587)+(6q+1=1759),q=293"
3858,7440153,0,1817371,3720076,0.2443,"AGL(1,1951)xF1907:C953"
3859,7444011,0,436067,3722005,0.0586,17x(227:226)diag+rot
3860,7447870,0,1063611,3723935,0.1428,"AGL(1,2401)xF1459:C729"
3861,7451730,0,523776,3725865,0.0703,"AGL(1,1024)xF2837:C709"
3862,7455591,0,3726830,3727795,0.4999,2x(1931:965)diag+rot
3863,7459453,1,7459453,7459453,1.0000,"AGL(1,3863) [exact]"
3864,7463316,0,1620900,3731658,0.2172,"AGL(1,1801)xF2063:C1031"
3865,7467180,0,1491890,3733590,0.1998,5x(773:772)diag+rot
3866,7471045,0,1867278,3735522,0.2499,2x(1933:1932)diag
3867,7474911,0,2490348,3737455,0.3332,3x(1289:1288)diag+rot
3868,7478778,0,1214461,3739389,0.1624,"AGL(1,1559)xF2309:C577"
3869,7482646,0,307193,3741323,0.0411,"F1097+(4q+1=1109)+(6q+1=1663),q=277"
3870,7486515,0,1675365,3743257,0.2238,"AGL(1,1831)xF2039:C1019"
3871,7490385,0,1660753,3745192,0.2217,"AGL(1,2048)xF1823:C911"
3872,7494256,0,946051,3747128,0.1262,"AGL(1,1489)xF2383:C397"
3873,7498128,0,832695,3749064,0.1111,3x(1291:1290)diag
3874,7502001,0,1704781,3751000,0.2272,"AGL(1,1847)xF2027:C1013"
3875,7505875,0,307193,3752937,0.0409,"F1103+(4q+1=1109)+(6q+1=1663),q=277"
3876,7509750,0,1708476,3754875,0.2275,"AGL(1,1849)xF2027:C1013"
3877,7513626,1,7513626,7513626,1.0000,"AGL(1,3877) [exact]"
3878,7517503,0,629521,3758751,0.0837,"AGL(1,1129)xF2749:C229"
3879,7521381,0,177757,3760690,0.0236,"F599+(8q+1=1193)+(14q+1=2087),q=149"
3880,7525260,0,1817371,3762630,0.2415,"AGL(1,1973)xF1907:C953"
3881,7529140,1,7529140,7529140,1.0000,"AGL(1,3881) [exact]"
3882,7533021,0,1588653,3766510,0.2109,"AGL(1,1783)xF2099:C1049"
3883,7536903,0,130816,3768451,0.0174,"AGL(1,512)xF3371:C337"
3884,7540786,0,808501,3770393,0.1072,"AGL(1,1681)xF2203:C367"
3885,7544670,0,149189,3772335,0.0198,"F1181+(4q+1=773)+(10q+1=1931),q=193"
3886,7548555,0,1817371,3774277,0.2408,"AGL(1,1979)xF1907:C953"
3887,7552441,0,326508,3776220,0.0432,23x(169:168)diag+rot
3888,7556328,0,1730730,3778164,0.2290,"AGL(1,1861)xF2027:C1013"
3889,7560216,1,7560216,7560216,1.0000,"AGL(1,3889) [exact]"
3890,7564105,0,757065,3782052,0.1001,"AGL(1,1231)xF2659:C443"
3891,7567995,0,840456,3783997,0.1111,3x(1297:1296)diag
3892,7571886,0,1660753,3785943,0.2193,"AGL(1,2069)xF1823:C911"
3893,7575778,0,443802,3787889,0.0586,17x(229:228)diag+rot
3894,7579671,0,1817371,3789835,0.2398,"AGL(1,1987)xF1907:C953"
3895,7583565,0,307193,3791782,0.0405,"F1123+(4q+1=1109)+(6q+1=1663),q=277"
3896,7587460,0,1063611,3793730,0.1402,"AGL(1,2437)xF1459:C729"
3897,7591356,0,177757,3795678,0.0234,"F617+(8q+1=1193)+(14q+1=2087),q=149"
3898,7595253,0,1898326,3797626,0.2499,2x(1949:1948)diag
3899,7599151,0,1083922,3799575,0.1426,7x(557:556)diag+rot
3900,7603050,0,1817371,3801525,0.2390,"AGL(1,1993)xF1907:C953"
3901,7606950,0,307193,3803475,0.0404,"F1129+(4q+1=1109)+(6q+1=1663),q=277"
3902,7610851,0,3804450,3805425,0.4999,2x(1951:975)diag+rot
3903,7614753,0,2536950,3807376,0.3332,3x(1301:1300)diag+rot
3904,7618656,0,1817371,3809328,0.2385,"AGL(1,1997)xF1907:C953"
3905,7622560,0,177757,3811280,0.0233,"F625+(8q+1=1193)+(14q+1=2087),q=149"
3906,7626465,0,1817371,3813232,0.2383,"AGL(1,1999)xF1907:C953"
3907,7630371,1,7630371,7630371,1.0000,"AGL(1,3907) [exact]"
3908,7634278,0,835147,3817139,0.1094,"AGL(1,1669)xF2239:C373"
3909,7638186,0,848253,3819093,0.1111,3x(1303:1302)diag
3910,7642095,0,1817371,3821047,0.2378,"AGL(1,2003)xF1907:C953"
3911,7646005,1,7646005,7646005,1.0000,"AGL(1,3911) [exact]"
3912,7649916,0,1753128,3824958,0.2292,"AGL(1,1873)xF2039:C1019"
3913,7653828,0,171991,3826914,0.0225,"F1567+(2q+1=587)+(6q+1=1759),q=293"
3914,7657741,0,946051,3828870,0.1235,"AGL(1,1531)xF2383:C397"
3915,7661655,0,580637,3830827,0.0758,"AGL(1,2048)xF1867:C311"
3916,7665570,0,1783216,3832785,0.2326,"AGL(1,1889)xF2027:C1013"
3917,7669486,1,7669486,7669486,1.0000,"AGL(1,3917) [exact]"
3918,7673403,0,1817371,3836701,0.2368,"AGL(1,2011)xF1907:C953"
3919,7677321,1,7677321,7677321,1.0000,"AGL(1,3919) [exact]"
3920,7681240,0,835147,3840620,0.1087,"AGL(1,1681)xF2239:C373"
3921,7685160,0,2560413,3842580,0.3332,3x(1307:1306)diag+rot
3922,7689081,0,1660753,3844540,0.2160,"AGL(1,1823)xF2099:C1049"
3923,7693003,1,7693003,7693003,1.0000,"AGL(1,3923) [exact]"
3924,7696926,0,1817371,3848463,0.2361,"AGL(1,2017)xF1907:C953"
3925,7700850,0,307193,3850425,0.0399,"F1153+(4q+1=1109)+(6q+1=1663),q=277"
3926,7704775,0,1063611,3852387,0.1380,"AGL(1,2467)xF1459:C729"
3927,7708701,0,588127,3854350,0.0763,"AGL(1,2048)xF1879:C313"
3928,7712628,0,1805950,3856314,0.2342,"AGL(1,1901)xF2027:C1013"
3929,7716556,1,7716556,7716556,1.0000,"AGL(1,3929) [exact]"
3930,7720485,0,1741911,3860242,0.2256,"AGL(1,1867)xF2063:C1031"
3931,7724415,1,7724415,7724415,1.0000,"AGL(1,3931) [exact]"
3932,7728346,0,1063611,3864173,0.1376,"AGL(1,2473)xF1459:C729"
3933,7732278,0,523776,3866139,0.0677,"AGL(1,1024)xF2909:C727"
3934,7736211,0,1817371,3868105,0.2349,"AGL(1,1907)xF2027:C1013"
3935,7740145,0,1546455,3870072,0.1998,5x(787:786)diag+rot
3936,7744080,0,1817371,3872040,0.2347,"AGL(1,2029)xF1907:C953"
3937,7748016,0,248031,3874008,0.0320,31x(127:126)diag+rot
3938,7751953,0,835147,3875976,0.1077,"AGL(1,1699)xF2239:C373"
3939,7755891,0,177757,3877945,0.0229,"F659+(8q+1=1193)+(14q+1=2087),q=149"
3940,7759830,0,1828828,3879915,0.2357,"AGL(1,1913)xF2027:C1013"
3941,7763770,0,1107421,3881885,0.1426,7x(563:562)diag+rot
3942,7767711,0,1764381,3883855,0.2271,"AGL(1,1879)xF2063:C1031"
3943,7771653,1,7771653,7771653,1.0000,"AGL(1,3943) [exact]"
3944,7775596,0,808501,3887798,0.1040,"AGL(1,1741)xF2203:C367"
3945,7779540,0,114481,3889770,0.0147,"F1553+(2q+1=479)+(8q+1=1913),q=239"
3946,7783485,0,1945378,3891742,0.2499,2x(1973:1972)diag
3947,7787431,1,7787431,7787431,1.0000,"AGL(1,3947) [exact]"
3948,7791378,0,1708476,3895689,0.2193,"AGL(1,1849)xF2099:C1049"
3949,7795326,0,706871,3897663,0.0907,11x(359:358)diag+rot
3950,7799275,0,946051,3899637,0.1213,"AGL(1,1567)xF2383:C397"
3951,7803225,0,114481,3901612,0.0147,"F1559+(2q+1=479)+(8q+1=1913),q=239"
3952,7807176,0,1828828,3903588,0.2342,"AGL(1,1913)xF2039:C1019"
3953,7811128,0,307193,3905564,0.0393,"F1181+(4q+1=1109)+(6q+1=1663),q=277"
3954,7815081,0,1660753,3907540,0.2125,"AGL(1,2131)xF1823:C911"
3955,7819035,0,1817371,3909517,0.2324,"AGL(1,2048)xF1907:C953"
3956,7822990,0,840456,3911495,0.1074,"AGL(1,1297)xF2659:C443"
3957,7826946,0,2607663,3913473,0.3332,3x(1319:1318)diag+rot
3958,7830903,0,3914462,3915451,0.4999,2x(1979:989)diag+rot
3959,7834861,0,307193,3917430,0.0392,"F1187+(4q+1=1109)+(6q+1=1663),q=277"
3960,7838820,0,1867278,3919410,0.2382,"AGL(1,1933)xF2027:C1013"
3961,7842780,0,459476,3921390,0.0586,17x(233:232)diag+rot
3962,7846741,0,1063611,3923370,0.1355,"AGL(1,2503)xF1459:C729"
3963,7850703,0,871860,3925351,0.1111,3x(1321:1320)diag
3964,7854666,0,1805950,3927333,0.2299,"AGL(1,1901)xF2063:C1031"
3965,7858630,0,307193,3929315,0.0391,"F1193+(4q+1=1109)+(6q+1=1663),q=277"
3966,7862595,0,1741911,3931297,0.2215,"AGL(1,1867)xF2099:C1049"
3967,7866561,1,7866561,7866561,1.0000,"AGL(1,3967) [exact]"
3968,7870528,0,720600,3935264,0.0916,"AGL(1,1201)xF2767:C461"
3969,7874496,0,130816,3937248,0.0166,"AGL(1,512)xF3457:C128"
3970,7878465,0,1863415,3939232,0.2365,"AGL(1,1931)xF2039:C1019"
3971,7882435,0,714780,3941217,0.0907,11x(361:360)diag+rot
3972,7886406,0,1867278,3943203,0.2368,"AGL(1,1933)xF2039:C1019"
3973,7890378,0,307193,3945189,0.0389,"F1201+(4q+1=1109)+(6q+1=1663),q=277"
3974,7894351,0,3946182,3947175,0.4999,2x(1987:993)diag+rot
3975,7898325,0,130816,3949162,0.0166,"AGL(1,512)xF3463:C577"
3976,7902300,0,1898326,3951150,0.2402,"AGL(1,1949)xF2027:C1013"
3977,7906276,0,190896,3953138,0.0241,41x(97:96)diag+rot
3978,7910253,0,1902225,3955126,0.2405,"AGL(1,1951)xF2027:C1013"
3979,7914231,0,372683,3957115,0.0471,"AGL(1,2048)xF1931:C193"
3980,7918210,0,1063611,3959105,0.1343,"AGL(1,2521)xF1459:C729"
3981,7922190,0,879801,3961095,0.1111,3x(1327:1326)diag
3982,7926171,0,1159003,3963085,0.1462,"AGL(1,1523)xF2459:C1229"
3983,7930153,0,1131172,3965076,0.1426,7x(569:568)diag+rot
3984,7934136,0,1660753,3967068,0.2093,"AGL(1,2161)xF1823:C911"
3985,7938120,0,1586030,3969060,0.1998,5x(797:796)diag+rot
3986,7942105,0,1985028,3971052,0.2499,2x(1993:1992)diag
3987,7946091,0,523776,3973045,0.0659,"AGL(1,1024)xF2963:C1481"
3988,7950078,0,1898326,3975039,0.2388,"AGL(1,1949)xF2039:C1019"
3989,7954066,1,7954066,7954066,1.0000,"AGL(1,3989) [exact]"
3990,7958055,0,1902225,3979027,0.2390,"AGL(1,1951)xF2039:C1019"
3991,7962045,0,610623,3981022,0.0767,13x(307:306)diag+rot
3992,7966036,0,946051,3983018,0.1188,"AGL(1,1609)xF2383:C397"
3993,7970028,0,2655345,3985014,0.3332,3x(1331:1330)diag+rot
3994,7974021,0,1993006,3987010,0.2499,2x(1997:1996)diag
3995,7978015,0,307193,3989007,0.0385,"F1223+(4q+1=1109)+(6q+1=1663),q=277"
3996,7982010,0,1867278,3991005,0.2339,"AGL(1,1933)xF2063:C1031"
3997,7986006,0,1139145,3993003,0.1426,7x(571:570)diag+rot
3998,7990003,0,3994002,3995001,0.4999,2x(1999:999)diag+rot
3999,7994001,0,177757,3997000,0.0222,"F719+(8q+1=1193)+(14q+1=2087),q=149"
4000,7998000,0,1945378,3999000,0.2432,"AGL(1,1973)xF2027:C1013"
4001,8002000,1,8002000,8002000,1.0000,"AGL(1,4001) [exact]"
4002,8006001,0,1660753,4003000,0.2074,"AGL(1,2179)xF1823:C911"
4003,8010003,1,8010003,8010003,1.0000,"AGL(1,4003) [exact]"
4004,8014006,0,946051,4007003,0.1180,"AGL(1,1621)xF2383:C397"
4005,8018010,0,149189,4009005,0.0186,"F1301+(4q+1=773)+(10q+1=1931),q=193"
4006,8022015,0,4010006,4011007,0.4999,2x(2003:1001)diag+rot
4007,8026021,1,8026021,8026021,1.0000,"AGL(1,4007) [exact]"
4008,8030028,0,1620900,4015014,0.2019,"AGL(1,1801)xF2207:C1103"
4009,8034036,0,420945,4017018,0.0524,19x(211:210)diag+rot
4010,8038045,0,1660753,4019022,0.2066,"AGL(1,2187)xF1823:C911"
4011,8042055,0,149189,4021027,0.0186,"F1307+(4q+1=773)+(10q+1=1931),q=193"
4012,8046066,0,1945378,4023033,0.2418,"AGL(1,1973)xF2039:C1019"
4013,8050078,1,8050078,8050078,1.0000,"AGL(1,4013) [exact]"
4014,8054091,0,1973091,4027045,0.2450,"AGL(1,1987)xF2027:C1013"
4015,8058105,0,196747,4029052,0.0244,"F1117+(6q+1=1087)+(10q+1=1811),q=181"
4016,8062120,0,1063611,4031060,0.1319,"AGL(1,2557)xF1459:C729"
4017,8066136,0,112751,4033068,0.0140,"F727+(6q+1=823)+(18q+1=2467),q=137"
4018,8070153,0,1957231,4035076,0.2425,"AGL(1,1979)xF2039:C1019"
4019,8074171,1,8074171,8074171,1.0000,"AGL(1,4019) [exact]"
4020,8078190,0,1985028,4039095,0.2457,"AGL(1,1993)xF2027:C1013"
4021,8082210,1,8082210,8082210,1.0000,"AGL(1,4021) [exact]"
4022,8086231,0,4042110,4043115,0.4999,2x(2011:1005)diag+rot
4023,8090253,0,523776,4045126,0.0647,"AGL(1,1024)xF2999:C1499"
4024,8094276,0,1993006,4047138,0.2462,"AGL(1,1997)xF2027:C1013"
4025,8098300,0,375125,4049150,0.0463,"AGL(1,1024)xF3001:C125"
4026,8102325,0,1997001,4051162,0.2465,"AGL(1,1999)xF2027:C1013"
4027,8106351,1,8106351,8106351,1.0000,"AGL(1,4027) [exact]"
4028,8110378,0,936396,4055189,0.1155,"AGL(1,1369)xF2659:C443"
4029,8114406,0,150641,4057203,0.0186,"F729+(16q+1=1553)+(18q+1=1747),q=97"
4030,8118435,0,2005003,4059217,0.2470,"AGL(1,2003)xF2027:C1013"
4031,8122465,0,307193,4061232,0.0378,"F1259+(4q+1=1109)+(6q+1=1663),q=277"
4032,8126496,0,1985028,4063248,0.2443,"AGL(1,1993)xF2039:C1019"
4033,8130528,0,217782,4065264,0.0268,37x(109:108)diag+rot
4034,8134561,0,2033136,4067280,0.2499,2x(2017:2016)diag
4035,8138595,0,657697,4069297,0.0808,"AGL(1,2048)xF1987:C331"
4036,8142630,0,1993006,4071315,0.2448,"AGL(1,1997)xF2039:C1019"
4037,8146666,0,738771,4073333,0.0907,11x(367:366)diag+rot
4038,8150703,0,2021055,4075351,0.2480,"AGL(1,2011)xF2027:C1013"
4039,8154741,0,1163232,4077370,0.1426,7x(577:576)diag+rot
4040,8158780,0,952890,4079390,0.1168,"AGL(1,1381)xF2659:C443"
4041,8162820,0,177757,4081410,0.0218,"F761+(8q+1=1193)+(14q+1=2087),q=149"
4042,8166861,0,2005003,4083430,0.2455,"AGL(1,2003)xF2039:C1019"
4043,8170903,0,626665,4085451,0.0767,13x(311:310)diag+rot
4044,8174946,0,2033136,4087473,0.2487,"AGL(1,2017)xF2027:C1013"
4045,8178990,0,1634180,4089495,0.1998,5x(809:808)diag+rot
4046,8183035,0,946051,4091517,0.1156,"AGL(1,1663)xF2383:C397"
4047,8187081,0,523776,4093540,0.0640,"AGL(1,1024)xF3023:C1511"
4048,8191128,0,1898326,4095564,0.2318,"AGL(1,1949)xF2099:C1049"
4049,8195176,1,8195176,8195176,1.0000,"AGL(1,4049) [exact]"
4050,8199225,0,2021055,4099612,0.2465,"AGL(1,2011)xF2039:C1019"
4051,8203275,1,8203275,8203275,1.0000,"AGL(1,4051) [exact]"
4052,8207326,0,1063611,4103663,0.1296,"AGL(1,2593)xF1459:C729"
4053,8211378,0,177757,4105689,0.0216,"F773+(8q+1=1193)+(14q+1=2087),q=149"
4054,8215431,0,4106702,4107715,0.4999,2x(2027:1013)diag+rot
4055,8219485,0,328455,4109742,0.0400,5x(811:810)diag
4056,8223540,0,2053351,4111770,0.2497,"AGL(1,2029)xF2027:C1013"
4057,8227596,1,8227596,8227596,1.0000,"AGL(1,4057) [exact]"
4058,8231653,0,2057406,4115826,0.2499,2x(2029:2028)diag
4059,8235711,0,134737,4117855,0.0164,"AGL(1,2048)xF2011:C67"
4060,8239770,0,1993006,4119885,0.2419,"AGL(1,1997)xF2063:C1031"
4061,8243830,0,307193,4121915,0.0373,"F1289+(4q+1=1109)+(6q+1=1663),q=277"
4062,8247891,0,1997001,4123945,0.2421,"AGL(1,1999)xF2063:C1031"
4063,8251953,0,307193,4125976,0.0372,"F1291+(4q+1=1109)+(6q+1=1663),q=277"
4064,8256016,0,946051,4128008,0.1146,"AGL(1,1681)xF2383:C397"
4065,8260080,0,149189,4130040,0.0181,"F1361+(4q+1=773)+(10q+1=1931),q=193"
4066,8264145,0,2053351,4132072,0.2485,"AGL(1,2027)xF2039:C1019"
4067,8268211,0,177757,4134105,0.0215,"F787+(8q+1=1193)+(14q+1=2087),q=149"
4068,8272278,0,2057406,4136139,0.2487,"AGL(1,2029)xF2039:C1019"
4069,8276346,0,307193,4138173,0.0371,"F1297+(4q+1=1109)+(6q+1=1663),q=277"
4070,8280415,0,848253,4140207,0.1024,"AGL(1,1303)xF2767:C461"
4071,8284485,0,149189,4142242,0.0180,"F1367+(4q+1=773)+(10q+1=1931),q=193"
4072,8288556,0,1945378,4144278,0.2347,"AGL(1,1973)xF2099:C1049"
4073,8292628,1,8292628,8292628,1.0000,"AGL(1,4073) [exact]"
4074,8296701,0,2021055,4148350,0.2436,"AGL(1,2011)xF2063:C1031"
4075,8300775,0,2053351,4150387,0.2474,"AGL(1,2048)xF2027:C1013"
4076,8304850,0,1063611,4152425,0.1281,"AGL(1,2617)xF1459:C729"
4077,8308926,0,342901,4154463,0.0413,"AGL(1,2048)xF2029:C169"
4078,8313003,0,4155482,4156501,0.4999,2x(2039:1019)diag+rot
4079,8317081,1,8317081,8317081,1.0000,"AGL(1,4079) [exact]"
4080,8321160,0,2053351,4160580,0.2468,"AGL(1,2053)xF2027:C1013"
4081,8325240,0,179747,4162620,0.0216,"F619+(6q+1=1039)+(14q+1=2423),q=173"
4082,8329321,0,1011753,4164660,0.1215,"AGL(1,1423)xF2659:C443"
4083,8333403,0,2776440,4166701,0.3332,3x(1361:1360)diag+rot
4084,8337486,0,1760626,4168743,0.2112,"AGL(1,1877)xF2207:C1103"
4085,8341570,0,196747,4170785,0.0236,"F1187+(6q+1=1087)+(10q+1=1811),q=181"
4086,8345655,0,1973091,4172827,0.2364,"AGL(1,1987)xF2099:C1049"
4087,8349741,0,2077741,4174870,0.2488,"AGL(1,2048)xF2039:C1019"
4088,8353828,0,1020306,4176914,0.1221,"AGL(1,1429)xF2659:C443"
4089,8357916,0,177757,4178958,0.0213,"F809+(8q+1=1193)+(14q+1=2087),q=149"
4090,8362005,0,2053351,4181002,0.2456,"AGL(1,2027)xF2063:C1031"
4091,8366095,1,8366095,8366095,1.0000,"AGL(1,4091) [exact]"
4092,8370186,0,2077741,4185093,0.2482,"AGL(1,2053)xF2039:C1019"
4093,8374278,1,8374278,8374278,1.0000,"AGL(1,4093) [exact]"
4094,8378371,0,1817371,4189185,0.2169,"AGL(1,2187)xF1907:C953"
4095,8382465,0,130816,4191232,0.0156,"AGL(1,512)xF3583:C199"
4096,8386560,1,8386560,8386560,1.0000,"AGL(1,4096) [exact]"
4097,8390656,0,491640,4195328,0.0586,17x(241:240)diag+rot
4098,8394753,0,1997001,4197376,0.2379,"AGL(1,1999)xF2099:C1049"
4099,8398851,1,8398851,8398851,1.0000,"AGL(1,4099) [exact]"
4100,8402950,0,840456,4201475,0.1000,"AGL(1,1297)xF2803:C467"
4101,8407050,0,2800983,4203525,0.3332,3x(1367:1366)diag+rot
4102,8411151,0,2077741,4205575,0.2470,"AGL(1,2039)xF2063:C1031"
4103,8415253,0,763158,4207626,0.0907,11x(373:372)diag+rot
4104,8419356,0,1817371,4209678,0.2159,"AGL(1,2197)xF1907:C953"
4105,8423460,0,336610,4211730,0.0400,5x(821:820)diag
4106,8427565,0,2106378,4213782,0.2499,2x(2053:2052)diag
4107,8431671,0,936396,4215835,0.1111,3x(1369:1368)diag
4108,8435778,0,2077741,4217889,0.2463,"AGL(1,2069)xF2039:C1019"
4109,8439886,0,1203937,4219943,0.1426,7x(587:586)diag+rot
4110,8443995,0,2053351,4221997,0.2432,"AGL(1,2083)xF2027:C1013"
4111,8448105,1,8448105,8448105,1.0000,"AGL(1,4111) [exact]"
4112,8452216,0,1054878,4226108,0.1248,"AGL(1,1453)xF2659:C443"
4113,8456328,0,523776,4228164,0.0619,"AGL(1,1024)xF3089:C193"
4114,8460441,0,2053351,4230220,0.2427,"AGL(1,2087)xF2027:C1013"
4115,8464555,0,1691265,4232277,0.1998,5x(823:822)diag+rot
4116,8468670,0,2106378,4234335,0.2487,"AGL(1,2053)xF2063:C1031"
4117,8472786,0,366413,4236393,0.0432,23x(179:178)diag+rot
4118,8476903,0,1063611,4238451,0.1255,"AGL(1,1459)xF2659:C443"
4119,8481021,0,2825634,4240510,0.3332,3x(1373:1372)diag+rot
4120,8485140,0,2077741,4242570,0.2449,"AGL(1,2081)xF2039:C1019"
4121,8489260,0,651118,4244630,0.0767,13x(317:316)diag+rot
4122,8493381,0,2077741,4246690,0.2446,"AGL(1,2083)xF2039:C1019"
4123,8497503,0,179747,4248751,0.0212,"F661+(6q+1=1039)+(14q+1=2423),q=173"
4124,8501626,0,946051,4250813,0.1113,"AGL(1,1741)xF2383:C397"
4125,8505750,0,130816,4252875,0.0154,"AGL(1,512)xF3613:C43"
4126,8509875,0,4253906,4254937,0.4999,2x(2063:1031)diag+rot
4127,8514001,1,8514001,8514001,1.0000,"AGL(1,4127) [exact]"
4128,8518128,0,2077741,4259064,0.2439,"AGL(1,2089)xF2039:C1019"
4129,8522256,1,8522256,8522256,1.0000,"AGL(1,4129) [exact]"
4130,8526385,0,1081185,4263192,0.1268,"AGL(1,1471)xF2659:C443"
4131,8530515,0,722801,4265257,0.0847,"AGL(1,2048)xF2083:C347"
4132,8534646,0,2126953,4267323,0.2492,"AGL(1,2069)xF2063:C1031"
4133,8538778,1,8538778,8538778,1.0000,"AGL(1,4133) [exact]"
4134,8542911,0,1660753,4271455,0.1944,"AGL(1,2311)xF1823:C911"
4135,8547045,0,1707755,4273522,0.1998,5x(827:826)diag+rot
4136,8551180,0,1063611,4275590,0.1244,"AGL(1,2677)xF1459:C729"
4137,8555316,0,177757,4277658,0.0208,"F857+(8q+1=1193)+(14q+1=2087),q=149"
4138,8559453,0,2139346,4279726,0.2499,2x(2069:2068)diag
4139,8563591,1,8563591,8563591,1.0000,"AGL(1,4139) [exact]"
4140,8567730,0,2053351,4283865,0.2397,"AGL(1,2113)xF2027:C1013"
4141,8571870,0,307193,4285935,0.0358,"F1369+(4q+1=1109)+(6q+1=1663),q=277"
4142,8576011,0,1098903,4288005,0.1281,"AGL(1,1483)xF2659:C443"
4143,8580153,0,952890,4290076,0.1111,3x(1381:1380)diag
4144,8584296,0,2126953,4292148,0.2478,"AGL(1,2081)xF2063:C1031"
4145,8588440,0,1716030,4294220,0.1998,5x(829:828)diag+rot
4146,8592585,0,2126953,4296292,0.2475,"AGL(1,2083)xF2063:C1031"
4147,8596731,0,2096128,4298365,0.2438,"AGL(1,2048)xF2099:C1049"
4148,8600878,0,1107816,4300439,0.1288,"AGL(1,1489)xF2659:C443"
4149,8605026,0,136503,4302513,0.0159,"F523+(6q+1=907)+(18q+1=2719),q=151"
4150,8609175,0,2126953,4304587,0.2471,"AGL(1,2087)xF2063:C1031"
4151,8613325,0,1228696,4306662,0.1427,7x(593:592)diag+rot
4152,8617476,0,2126953,4308738,0.2468,"AGL(1,2089)xF2063:C1031"
4153,8621628,1,8621628,8621628,1.0000,"AGL(1,4153) [exact]"
4154,8625781,0,808501,4312890,0.0937,"AGL(1,1951)xF2203:C367"
4155,8629935,0,149189,4314967,0.0173,"F1451+(4q+1=773)+(10q+1=1931),q=193"
4156,8634090,0,2053351,4317045,0.2378,"AGL(1,2129)xF2027:C1013"
4157,8638246,1,8638246,8638246,1.0000,"AGL(1,4157) [exact]"
4158,8642403,0,2053351,4321201,0.2376,"AGL(1,2131)xF2027:C1013"
4159,8646561,1,8646561,8646561,1.0000,"AGL(1,4159) [exact]"
4160,8650720,0,946051,4325360,0.1094,"AGL(1,1777)xF2383:C397"
4161,8654880,0,177757,4327440,0.0205,"F881+(8q+1=1193)+(14q+1=2087),q=149"
4162,8659041,0,2164240,4329520,0.2499,2x(2081:2080)diag
4163,8663203,0,374670,4331601,0.0432,23x(181:180)diag+rot
4164,8667366,0,2053351,4333683,0.2369,"AGL(1,2137)xF2027:C1013"
4165,8671530,0,191271,4335765,0.0221,"F619+(2q+1=887)+(6q+1=2659),q=443"
4166,8675695,0,4336806,4337847,0.4999,2x(2083:1041)diag+rot
4167,8679861,0,177757,4339930,0.0205,"F887+(8q+1=1193)+(14q+1=2087),q=149"
4168,8684028,0,2139346,4342014,0.2464,"AGL(1,2069)xF2099:C1049"
4169,8688196,0,787941,4344098,0.0907,11x(379:378)diag+rot
4170,8692365,0,2077741,4346182,0.2390,"AGL(1,2131)xF2039:C1019"
4171,8696535,0,307193,4348267,0.0353,"F1399+(4q+1=1109)+(6q+1=1663),q=277"
4172,8700706,0,1063611,4350353,0.1222,"AGL(1,2713)xF1459:C729"
4173,8704878,0,136957,4352439,0.0157,"F547+(6q+1=907)+(18q+1=2719),q=151"
4174,8709051,0,4353482,4354525,0.4999,2x(2087:1043)diag+rot
4175,8713225,0,196747,4356612,0.0226,"F1277+(6q+1=1087)+(10q+1=1811),q=181"
4176,8717400,0,2126953,4358700,0.2440,"AGL(1,2113)xF2063:C1031"
4177,8721576,1,8721576,8721576,1.0000,"AGL(1,4177) [exact]"
4178,8725753,0,2180916,4362876,0.2499,2x(2089:2088)diag
4179,8729931,0,151301,4364965,0.0173,"AGL(1,2048)xF2131:C71"
4180,8734110,0,2164240,4367055,0.2478,"AGL(1,2081)xF2099:C1049"
4181,8738290,0,307193,4369145,0.0352,"F1409+(4q+1=1109)+(6q+1=1663),q=277"
4182,8742471,0,2168403,4371235,0.2480,"AGL(1,2083)xF2099:C1049"
4183,8746653,0,184052,4373326,0.0210,47x(89:88)diag+rot
4184,8750836,0,996503,4375418,0.1139,"AGL(1,2187)xF1997:C499"
4185,8755020,0,190193,4377510,0.0217,"AGL(1,2048)xF2137:C89"
4186,8759205,0,2176741,4379602,0.2485,"AGL(1,2087)xF2099:C1049"
4187,8763391,0,205120,4381695,0.0234,"F641+(2q+1=887)+(6q+1=2659),q=443"
4188,8767578,0,2180916,4383789,0.2487,"AGL(1,2089)xF2099:C1049"
4189,8771766,0,229087,4385883,0.0261,"AGL(1,2048)xF2141:C107"
4190,8775955,0,1171215,4387977,0.1335,"AGL(1,1531)xF2659:C443"
4191,8780145,0,523776,4390072,0.0597,"AGL(1,1024)xF3167:C1583"
4192,8784336,0,2126953,4392168,0.2421,"AGL(1,2129)xF2063:C1031"
4193,8788528,0,1253707,4394264,0.1427,7x(599:598)diag+rot
4194,8792721,0,2126953,4396360,0.2419,"AGL(1,2131)xF2063:C1031"
4195,8796915,0,1757705,4398457,0.1998,5x(839:838)diag+rot
4196,8801110,0,1020306,4400555,0.1159,"AGL(1,1429)xF2767:C461"
4197,8805306,0,977901,4402653,0.1111,3x(1399:1398)diag
4198,8809503,0,4403702,4404751,0.4999,2x(2099:1049)diag+rot
4199,8813701,0,307193,4406850,0.0349,"F1427+(4q+1=1109)+(6q+1=1663),q=277"
4200,8817900,0,2126953,4408950,0.2412,"AGL(1,2137)xF2063:C1031"
4201,8822100,1,8822100,8822100,1.0000,"AGL(1,4201) [exact]"
4202,8826301,0,1177937,4413150,0.1335,"AGL(1,1543)xF2659:C443"
4203,8830503,0,158203,4415251,0.0179,"F563+(14q+1=1499)+(20q+1=2141),q=107"
4204,8834706,0,2126953,4417353,0.2407,"AGL(1,2141)xF2063:C1031"
4205,8838910,0,353220,4419455,0.0400,5x(841:840)diag
4206,8843115,0,2126953,4421557,0.2405,"AGL(1,2143)xF2063:C1031"
4207,8847321,0,1262100,4423660,0.1427,7x(601:600)diag+rot
4208,8851528,0,1177937,4425764,0.1331,"AGL(1,1549)xF2659:C443"
4209,8855736,0,177757,4427868,0.0201,"F929+(8q+1=1193)+(14q+1=2087),q=149"
4210,8859945,0,2201851,4429972,0.2485,"AGL(1,2111)xF2099:C1049"
4211,8864155,1,8864155,8864155,1.0000,"AGL(1,4211) [exact]"
4212,8868366,0,2201851,4434183,0.2483,"AGL(1,2113)xF2099:C1049"
4213,8872578,0,804683,4436289,0.0907,11x(383:382)diag+rot
4214,8876791,0,2053351,4438395,0.2313,"AGL(1,2187)xF2027:C1013"
4215,8881005,0,149189,4440502,0.0168,"F1511+(4q+1=773)+(10q+1=1931),q=193"
4216,8885220,0,2126953,4442610,0.2394,"AGL(1,2153)xF2063:C1031"
4217,8889436,1,8889436,8889436,1.0000,"AGL(1,4217) [exact]"
4218,8893653,0,2077741,4446826,0.2336,"AGL(1,2179)xF2039:C1019"
4219,8897871,1,8897871,8897871,1.0000,"AGL(1,4219) [exact]"
4220,8902090,0,1054878,4451045,0.1185,"AGL(1,1453)xF2767:C461"
4221,8906310,0,177757,4453155,0.0200,"F941+(8q+1=1193)+(14q+1=2087),q=149"
4222,8910531,0,4454210,4455265,0.4999,2x(2111:1055)diag+rot
4223,8914753,0,307193,4457376,0.0345,"F1451+(4q+1=1109)+(6q+1=1663),q=277"
4224,8918976,0,2126953,4459488,0.2385,"AGL(1,2161)xF2063:C1031"
4225,8923200,0,307193,4461600,0.0344,"F1453+(4q+1=1109)+(6q+1=1663),q=277"
4226,8927425,0,2231328,4463712,0.2499,2x(2113:2112)diag
4227,8931651,0,2975808,4465825,0.3332,3x(1409:1408)diag+rot
4228,8935878,0,2201851,4467939,0.2464,"AGL(1,2129)xF2099:C1049"
4229,8940106,1,8940106,8940106,1.0000,"AGL(1,4229) [exact]"
4230,8944335,0,2201851,4472167,0.2462,"AGL(1,2131)xF2099:C1049"
4231,8948565,1,8948565,8948565,1.0000,"AGL(1,4231) [exact]"
4232,8952796,0,1020306,4476398,0.1140,"AGL(1,1429)xF2803:C467"
4233,8957028,0,523776,4478514,0.0585,"AGL(1,1024)xF3209:C401"
4234,8961261,0,2053351,4480630,0.2291,"AGL(1,2027)xF2207:C1103"
4235,8965495,0,179747,4482747,0.0200,"F773+(6q+1=1039)+(14q+1=2423),q=173"
4236,8969730,0,2201851,4484865,0.2455,"AGL(1,2137)xF2099:C1049"
4237,8973966,0,470307,4486983,0.0524,19x(223:222)diag+rot
4238,8978203,0,1177937,4489101,0.1312,"AGL(1,1579)xF2659:C443"
4239,8982441,0,160393,4491220,0.0179,"F599+(14q+1=1499)+(20q+1=2141),q=107"
4240,8986680,0,2201851,4493340,0.2450,"AGL(1,2141)xF2099:C1049"
4241,8990920,1,8990920,8990920,1.0000,"AGL(1,4241) [exact]"
4242,8995161,0,2201851,4497580,0.2448,"AGL(1,2143)xF2099:C1049"
4243,8999403,1,8999403,8999403,1.0000,"AGL(1,4243) [exact]"
4244,9003646,0,946051,4501823,0.1051,"AGL(1,1861)xF2383:C397"
4245,9007890,0,136957,4503945,0.0152,"F619+(6q+1=907)+(18q+1=2719),q=151"
4246,9012135,0,2077741,4506067,0.2305,"AGL(1,2039)xF2207:C1103"
4247,9016381,0,288796,4508190,0.0320,31x(137:136)diag+rot
4248,9020628,0,2077741,4510314,0.2303,"AGL(1,2209)xF2039:C1019"
4249,9024876,0,1287447,4512438,0.1427,7x(607:606)diag+rot
4250,9029125,0,2126953,4514562,0.2356,"AGL(1,2187)xF2063:C1031"
4251,9033375,0,808501,4516687,0.0895,"AGL(1,2048)xF2203:C367"
4252,9037626,0,2201851,4518813,0.2436,"AGL(1,2153)xF2099:C1049"
4253,9041878,1,9041878,9041878,1.0000,"AGL(1,4253) [exact]"
4254,9046131,0,1817371,4523065,0.2009,"AGL(1,2347)xF1907:C953"
4255,9050385,0,2096128,4525192,0.2316,"AGL(1,2048)xF2207:C1103"
4256,9054640,0,1177937,4527320,0.1301,"AGL(1,1597)xF2659:C443"
4257,9058896,0,177757,4529448,0.0196,"F977+(8q+1=1193)+(14q+1=2087),q=149"
4258,9063153,0,2265256,4531576,0.2499,2x(2129:2128)diag
4259,9067411,1,9067411,9067411,1.0000,"AGL(1,4259) [exact]"
4260,9071670,0,2201851,4535835,0.2427,"AGL(1,2161)xF2099:C1049"
4261,9075930,1,9075930,9075930,1.0000,"AGL(1,4261) [exact]"
4262,9080191,0,4539030,4540095,0.4999,2x(2131:1065)diag+rot
4263,9084453,0,177757,4542226,0.0196,"F983+(8q+1=1193)+(14q+1=2087),q=149"
4264,9088716,0,2053351,4544358,0.2259,"AGL(1,2237)xF2027:C1013"
4265,9092980,0,1816890,4546490,0.1998,5x(853:852)diag+rot
4266,9097245,0,2126953,4548622,0.2338,"AGL(1,2203)xF2063:C1031"
4267,9101511,0,533375,4550755,0.0586,17x(251:250)diag+rot
4268,9105778,0,1177937,4552889,0.1294,"AGL(1,1609)xF2659:C443"
4269,9110046,0,1011753,4555023,0.1111,3x(1423:1422)diag
4270,9114315,0,2126953,4557157,0.2334,"AGL(1,2063)xF2207:C1103"
4271,9118585,1,9118585,9118585,1.0000,"AGL(1,4271) [exact]"
4272,9122856,0,2126953,4561428,0.2331,"AGL(1,2209)xF2063:C1031"
4273,9127128,1,9127128,9127128,1.0000,"AGL(1,4273) [exact]"
4274,9131401,0,2282316,4565700,0.2499,2x(2137:2136)diag
4275,9135675,0,406375,4567837,0.0445,"AGL(1,1024)xF3251:C125"
4276,9139950,0,2139346,4569975,0.2341,"AGL(1,2069)xF2207:C1103"
4277,9144226,0,523776,4572113,0.0573,"AGL(1,1024)xF3253:C271"
4278,9148503,0,2201851,4574251,0.2407,"AGL(1,2179)xF2099:C1049"
4279,9152781,0,830126,4576390,0.0907,11x(389:388)diag+rot
4280,9157060,0,1177937,4578530,0.1286,"AGL(1,1621)xF2659:C443"
4281,9161340,0,3052353,4580670,0.3332,3x(1427:1426)diag+rot
4282,9165621,0,2290870,4582810,0.2499,2x(2141:2140)diag
4283,9169903,1,9169903,9169903,1.0000,"AGL(1,4283) [exact]"
4284,9174186,0,2126953,4587093,0.2318,"AGL(1,2221)xF2063:C1031"
4285,9178470,0,1833980,4589235,0.1998,5x(857:856)diag+rot
4286,9182755,0,4590306,4591377,0.4999,2x(2143:1071)diag+rot
4287,9187041,0,1020306,4593520,0.1111,3x(1429:1428)diag
4288,9191328,0,2164240,4595664,0.2355,"AGL(1,2081)xF2207:C1103"
4289,9195616,1,9195616,9195616,1.0000,"AGL(1,4289) [exact]"
4290,9199905,0,2168403,4599952,0.2357,"AGL(1,2083)xF2207:C1103"
4291,9204195,0,1313046,4602097,0.1427,7x(613:612)diag+rot
4292,9208486,0,1107816,4604243,0.1203,"AGL(1,1489)xF2803:C467"
4293,9212778,0,177757,4606389,0.0193,"F1013+(8q+1=1193)+(14q+1=2087),q=149"
4294,9217071,0,2176741,4608535,0.2362,"AGL(1,2087)xF2207:C1103"
4295,9221365,0,1842555,4610682,0.1998,5x(859:858)diag+rot
4296,9225660,0,2201851,4612830,0.2387,"AGL(1,2197)xF2099:C1049"
4297,9229956,1,9229956,9229956,1.0000,"AGL(1,4297) [exact]"
4298,9234253,0,1171215,4617126,0.1268,"AGL(1,1531)xF2767:C461"
4299,9238551,0,3078084,4619275,0.3332,3x(1433:1432)diag+rot
4300,9242850,0,2126953,4621425,0.2301,"AGL(1,2237)xF2063:C1031"
4301,9247150,0,179747,4623575,0.0194,"F839+(6q+1=1039)+(14q+1=2423),q=173"
4302,9251451,0,2201851,4625725,0.2380,"AGL(1,2203)xF2099:C1049"
4303,9255753,0,709995,4627876,0.0767,13x(331:330)diag+rot
4304,9260056,0,722801,4630028,0.0781,"AGL(1,2221)xF2083:C347"
4305,9264360,0,149189,4632180,0.0161,"F1601+(4q+1=773)+(10q+1=1931),q=193"
4306,9268665,0,2316628,4634332,0.2499,2x(2153:2152)diag
4307,9272971,0,289180,4636485,0.0312,"F761+(2q+1=887)+(6q+1=2659),q=443"
4308,9277278,0,2201851,4638639,0.2373,"AGL(1,2209)xF2099:C1049"
4309,9281586,0,297321,4640793,0.0320,31x(139:138)diag+rot
4310,9285895,0,1189653,4642947,0.1281,"AGL(1,1543)xF2767:C461"
4311,9290205,0,177757,4645102,0.0191,"F1031+(8q+1=1193)+(14q+1=2087),q=149"
4312,9294516,0,2201851,4647258,0.2369,"AGL(1,2213)xF2099:C1049"
4313,9298828,0,487369,4649414,0.0524,19x(227:226)diag+rot
4314,9303141,0,2126953,4651570,0.2286,"AGL(1,2251)xF2063:C1031"
4315,9307455,0,1859765,4653727,0.1998,5x(863:862)diag+rot
4316,9311770,0,1198926,4655885,0.1288,"AGL(1,1549)xF2767:C461"
4317,9316086,0,3103923,4658043,0.3332,3x(1439:1438)diag+rot
4318,9320403,0,2227105,4660201,0.2389,"AGL(1,2111)xF2207:C1103"
4319,9324721,0,298378,4662360,0.0320,"F773+(2q+1=887)+(6q+1=2659),q=443"
4320,9329040,0,2231328,4664520,0.2392,"AGL(1,2113)xF2207:C1103"
4321,9333360,0,319754,4666680,0.0343,29x(149:148)diag+rot
4322,9337681,0,2333880,4668840,0.2499,2x(2161:2160)diag
4323,9342003,0,320003,4671001,0.0343,"AGL(1,1024)xF3299:C97"
4324,9346326,0,2053351,4673163,0.2197,"AGL(1,2297)xF2027:C1013"
4325,9350650,0,307193,4675325,0.0329,"F1553+(4q+1=1109)+(6q+1=1663),q=277"
4326,9354975,0,2077741,4677487,0.2221,"AGL(1,2287)xF2039:C1019"
4327,9359301,1,9359301,9359301,1.0000,"AGL(1,4327) [exact]"
4328,9363628,0,1177937,4681814,0.1258,"AGL(1,1669)xF2659:C443"
4329,9367956,0,177757,4683978,0.0190,"F1049+(8q+1=1193)+(14q+1=2087),q=149"
4330,9372285,0,2126953,4686142,0.2269,"AGL(1,2267)xF2063:C1031"
4331,9376615,0,307193,4688307,0.0328,"F1559+(4q+1=1109)+(6q+1=1663),q=277"
4332,9380946,0,2126953,4690473,0.2267,"AGL(1,2269)xF2063:C1031"
4333,9385278,0,1338897,4692639,0.1427,7x(619:618)diag+rot
4334,9389611,0,1226961,4694805,0.1307,"AGL(1,1567)xF2767:C461"
4335,9393945,0,290449,4696972,0.0309,"AGL(1,2048)xF2287:C127"
4336,9398280,0,2265256,4699140,0.2410,"AGL(1,2129)xF2207:C1103"
4337,9402616,1,9402616,9402616,1.0000,"AGL(1,4337) [exact]"
4338,9406953,0,2269515,4703476,0.2413,"AGL(1,2131)xF2207:C1103"
4339,9411291,1,9411291,9411291,1.0000,"AGL(1,4339) [exact]"
4340,9415630,0,1177937,4707815,0.1251,"AGL(1,1681)xF2659:C443"
4341,9419970,0,1046181,4709985,0.1111,3x(1447:1446)diag
4342,9424311,0,2201851,4712155,0.2336,"AGL(1,2243)xF2099:C1049"
4343,9428653,0,317206,4714326,0.0336,"F797+(2q+1=887)+(6q+1=2659),q=443"
4344,9432996,0,2282316,4716498,0.2420,"AGL(1,2137)xF2207:C1103"
4345,9437340,0,196747,4718670,0.0208,"F1447+(6q+1=1087)+(10q+1=1811),q=181"
4346,9441685,0,1245831,4720842,0.1320,"AGL(1,1579)xF2767:C461"
4347,9446031,0,501773,4723015,0.0531,"AGL(1,1024)xF3323:C151"
4348,9450378,0,2290870,4725189,0.2424,"AGL(1,2141)xF2207:C1103"
4349,9454726,1,9454726,9454726,1.0000,"AGL(1,4349) [exact]"
4350,9459075,0,2295153,4729537,0.2426,"AGL(1,2143)xF2207:C1103"
4351,9463425,0,307193,4731712,0.0325,"F1579+(4q+1=1109)+(6q+1=1663),q=277"
4352,9467776,0,1198926,4733888,0.1266,"AGL(1,1549)xF2803:C467"
4353,9472128,0,3155925,4736064,0.3332,3x(1451:1450)diag+rot
4354,9476481,0,1817371,4738240,0.1918,"AGL(1,1907)xF2447:C1223"
4355,9480835,0,326836,4740417,0.0345,"F809+(2q+1=887)+(6q+1=2659),q=443"
4356,9485190,0,2126953,4742595,0.2242,"AGL(1,2293)xF2063:C1031"
4357,9489546,1,9489546,9489546,1.0000,"AGL(1,4357) [exact]"
4358,9493903,0,4745862,4746951,0.4999,2x(2179:1089)diag+rot
4359,9498261,0,1054878,4749130,0.1111,3x(1453:1452)diag
4360,9502620,0,2316628,4751310,0.2438,"AGL(1,2153)xF2207:C1103"
4361,9506980,0,150641,4753490,0.0158,"F1061+(16q+1=1553)+(18q+1=1747),q=97"
4362,9511341,0,1660753,4755670,0.1746,"AGL(1,2539)xF1823:C911"
4363,9515703,1,9515703,9515703,1.0000,"AGL(1,4363) [exact]"
4364,9520066,0,1274406,4760033,0.1339,"AGL(1,1597)xF2767:C461"
4365,9524430,0,136957,4762215,0.0144,"F739+(6q+1=907)+(18q+1=2719),q=151"
4366,9528795,0,2201851,4764397,0.2311,"AGL(1,2267)xF2099:C1049"
4367,9533161,0,523776,4766580,0.0549,"AGL(1,1024)xF3343:C557"
4368,9537528,0,2333880,4768764,0.2447,"AGL(1,2161)xF2207:C1103"
4369,9541896,0,559232,4770948,0.0586,17x(257:256)diag+rot
4370,9546265,0,1226961,4773132,0.1285,"AGL(1,1567)xF2803:C467"
4371,9550635,0,523776,4775317,0.0548,"AGL(1,1024)xF3347:C239"
4372,9555006,0,2201851,4777503,0.2304,"AGL(1,2273)xF2099:C1049"
4373,9559378,1,9559378,9559378,1.0000,"AGL(1,4373) [exact]"
4374,9563751,0,4780782,4781875,0.4999,2x(2187:1093)diag+rot
4375,9568125,0,1365000,4784062,0.1427,7x(625:624)diag+rot
4376,9572500,0,1275587,4786250,0.1333,"AGL(1,1609)xF2767:C461"
4377,9576876,0,3190833,4788438,0.3332,(1459:729)wr3
4378,9581253,0,2077741,4790626,0.2169,"AGL(1,2339)xF2039:C1019"
4379,9585631,0,328425,4792815,0.0343,29x(151:150)diag+rot
4380,9590010,0,2201851,4795005,0.2296,"AGL(1,2281)xF2099:C1049"
4381,9594390,0,736008,4797195,0.0767,13x(337:336)diag+rot
4382,9598771,0,1245831,4799385,0.1298,"AGL(1,1579)xF2803:C467"
4383,9603153,0,245207,4801576,0.0255,"AGL(1,1024)xF3359:C73"
4384,9607536,0,2053351,4803768,0.2137,"AGL(1,2357)xF2027:C1013"
4385,9611920,0,1920630,4805960,0.1998,5x(877:876)diag+rot
4386,9616305,0,2372931,4808152,0.2468,"AGL(1,2179)xF2207:C1103"
4387,9620691,0,390613,4810345,0.0406,"AGL(1,2048)xF2339:C167"
4388,9625078,0,1275587,4812539,0.1325,"AGL(1,1621)xF2767:C461"
4389,9629466,0,177757,4814733,0.0185,"F1109+(8q+1=1193)+(14q+1=2087),q=149"
4390,9633855,0,2077741,4816927,0.2157,"AGL(1,2351)xF2039:C1019"
4391,9638245,1,9638245,9638245,1.0000,"AGL(1,4391) [exact]"
4392,9642636,0,2201851,4821318,0.2283,"AGL(1,2293)xF2099:C1049"
4393,9647028,0,417335,4823514,0.0433,23x(191:190)diag+rot
4394,9651421,0,2412306,4825710,0.2499,2x(2197:2196)diag
4395,9655815,0,523776,4827907,0.0542,"AGL(1,1024)xF3371:C337"
4396,9660210,0,2201851,4830105,0.2279,"AGL(1,2297)xF2099:C1049"
4397,9664606,1,9664606,9664606,1.0000,"AGL(1,4397) [exact]"
4398,9669003,0,2053351,4834501,0.2124,"AGL(1,2371)xF2027:C1013"
4399,9673401,0,363378,4836700,0.0376,"F853+(2q+1=887)+(6q+1=2659),q=443"
4400,9677800,0,1274406,4838900,0.1317,"AGL(1,1597)xF2803:C467"
4401,9682200,0,160393,4841100,0.0166,"F761+(14q+1=1499)+(20q+1=2141),q=107"
4402,9686601,0,2126953,4843300,0.2196,"AGL(1,2339)xF2063:C1031"
4403,9691003,0,366796,4845501,0.0378,"F857+(2q+1=887)+(6q+1=2659),q=443"
4404,9695406,0,2412306,4847703,0.2488,"AGL(1,2197)xF2207:C1103"
4405,9699810,0,387640,4849905,0.0400,5x(881:880)diag
4406,9704215,0,4851006,4852107,0.4999,2x(2203:1101)diag+rot
4407,9708621,0,150289,4854310,0.0155,"F569+(8q+1=1097)+(20q+1=2741),q=137"
4408,9713028,0,2201851,4856514,0.2267,"AGL(1,2309)xF2099:C1049"
4409,9717436,1,9717436,9717436,1.0000,"AGL(1,4409) [exact]"
4410,9721845,0,2425503,4860922,0.2495,"AGL(1,2203)xF2207:C1103"
4411,9726255,0,882200,4863127,0.0907,11x(401:400)diag+rot
4412,9730666,0,1293636,4865333,0.1329,"AGL(1,1609)xF2803:C467"
4413,9735078,0,1081185,4867539,0.1111,3x(1471:1470)diag
4414,9739491,0,4868642,4869745,0.4999,2x(2207:1103)diag+rot
4415,9743905,0,1947015,4871952,0.1998,5x(883:882)diag+rot
4416,9748320,0,2434321,4874160,0.2497,"AGL(1,2209)xF2207:C1103"
4417,9752736,0,198765,4876368,0.0204,7x(631:630)diag
4418,9757153,0,2438736,4878576,0.2499,2x(2209:2208)diag
4419,9761571,0,187309,4880785,0.0192,"AGL(1,2048)xF2371:C79"
4420,9765990,0,2434321,4882995,0.2493,"AGL(1,2213)xF2207:C1103"
4421,9770410,1,9770410,9770410,1.0000,"AGL(1,4421) [exact]"
4422,9774831,0,2077741,4887415,0.2126,"AGL(1,2383)xF2039:C1019"
4423,9779253,1,9779253,9779253,1.0000,"AGL(1,4423) [exact]"
4424,9783676,0,1309001,4891838,0.1338,"AGL(1,1621)xF2803:C467"
4425,9788100,0,150289,4894050,0.0154,"F587+(8q+1=1097)+(20q+1=2741),q=137"
4426,9792525,0,2447578,4896262,0.2499,2x(2213:2212)diag
4427,9796951,0,513532,4898475,0.0524,19x(233:232)diag+rot
4428,9801378,0,2434321,4900689,0.2484,"AGL(1,2221)xF2207:C1103"
4429,9805806,0,389403,4902903,0.0397,"F883+(2q+1=887)+(6q+1=2659),q=443"
4430,9810235,0,1309001,4905117,0.1334,"AGL(1,1627)xF2803:C467"
4431,9814665,0,946051,4907332,0.0964,"AGL(1,2048)xF2383:C397"
4432,9819096,0,2201851,4909548,0.2242,"AGL(1,2333)xF2099:C1049"
4433,9823528,0,392941,4911764,0.0400,"F887+(2q+1=887)+(6q+1=2659),q=443"
4434,9827961,0,2126953,4913980,0.2164,"AGL(1,2371)xF2063:C1031"
4435,9832395,0,1964705,4916197,0.1998,5x(887:886)diag+rot
4436,9836830,0,1275587,4918415,0.1297,"AGL(1,1669)xF2767:C461"
4437,9841266,0,523776,4920633,0.0532,"AGL(1,1024)xF3413:C853"
4438,9845703,0,2201851,4922851,0.2236,"AGL(1,2339)xF2099:C1049"
4439,9850141,0,426144,4925070,0.0433,23x(193:192)diag+rot
4440,9854580,0,2201851,4927290,0.2234,"AGL(1,2341)xF2099:C1049"
4441,9859020,1,9859020,9859020,1.0000,"AGL(1,4441) [exact]"
4442,9863461,0,2465310,4931730,0.2499,2x(2221:2220)diag
4443,9867903,0,3287820,4933951,0.3332,3x(1481:1480)diag+rot
4444,9872346,0,2434321,4936173,0.2466,"AGL(1,2237)xF2207:C1103"
4445,9876790,0,179747,4938395,0.0182,"F983+(6q+1=1039)+(14q+1=2423),q=173"
4446,9881235,0,2434321,4940617,0.2464,"AGL(1,2239)xF2207:C1103"
4447,9885681,1,9885681,9885681,1.0000,"AGL(1,4447) [exact]"
4448,9890128,0,1275587,4945064,0.1290,"AGL(1,1681)xF2767:C461"
4449,9894576,0,1098903,4947288,0.1111,3x(1483:1482)diag
4450,9899025,0,2434321,4949512,0.2459,"AGL(1,2243)xF2207:C1103"
4451,9903475,1,9903475,9903475,1.0000,"AGL(1,4451) [exact]"
4452,9907926,0,2126953,4953963,0.2147,"AGL(1,2389)xF2063:C1031"
4453,9912378,0,392941,4956189,0.0396,"F907+(2q+1=887)+(6q+1=2659),q=443"
4454,9916831,0,808501,4958415,0.0815,"AGL(1,2251)xF2203:C367"
4455,9921285,0,150289,4960642,0.0151,"F617+(8q+1=1097)+(20q+1=2741),q=137"
4456,9925740,0,2201851,4962870,0.2218,"AGL(1,2357)xF2099:C1049"
4457,9930196,1,9930196,9930196,1.0000,"AGL(1,4457) [exact]"
4458,9934653,0,2434321,4967326,0.2450,"AGL(1,2251)xF2207:C1103"
4459,9939111,0,762489,4969555,0.0767,13x(343:342)diag+rot
4460,9943570,0,1309001,4971785,0.1316,"AGL(1,1657)xF2803:C467"
4461,9948030,0,3314523,4974015,0.3332,3x(1487:1486)diag+rot
4462,9952491,0,2126953,4976245,0.2137,"AGL(1,2399)xF2063:C1031"
4463,9956953,1,9956953,9956953,1.0000,"AGL(1,4463) [exact]"
4464,9961416,0,2126953,4980708,0.2135,"AGL(1,2401)xF2063:C1031"
4465,9965880,0,392941,4982940,0.0394,"F919+(2q+1=887)+(6q+1=2659),q=443"
4466,9970345,0,1309001,4985172,0.1313,"AGL(1,1663)xF2803:C467"
4467,9974811,0,1107816,4987405,0.1111,3x(1489:1488)diag
4468,9979278,0,2053351,4989639,0.2058,"AGL(1,2441)xF2027:C1013"
4469,9983746,0,307193,4991873,0.0308,"F1697+(4q+1=1109)+(6q+1=1663),q=277"
4470,9988215,0,2201851,4994107,0.2204,"AGL(1,2371)xF2099:C1049"
4471,9992685,0,585701,4996342,0.0586,17x(263:262)diag+rot
4472,9997156,0,1309001,4998578,0.1309,"AGL(1,1669)xF2803:C467"
4473,10001628,0,523776,5000814,0.0524,"AGL(1,1024)xF3449:C431"
4474,10006101,0,2500966,5003050,0.2499,2x(2237:2236)diag
4475,10010575,0,392941,5005287,0.0393,"F929+(2q+1=887)+(6q+1=2659),q=443"
4476,10015050,0,2434321,5007525,0.2431,"AGL(1,2269)xF2207:C1103"
4477,10019526,0,268620,5009763,0.0268,37x(121:120)diag+rot
4478,10024003,0,5010882,5012001,0.4999,2x(2239:1119)diag+rot
4479,10028481,0,3341334,5014240,0.3332,3x(1493:1492)diag+rot
4480,10032960,0,2434321,5016480,0.2426,"AGL(1,2273)xF2207:C1103"
4481,10037440,1,10037440,10037440,1.0000,"AGL(1,4481) [exact]"
4482,10041921,0,2201851,5020960,0.2193,"AGL(1,2383)xF2099:C1049"
4483,10046403,1,10046403,10046403,1.0000,"AGL(1,4483) [exact]"
4484,10050886,0,1309001,5025443,0.1302,"AGL(1,1681)xF2803:C467"
4485,10055370,0,523776,5027685,0.0521,"AGL(1,1024)xF3461:C173"
4486,10059855,0,5028806,5029927,0.4999,2x(2243:1121)diag+rot
4487,10064341,0,1435840,5032170,0.1427,7x(641:640)diag+rot
4488,10068828,0,2434321,5034414,0.2418,"AGL(1,2281)xF2207:C1103"
4489,10073316,1,10073316,10073316,1.0000,"AGL(1,4489) [exact]"
4490,10077805,0,1275587,5038902,0.1266,"AGL(1,1723)xF2767:C461"
4491,10082295,0,523776,5041147,0.0520,"AGL(1,1024)xF3467:C1733"
4492,10086786,0,2201851,5043393,0.2183,"AGL(1,2393)xF2099:C1049"
4493,10091278,1,10091278,10091278,1.0000,"AGL(1,4493) [exact]"
4494,10095771,0,2434321,5047885,0.2411,"AGL(1,2287)xF2207:C1103"
4495,10100265,0,2096128,5050132,0.2075,"AGL(1,2048)xF2447:C1223"
4496,10104760,0,1332293,5052380,0.1318,"AGL(1,2187)xF2309:C577"
4497,10109256,0,3368253,5054628,0.3332,3x(1499:1498)diag+rot
4498,10113753,0,2201851,5056876,0.2177,"AGL(1,2399)xF2099:C1049"
4499,10118251,0,917796,5059125,0.0907,11x(409:408)diag+rot
4500,10122750,0,2434321,5061375,0.2405,"AGL(1,2293)xF2207:C1103"
4501,10127250,0,1444821,5063625,0.1427,7x(643:642)diag+rot
4502,10131751,0,5064750,5065875,0.4999,2x(2251:1125)diag+rot
4503,10136253,0,177757,5068126,0.0175,"F1223+(8q+1=1193)+(14q+1=2087),q=149"
4504,10140756,0,2434321,5070378,0.2401,"AGL(1,2297)xF2207:C1103"
4505,10145260,0,307193,5072630,0.0303,"F1733+(4q+1=1109)+(6q+1=1663),q=277"
4506,10149765,0,2077741,5074882,0.2047,"AGL(1,2467)xF2039:C1019"
4507,10154271,1,10154271,10154271,1.0000,"AGL(1,4507) [exact]"
4508,10158778,0,1275587,5079389,0.1256,"AGL(1,1741)xF2767:C461"
4509,10163286,0,177757,5081643,0.0175,"F1229+(8q+1=1193)+(14q+1=2087),q=149"
4510,10167795,0,2201851,5083897,0.2166,"AGL(1,2411)xF2099:C1049"
4511,10172305,0,780403,5086152,0.0767,13x(347:346)diag+rot
4512,10176816,0,2106378,5088408,0.2070,"AGL(1,2053)xF2459:C1229"
4513,10181328,1,10181328,10181328,1.0000,"AGL(1,4513) [exact]"
4514,10185841,0,1275587,5092920,0.1252,"AGL(1,1747)xF2767:C461"
4515,10190355,0,523776,5095177,0.0514,"AGL(1,1024)xF3491:C349"
4516,10194870,0,2434321,5097435,0.2388,"AGL(1,2309)xF2207:C1103"
4517,10199386,1,10199386,10199386,1.0000,"AGL(1,4517) [exact]"
4518,10203903,0,2434321,5101951,0.2386,"AGL(1,2311)xF2207:C1103"
4519,10208421,1,10208421,10208421,1.0000,"AGL(1,4519) [exact]"
4520,10212940,0,1275587,5106470,0.1249,"AGL(1,1753)xF2767:C461"
4521,10217460,0,254719,5108730,0.0249,"AGL(1,2048)xF2473:C103"
4522,10221981,0,2201851,5110990,0.2154,"AGL(1,2423)xF2099:C1049"
4523,10226503,1,10226503,10226503,1.0000,"AGL(1,4523) [exact]"
4524,10231026,0,1817371,5115513,0.1776,"AGL(1,2617)xF1907:C953"
4525,10235550,0,1533263,5117775,0.1498,"AGL(1,2048)xF2477:C619"
4526,10240075,0,1309001,5120037,0.1278,"AGL(1,1723)xF2803:C467"
4527,10244601,0,179101,5122300,0.0175,"F599+(10q+1=1511)+(16q+1=2417),q=151"
4528,10249128,0,2164240,5124564,0.2112,"AGL(1,2081)xF2447:C1223"
4529,10253656,0,1462867,5126828,0.1427,7x(647:646)diag+rot
4530,10258185,0,2168403,5129092,0.2114,"AGL(1,2083)xF2447:C1223"
4531,10262715,0,444038,5131357,0.0433,23x(197:196)diag+rot
4532,10267246,0,1177937,5133623,0.1147,"AGL(1,1873)xF2659:C443"
4533,10271778,0,3422415,5135889,0.3332,3x(1511:1510)diag+rot
4534,10276311,0,5137022,5138155,0.4999,2x(2267:1133)diag+rot
4535,10280845,0,2054355,5140422,0.1998,5x(907:906)diag+rot
4536,10285380,0,2201851,5142690,0.2141,"AGL(1,2437)xF2099:C1049"
4537,10289916,0,789438,5144958,0.0767,13x(349:348)diag+rot
4538,10294453,0,2573046,5147226,0.2499,2x(2269:2268)diag
4539,10298991,0,177757,5149495,0.0173,"F1259+(8q+1=1193)+(14q+1=2087),q=149"
4540,10303530,0,2434321,5151765,0.2363,"AGL(1,2333)xF2207:C1103"
4541,10308070,0,540379,5154035,0.0524,19x(239:238)diag+rot
4542,10312611,0,2168403,5156305,0.2103,"AGL(1,2083)xF2459:C1229"
4543,10317153,0,392941,5158576,0.0381,"F997+(2q+1=887)+(6q+1=2659),q=443"
4544,10321696,0,1322751,5160848,0.1282,"AGL(1,1627)xF2917:C729"
4545,10326240,0,190036,5163120,0.0184,"F617+(10q+1=1511)+(16q+1=2417),q=151"
4546,10330785,0,2582128,5165392,0.2499,2x(2273:2272)diag
4547,10335331,1,10335331,10335331,1.0000,"AGL(1,4547) [exact]"
4548,10339878,0,2434321,5169939,0.2354,"AGL(1,2341)xF2207:C1103"
4549,10344426,1,10344426,10344426,1.0000,"AGL(1,4549) [exact]"
4550,10348975,0,1309001,5174487,0.1265,"AGL(1,1747)xF2803:C467"
4551,10353525,0,347917,5176762,0.0336,"AGL(1,2048)xF2503:C139"
4552,10358076,0,1945378,5179038,0.1878,"AGL(1,1973)xF2579:C1289"
4553,10362628,0,355134,5181314,0.0343,29x(157:156)diag+rot
4554,10367181,0,2434321,5183590,0.2348,"AGL(1,2347)xF2207:C1103"
4555,10371735,0,414505,5185867,0.0400,5x(911:910)diag
4556,10376290,0,1309001,5188145,0.1262,"AGL(1,1753)xF2803:C467"
4557,10380846,0,523776,5190423,0.0505,"AGL(1,1024)xF3533:C883"
4558,10385403,0,2434321,5192701,0.2344,"AGL(1,2351)xF2207:C1103"
4559,10389961,0,392941,5194980,0.0378,"F1013+(2q+1=887)+(6q+1=2659),q=443"
4560,10394520,0,2231328,5197260,0.2147,"AGL(1,2113)xF2447:C1223"
4561,10399080,1,10399080,10399080,1.0000,"AGL(1,4561) [exact]"
4562,10403641,0,2600340,5201820,0.2499,2x(2281:2280)diag
4563,10408203,0,215879,5204101,0.0207,"AGL(1,1024)xF3539:C61"
4564,10412766,0,2434321,5206383,0.2338,"AGL(1,2357)xF2207:C1103"
4565,10417330,0,392941,5208665,0.0377,"F1019+(2q+1=887)+(6q+1=2659),q=443"
4566,10421895,0,2201851,5210947,0.2113,"AGL(1,2467)xF2099:C1049"
4567,10426461,1,10426461,10426461,1.0000,"AGL(1,4567) [exact]"
4568,10431028,0,1275587,5215514,0.1223,"AGL(1,1801)xF2767:C461"
4569,10435596,0,3477009,5217798,0.3332,3x(1523:1522)diag+rot
4570,10440165,0,2227105,5220082,0.2133,"AGL(1,2111)xF2459:C1229"
4571,10444735,0,1490146,5222367,0.1427,7x(653:652)diag+rot
4572,10449306,0,2231328,5224653,0.2135,"AGL(1,2113)xF2459:C1229"
4573,10453878,0,612782,5226939,0.0586,17x(269:268)diag+rot
4574,10458451,0,5228082,5229225,0.4999,2x(2287:1143)diag+rot
4575,10463025,0,208981,5231512,0.0200,"F647+(10q+1=1511)+(16q+1=2417),q=151"
4576,10467600,0,2265256,5233800,0.2164,"AGL(1,2129)xF2447:C1223"
4577,10472176,0,453123,5236088,0.0433,23x(199:198)diag+rot
4578,10476753,0,2434321,5238376,0.2324,"AGL(1,2371)xF2207:C1103"
4579,10481331,0,549480,5240665,0.0524,19x(241:240)diag+rot
4580,10485910,0,1381953,5242955,0.1318,"AGL(1,1663)xF2917:C729"
4581,10490490,0,451739,5245245,0.0431,"AGL(1,1024)xF3557:C127"
4582,10495071,0,2077741,5247535,0.1980,"AGL(1,2543)xF2039:C1019"
4583,10499653,1,10499653,10499653,1.0000,"AGL(1,4583) [exact]"
4584,10504236,0,2434321,5252118,0.2317,"AGL(1,2377)xF2207:C1103"
4585,10508820,0,392941,5254410,0.0374,"F1039+(2q+1=887)+(6q+1=2659),q=443"
4586,10513405,0,2627778,5256702,0.2499,2x(2293:2292)diag
4587,10517991,0,265356,5258995,0.0252,"F729+(6q+1=1447)+(10q+1=2411),q=241"
4588,10522578,0,2434321,5261289,0.2313,"AGL(1,2381)xF2207:C1103"
4589,10527166,0,807664,5263583,0.0767,13x(353:352)diag+rot
4590,10531755,0,2434321,5265877,0.2311,"AGL(1,2383)xF2207:C1103"
4591,10536345,1,10536345,10536345,1.0000,"AGL(1,4591) [exact]"
4592,10540936,0,1309001,5270468,0.1242,"AGL(1,1789)xF2803:C467"
4593,10545528,0,1171215,5272764,0.1111,3x(1531:1530)diag
4594,10550121,0,2636956,5275060,0.2499,2x(2297:2296)diag
4595,10554715,0,2109105,5277357,0.1998,5x(919:918)diag+rot
4596,10559310,0,2434321,5279655,0.2305,"AGL(1,2389)xF2207:C1103"
4597,10563906,1,10563906,10563906,1.0000,"AGL(1,4597) [exact]"
4598,10568503,0,1412040,5284251,0.1336,"AGL(1,1681)xF2917:C729"
4599,10573101,0,177757,5286550,0.0168,"F1319+(8q+1=1193)+(14q+1=2087),q=149"
4600,10577700,0,2434321,5288850,0.2301,"AGL(1,2393)xF2207:C1103"
4601,10582300,0,275653,5291150,0.0260,"F743+(6q+1=1447)+(10q+1=2411),q=241"
4602,10586901,0,2295153,5293450,0.2168,"AGL(1,2143)xF2459:C1229"
4603,10591503,1,10591503,10591503,1.0000,"AGL(1,4603) [exact]"
4604,10596106,0,1309001,5298053,0.1235,"AGL(1,1801)xF2803:C467"
4605,10600710,0,523776,5300355,0.0494,"AGL(1,1024)xF3581:C179"
4606,10605315,0,2434321,5302657,0.2295,"AGL(1,2399)xF2207:C1103"
4607,10609921,0,621945,5304960,0.0586,17x(271:270)diag+rot
4608,10614528,0,2434321,5307264,0.2293,"AGL(1,2401)xF2207:C1103"
4609,10619136,0,392941,5309568,0.0370,"F1063+(2q+1=887)+(6q+1=2659),q=443"
4610,10623745,0,1432278,5311872,0.1348,"AGL(1,1693)xF2917:C729"
4611,10628355,0,228161,5314177,0.0215,"F683+(10q+1=1511)+(16q+1=2417),q=151"
4612,10632966,0,2316628,5316483,0.2179,"AGL(1,2153)xF2459:C1229"
4613,10637578,0,387640,5318789,0.0364,"F881+(4q+1=1493)+(6q+1=2239),q=373"
4614,10642191,0,2126953,5321095,0.1999,"AGL(1,2551)xF2063:C1031"
4615,10646805,0,392941,5323402,0.0369,"F1069+(2q+1=887)+(6q+1=2659),q=443"
4616,10651420,0,1442451,5325710,0.1354,"AGL(1,1699)xF2917:C729"
4617,10656036,0,558657,5328018,0.0524,19x(243:242)diag+rot
4618,10660653,0,2664586,5330326,0.2499,2x(2309:2308)diag
4619,10665271,0,392941,5332635,0.0368,"F887+(4q+1=1493)+(6q+1=2239),q=373"
4620,10669890,0,2333880,5334945,0.2187,"AGL(1,2161)xF2459:C1229"
4621,10674510,1,10674510,10674510,1.0000,"AGL(1,4621) [exact]"
4622,10679131,0,5338410,5339565,0.4999,2x(2311:1155)diag+rot
4623,10683753,0,160393,5341876,0.0150,"F983+(14q+1=1499)+(20q+1=2141),q=107"
4624,10688376,0,2434321,5344188,0.2278,"AGL(1,2417)xF2207:C1103"
4625,10693000,0,286750,5346500,0.0268,37x(125:124)diag+rot
4626,10697625,0,2372931,5348812,0.2218,"AGL(1,2179)xF2447:C1223"
4627,10702251,0,2096128,5351125,0.1959,"AGL(1,2048)xF2579:C1289"
4628,10706878,0,1293636,5353439,0.1208,"AGL(1,1609)xF3019:C503"
4629,10711506,0,1189653,5355753,0.1111,3x(1543:1542)diag
4630,10716135,0,2434321,5358067,0.2272,"AGL(1,2423)xF2207:C1103"
4631,10720765,0,972510,5360382,0.0907,11x(421:420)diag+rot
4632,10725396,0,2106378,5362698,0.1964,"AGL(1,2053)xF2579:C1289"
4633,10730028,0,392941,5365014,0.0366,"F1087+(2q+1=887)+(6q+1=2659),q=443"
4634,10734661,0,2390391,5367330,0.2227,"AGL(1,2187)xF2447:C1223"
4635,10739295,0,150289,5369647,0.0140,"F797+(8q+1=1097)+(20q+1=2741),q=137"
4636,10743930,0,2053351,5371965,0.1911,"AGL(1,2609)xF2027:C1013"
4637,10748566,1,10748566,10748566,1.0000,"AGL(1,4637) [exact]"
4638,10753203,0,2372931,5376601,0.2207,"AGL(1,2179)xF2459:C1229"
4639,10757841,1,10757841,10757841,1.0000,"AGL(1,4639) [exact]"
4640,10762480,0,1483503,5381240,0.1378,"AGL(1,1723)xF2917:C729"
4641,10767120,0,408721,5383560,0.0380,"AGL(1,1024)xF3617:C113"
4642,10771761,0,2201851,5385880,0.2044,"AGL(1,2543)xF2099:C1049"
4643,10776403,1,10776403,10776403,1.0000,"AGL(1,4643) [exact]"
4644,10781046,0,2434321,5390523,0.2258,"AGL(1,2437)xF2207:C1103"
4645,10785690,0,2155280,5392845,0.1998,5x(929:928)diag+rot
4646,10790335,0,2390391,5395167,0.2215,"AGL(1,2187)xF2459:C1229"
4647,10794981,0,1198926,5397490,0.1111,3x(1549:1548)diag
4648,10799628,0,2434321,5399814,0.2254,"AGL(1,2441)xF2207:C1103"
4649,10804276,1,10804276,10804276,1.0000,"AGL(1,4649) [exact]"
4650,10808925,0,2425503,5404462,0.2244,"AGL(1,2203)xF2447:C1223"
4651,10813575,1,10813575,10813575,1.0000,"AGL(1,4651) [exact]"
4652,10818226,0,1309001,5409113,0.1210,"AGL(1,1849)xF2803:C467"
4653,10822878,0,177757,5411439,0.0164,"F1373+(8q+1=1193)+(14q+1=2087),q=149"
4654,10827531,0,2434321,5413765,0.2248,"AGL(1,2207)xF2447:C1223"
4655,10832185,0,439351,5416092,0.0406,"AGL(1,1024)xF3631:C121"
4656,10836840,0,2438736,5418420,0.2250,"AGL(1,2209)xF2447:C1223"
4657,10841496,1,10841496,10841496,1.0000,"AGL(1,4657) [exact]"
4658,10846153,0,1514670,5423076,0.1397,"AGL(1,1741)xF2917:C729"
4659,10850811,0,3615384,5425405,0.3332,3x(1553:1552)diag+rot
4660,10855470,0,2447578,5427735,0.2255,"AGL(1,2213)xF2447:C1223"
4661,10860130,0,431056,5430065,0.0397,"F929+(4q+1=1493)+(6q+1=2239),q=373"
4662,10864791,0,2425503,5432395,0.2232,"AGL(1,2203)xF2459:C1229"
4663,10869453,1,10869453,10869453,1.0000,"AGL(1,4663) [exact]"
4664,10874116,0,1533263,5437058,0.1410,"AGL(1,2187)xF2477:C619"
4665,10878780,0,285253,5439390,0.0262,"AGL(1,2048)xF2617:C109"
4666,10883445,0,2720278,5441722,0.2499,2x(2333:2332)diag
4667,10888111,0,835393,5444055,0.0767,13x(359:358)diag+rot
4668,10892778,0,2465310,5446389,0.2263,"AGL(1,2221)xF2447:C1223"
4669,10897446,0,438516,5448723,0.0402,"F937+(4q+1=1493)+(6q+1=2239),q=373"
4670,10902115,0,1535628,5451057,0.1409,"AGL(1,1753)xF2917:C729"
4671,10906785,0,228161,5453392,0.0209,"F743+(10q+1=1511)+(16q+1=2417),q=151"
4672,10911456,0,2447578,5455728,0.2243,"AGL(1,2213)xF2459:C1229"
4673,10916128,1,10916128,10916128,1.0000,"AGL(1,4673) [exact]"
4674,10920801,0,2434321,5460400,0.2229,"AGL(1,2467)xF2207:C1103"
4675,10925475,0,392941,5462737,0.0360,"F1129+(2q+1=887)+(6q+1=2659),q=443"
4676,10930150,0,1546161,5465075,0.1415,"AGL(1,1759)xF2917:C729"
4677,10934826,0,3643383,5467413,0.3332,3x(1559:1558)diag+rot
4678,10939503,0,5468582,5469751,0.4999,2x(2339:1169)diag+rot
4679,10944181,1,10944181,10944181,1.0000,"AGL(1,4679) [exact]"
4680,10948860,0,2465310,5474430,0.2252,"AGL(1,2221)xF2459:C1229"
4681,10953540,0,351075,5476770,0.0321,31x(151:150)diag+rot
4682,10958221,0,2738970,5479110,0.2499,2x(2341:2340)diag
4683,10962903,0,215881,5481451,0.0197,"AGL(1,1024)xF3659:C59"
4684,10967586,0,2500966,5483793,0.2280,"AGL(1,2237)xF2447:C1223"
4685,10972270,0,2192580,5486135,0.1998,5x(937:936)diag+rot
4686,10976955,0,2505441,5488477,0.2282,"AGL(1,2239)xF2447:C1223"
4687,10981641,0,343206,5490820,0.0313,"F829+(6q+1=1447)+(10q+1=2411),q=241"
4688,10986328,0,1391946,5493164,0.1267,"AGL(1,1669)xF3019:C503"
4689,10991016,0,228161,5495508,0.0208,"F761+(10q+1=1511)+(16q+1=2417),q=151"
4690,10995705,0,2514403,5497852,0.2287,"AGL(1,2243)xF2447:C1223"
4691,11000395,1,11000395,11000395,1.0000,"AGL(1,4691) [exact]"
4692,11005086,0,2231328,5502543,0.2028,"AGL(1,2113)xF2579:C1289"
4693,11009778,0,844740,5504889,0.0767,13x(361:360)diag+rot
4694,11014471,0,5506062,5507235,0.4999,2x(2347:1173)diag+rot
4695,11019165,0,523776,5509582,0.0475,"AGL(1,1024)xF3671:C367"
4696,11023860,0,2500966,5511930,0.2269,"AGL(1,2237)xF2459:C1229"
4697,11028556,0,392941,5514278,0.0356,"F1151+(2q+1=887)+(6q+1=2659),q=443"
4698,11033253,0,2532375,5516626,0.2295,"AGL(1,2251)xF2447:C1223"
4699,11037951,0,467061,5518975,0.0423,"F967+(4q+1=1493)+(6q+1=2239),q=373"
4700,11042650,0,1588653,5521325,0.1439,"AGL(1,1783)xF2917:C729"
4701,11047350,0,1226961,5523675,0.1111,3x(1567:1566)diag
4702,11052051,0,5524850,5526025,0.4999,2x(2351:1175)diag+rot
4703,11056753,1,11056753,11056753,1.0000,"AGL(1,4703) [exact]"
4704,11061456,0,2053351,5530728,0.1856,"AGL(1,2677)xF2027:C1013"
4705,11066160,0,442270,5533080,0.0400,5x(941:940)diag
4706,11070865,0,1599366,5535432,0.1445,"AGL(1,1789)xF2917:C729"
4707,11075571,0,1177937,5537785,0.1064,"AGL(1,2048)xF2659:C443"
4708,11080278,0,2265256,5540139,0.2044,"AGL(1,2129)xF2579:C1289"
4709,11084986,0,649842,5542493,0.0586,17x(277:276)diag+rot
4710,11089695,0,2532375,5544847,0.2284,"AGL(1,2251)xF2459:C1229"
4711,11094405,0,2096128,5547202,0.1889,"AGL(1,2048)xF2663:C1331"
4712,11099116,0,1432278,5549558,0.1290,"AGL(1,1693)xF3019:C503"
4713,11103828,0,3699705,5551914,0.3332,3x(1571:1570)diag+rot
4714,11108541,0,2776546,5554270,0.2499,2x(2357:2356)diag
4715,11113255,0,482653,5556627,0.0434,"F983+(4q+1=1493)+(6q+1=2239),q=373"
4716,11117970,0,2573046,5558985,0.2314,"AGL(1,2269)xF2447:C1223"
4717,11122686,0,392941,5561343,0.0353,"F1171+(2q+1=887)+(6q+1=2659),q=443"
4718,11127403,0,1620900,5563701,0.1457,"AGL(1,1801)xF2917:C729"
4719,11132121,0,237719,5566060,0.0214,"AGL(1,2048)xF2671:C89"
4720,11136840,0,2582128,5568420,0.2319,"AGL(1,2273)xF2447:C1223"
4721,11141560,1,11141560,11141560,1.0000,"AGL(1,4721) [exact]"
4722,11146281,0,2295153,5573140,0.2059,"AGL(1,2143)xF2579:C1289"
4723,11151003,1,11151003,11151003,1.0000,"AGL(1,4723) [exact]"
4724,11155726,0,952890,5577863,0.0854,"AGL(1,1381)xF3343:C557"
4725,11160450,0,596971,5580225,0.0535,"AGL(1,2048)xF2677:C223"
4726,11165175,0,2568511,5582587,0.2300,"AGL(1,2267)xF2459:C1229"
4727,11169901,0,392941,5584950,0.0352,"F1181+(2q+1=887)+(6q+1=2659),q=443"
4728,11174628,0,2600340,5587314,0.2327,"AGL(1,2281)xF2447:C1223"
4729,11179356,1,11179356,11179356,1.0000,"AGL(1,4729) [exact]"
4730,11184085,0,1063611,5592042,0.0951,"AGL(1,3271)xF1459:C729"
4731,11188815,0,399767,5594407,0.0357,"AGL(1,2048)xF2683:C149"
4732,11193546,0,2582128,5596773,0.2307,"AGL(1,2273)xF2459:C1229"
4733,11198278,1,11198278,11198278,1.0000,"AGL(1,4733) [exact]"
4734,11203011,0,2614041,5601505,0.2333,"AGL(1,2287)xF2447:C1223"
4735,11207745,0,2239655,5603872,0.1998,5x(947:946)diag+rot
4736,11212480,0,1309001,5606240,0.1167,"AGL(1,1933)xF2803:C467"
4737,11217216,0,1245831,5608608,0.1111,3x(1579:1578)diag
4738,11221953,0,2434321,5610976,0.2169,"AGL(1,2531)xF2207:C1103"
4739,11226691,0,1601782,5613345,0.1427,7x(677:676)diag+rot
4740,11231430,0,2627778,5615715,0.2340,"AGL(1,2293)xF2447:C1223"
4741,11236170,0,1812389,5618085,0.1613,"AGL(1,2048)xF2693:C673"
4742,11240911,0,5619270,5620455,0.4999,2x(2371:1185)diag+rot
4743,11245653,0,523776,5622826,0.0466,"AGL(1,1024)xF3719:C169"
4744,11250396,0,2636956,5625198,0.2344,"AGL(1,2297)xF2447:C1223"
4745,11255140,0,512578,5627570,0.0455,"F1013+(4q+1=1493)+(6q+1=2239),q=373"
4746,11259885,0,2614041,5629942,0.2322,"AGL(1,2287)xF2459:C1229"
4747,11264631,0,392941,5632315,0.0349,"F1201+(2q+1=887)+(6q+1=2659),q=443"
4748,11269378,0,1675365,5634689,0.1487,"AGL(1,1831)xF2917:C729"
4749,11274126,0,3756459,5637063,0.3332,3x(1583:1582)diag+rot
4750,11278875,0,2434321,5639437,0.2158,"AGL(1,2543)xF2207:C1103"
4751,11283625,1,11283625,11283625,1.0000,"AGL(1,4751) [exact]"
4752,11288376,0,2627778,5644188,0.2328,"AGL(1,2293)xF2459:C1229"
4753,11293128,0,520710,5646564,0.0461,"F1021+(4q+1=1493)+(6q+1=2239),q=373"
4754,11297881,0,2823876,5648940,0.2499,2x(2377:2376)diag
4755,11302635,0,228161,5651317,0.0202,"F827+(10q+1=1511)+(16q+1=2417),q=151"
4756,11307390,0,2664586,5653695,0.2356,"AGL(1,2309)xF2447:C1223"
4757,11312146,0,523776,5656073,0.0463,"AGL(1,1024)xF3733:C311"
4758,11316903,0,2669205,5658451,0.2359,"AGL(1,2311)xF2447:C1223"
4759,11321661,1,11321661,11321661,1.0000,"AGL(1,4759) [exact]"
4760,11326420,0,1514670,5663210,0.1337,"AGL(1,1741)xF3019:C503"
4761,11331180,0,306569,5665590,0.0271,"AGL(1,2048)xF2713:C113"
4762,11335941,0,2833390,5667970,0.2499,2x(2381:2380)diag
4763,11340703,0,1028808,5670351,0.0907,11x(433:432)diag+rot
4764,11345466,0,2434321,5672733,0.2146,"AGL(1,2557)xF2207:C1103"
4765,11350230,0,2268140,5675115,0.1998,5x(953:952)diag+rot
4766,11354995,0,5676306,5677497,0.4999,2x(2383:1191)diag+rot
4767,11359761,0,410569,5679880,0.0361,"AGL(1,2048)xF2719:C151"
4768,11364528,0,2664586,5682264,0.2345,"AGL(1,2309)xF2459:C1229"
4769,11369296,0,596125,5684648,0.0524,19x(251:250)diag+rot
4770,11374065,0,2669205,5687032,0.2347,"AGL(1,2311)xF2459:C1229"
4771,11378835,0,873093,5689417,0.0767,13x(367:366)diag+rot
4772,11383606,0,1518557,5691803,0.1334,"AGL(1,1753)xF3019:C503"
4773,11388378,0,180300,5694189,0.0158,"F601+(12q+1=1669)+(18q+1=2503),q=139"
4774,11393151,0,2227105,5696575,0.1955,"AGL(1,2111)xF2663:C1331"
4775,11397925,0,392941,5698962,0.0345,"F1229+(2q+1=887)+(6q+1=2659),q=443"
4776,11402700,0,2412306,5701350,0.2116,"AGL(1,2197)xF2579:C1289"
4777,11407476,0,668780,5703738,0.0586,17x(281:280)diag+rot
4778,11412253,0,2852466,5706126,0.2499,2x(2389:2388)diag
4779,11417031,0,191160,5708515,0.0167,59x(81:80)diag+rot
4780,11421810,0,2720278,5710905,0.2382,"AGL(1,2333)xF2447:C1223"
4781,11426590,0,1630321,5713295,0.1427,7x(683:682)diag+rot
4782,11431371,0,2425503,5715685,0.2122,"AGL(1,2203)xF2579:C1289"
4783,11436153,1,11436153,11436153,1.0000,"AGL(1,4783) [exact]"
4784,11440936,0,1741911,5720468,0.1523,"AGL(1,1867)xF2917:C729"
4785,11445720,0,228161,5722860,0.0199,"F857+(10q+1=1511)+(16q+1=2417),q=151"
4786,11450505,0,2862028,5725252,0.2499,2x(2393:2392)diag
4787,11455291,1,11455291,11455291,1.0000,"AGL(1,4787) [exact]"
4788,11460078,0,2738970,5730039,0.2390,"AGL(1,2341)xF2447:C1223"
4789,11464866,1,11464866,11464866,1.0000,"AGL(1,4789) [exact]"
4790,11469655,0,1753128,5734827,0.1528,"AGL(1,1873)xF2917:C729"
4791,11474445,0,1274406,5737222,0.1111,3x(1597:1596)diag
4792,11479236,0,2720278,5739618,0.2370,"AGL(1,2333)xF2459:C1229"
4793,11484028,1,11484028,11484028,1.0000,"AGL(1,4793) [exact]"
4794,11488821,0,2753031,5744410,0.2396,"AGL(1,2347)xF2447:C1223"
4795,11493615,0,556889,5746807,0.0485,"F1063+(4q+1=1493)+(6q+1=2239),q=373"
4796,11498410,0,1764381,5749205,0.1534,"AGL(1,1879)xF2917:C729"
4797,11503206,0,629521,5751603,0.0547,"AGL(1,2048)xF2749:C229"
4798,11508003,0,5752802,5754001,0.4999,2x(2399:1199)diag+rot
4799,11512801,1,11512801,11512801,1.0000,"AGL(1,4799) [exact]"
4800,11517600,0,2738970,5758800,0.2378,"AGL(1,2341)xF2459:C1229"
4801,11522400,1,11522400,11522400,1.0000,"AGL(1,4801) [exact]"
4802,11527201,0,2881200,5763600,0.2499,2x(2401:2400)diag
4803,11532003,0,3842400,5766001,0.3332,3x(1601:1600)diag+rot
4804,11536806,0,2776546,5768403,0.2407,"AGL(1,2357)xF2447:C1223"
4805,11541610,0,461280,5770805,0.0400,5x(961:960)diag
4806,11546415,0,2753031,5773207,0.2384,"AGL(1,2347)xF2459:C1229"
4807,11551221,0,196747,5775610,0.0170,"F823+(6q+1=1087)+(16q+1=2897),q=181"
4808,11556028,0,1518557,5778014,0.1314,"AGL(1,1789)xF3019:C503"
4809,11560836,0,228161,5780418,0.0197,"F881+(10q+1=1511)+(16q+1=2417),q=151"
4810,11565645,0,2762425,5782822,0.2388,"AGL(1,2351)xF2459:C1229"
4811,11570455,0,678351,5785227,0.0586,17x(283:282)diag+rot
4812,11575266,0,2201851,5787633,0.1902,"AGL(1,2713)xF2099:C1049"
4813,11580078,1,11580078,11580078,1.0000,"AGL(1,4813) [exact]"
4814,11584891,0,1309001,5792445,0.1130,"AGL(1,2011)xF2803:C467"
4815,11589705,0,1275587,5794852,0.1101,"AGL(1,2048)xF2767:C461"
4816,11594520,0,2776546,5797260,0.2395,"AGL(1,2357)xF2459:C1229"
4817,11599336,1,11599336,11599336,1.0000,"AGL(1,4817) [exact]"
4818,11604153,0,2809635,5802076,0.2421,"AGL(1,2371)xF2447:C1223"
4819,11608971,0,556889,5804485,0.0480,"F1087+(4q+1=1493)+(6q+1=2239),q=373"
4820,11613790,0,1518557,5806895,0.1308,"AGL(1,1801)xF3019:C503"
4821,11618610,0,3871263,5809305,0.3332,3x(1607:1606)diag+rot
4822,11623431,0,5810510,5811715,0.4999,2x(2411:1205)diag+rot
4823,11628253,0,556889,5814126,0.0479,"F1091+(4q+1=1493)+(6q+1=2239),q=373"
4824,11633076,0,2823876,5816538,0.2427,"AGL(1,2377)xF2447:C1223"
4825,11637900,0,963619,5818950,0.0828,"AGL(1,2048)xF2777:C347"
4826,11642725,0,1098903,5821362,0.0944,"AGL(1,1483)xF3343:C557"
4827,11647551,0,1293636,5823775,0.1111,3x(1609:1608)diag
4828,11652378,0,2833390,5826189,0.2432,"AGL(1,2381)xF2447:C1223"
4829,11657206,0,1057551,5828603,0.0907,11x(439:438)diag+rot
4830,11662035,0,2838153,5831017,0.2434,"AGL(1,2383)xF2447:C1223"
4831,11666865,1,11666865,11666865,1.0000,"AGL(1,4831) [exact]"
4832,11671696,0,1309001,5835848,0.1122,"AGL(1,2029)xF2803:C467"
4833,11676528,0,218130,5838264,0.0187,"F661+(12q+1=1669)+(18q+1=2503),q=139"
4834,11681361,0,2919736,5840680,0.2499,2x(2417:2416)diag
4835,11686195,0,2335305,5843097,0.1998,5x(967:966)diag+rot
4836,11691030,0,2852466,5845515,0.2440,"AGL(1,2389)xF2447:C1223"
4837,11695866,0,1668765,5847933,0.1427,7x(691:690)diag+rot
4838,11700703,0,1177937,5850351,0.1007,"AGL(1,2179)xF2659:C443"
4839,11705541,0,3900234,5852770,0.3332,3x(1613:1612)diag+rot
4840,11710380,0,2862028,5855190,0.2444,"AGL(1,2393)xF2447:C1223"
4841,11715220,0,556889,5857610,0.0475,"F1109+(4q+1=1493)+(6q+1=2239),q=373"
4842,11720061,0,2838153,5860030,0.2422,"AGL(1,2383)xF2459:C1229"
4843,11724903,0,401969,5862451,0.0343,29x(167:166)diag+rot
4844,11729746,0,952890,5864873,0.0812,"AGL(1,1381)xF3463:C577"
4845,11734590,0,651701,5867295,0.0555,"AGL(1,2048)xF2797:C233"
4846,11739435,0,5868506,5869717,0.4999,2x(2423:1211)diag+rot
4847,11744281,0,392941,5872140,0.0335,"F1301+(2q+1=887)+(6q+1=2659),q=443"
4848,11749128,0,2881200,5874564,0.2452,"AGL(1,2401)xF2447:C1223"
4849,11753976,0,901914,5876988,0.0767,13x(373:372)diag+rot
4850,11758825,0,2390391,5879412,0.2033,"AGL(1,2187)xF2663:C1331"
4851,11763675,0,1309001,5881837,0.1113,"AGL(1,2048)xF2803:C467"
4852,11768526,0,2862028,5884263,0.2432,"AGL(1,2393)xF2459:C1229"
4853,11773378,0,509565,5886689,0.0433,23x(211:210)diag+rot
4854,11778231,0,2434321,5889115,0.2067,"AGL(1,2647)xF2207:C1103"
4855,11783085,0,556889,5891542,0.0473,"F1123+(4q+1=1493)+(6q+1=2239),q=373"
4856,11787940,0,1309001,5893970,0.1110,"AGL(1,2053)xF2803:C467"
4857,11792796,0,3929313,5896398,0.3332,3x(1619:1618)diag+rot
4858,11797653,0,2905255,5898826,0.2463,"AGL(1,2411)xF2447:C1223"
4859,11802511,0,307193,5901255,0.0260,"F2087+(4q+1=1109)+(6q+1=1663),q=277"
4860,11807370,0,2881200,5903685,0.2440,"AGL(1,2401)xF2459:C1229"
4861,11812230,1,11812230,11812230,1.0000,"AGL(1,4861) [exact]"
4862,11817091,0,1177937,5908545,0.0997,"AGL(1,2203)xF2659:C443"
4863,11821953,0,1313010,5910976,0.1111,3x(1621:1620)diag
4864,11826816,0,2919736,5913408,0.2469,"AGL(1,2417)xF2447:C1223"
4865,11831680,0,392941,5915840,0.0332,"F1319+(2q+1=887)+(6q+1=2659),q=443"
4866,11836545,0,2614041,5918272,0.2208,"AGL(1,2287)xF2579:C1289"
4867,11841411,0,2096128,5920705,0.1770,"AGL(1,2048)xF2819:C1409"
4868,11846278,0,1902225,5923139,0.1606,"AGL(1,1951)xF2917:C729"
4869,11851146,0,228161,5925573,0.0193,"F941+(10q+1=1511)+(16q+1=2417),q=151"
4870,11856015,0,2934253,5928007,0.2475,"AGL(1,2423)xF2447:C1223"
4871,11860885,1,11860885,11860885,1.0000,"AGL(1,4871) [exact]"
4872,11865756,0,2627778,5932878,0.2215,"AGL(1,2293)xF2579:C1289"
4873,11870628,0,1076933,5935314,0.0907,11x(443:442)diag+rot
4874,11875501,0,2968266,5937750,0.2499,2x(2437:2436)diag
4875,11880375,0,228161,5940187,0.0192,"F947+(10q+1=1511)+(16q+1=2417),q=151"
4876,11885250,0,2919736,5942625,0.2457,"AGL(1,2417)xF2459:C1229"
4877,11890126,1,11890126,11890126,1.0000,"AGL(1,4877) [exact]"
4878,11895003,0,2434321,5947501,0.2047,"AGL(1,2671)xF2207:C1103"
4879,11899881,0,348727,5949940,0.0293,"F1021+(6q+1=1447)+(10q+1=2411),q=241"
4880,11904760,0,1812389,5952380,0.1522,"AGL(1,2187)xF2693:C673"
4881,11909640,0,1322751,5954820,0.1111,3x(1627:1626)diag
4882,11914521,0,2978020,5957260,0.2499,2x(2441:2440)diag
4883,11919403,0,625024,5959701,0.0524,19x(257:256)diag+rot
4884,11924286,0,2968266,5962143,0.2489,"AGL(1,2437)xF2447:C1223"
4885,11929170,0,2383880,5964585,0.1998,5x(977:976)diag+rot
4886,11934055,0,1518557,5967027,0.1272,"AGL(1,1867)xF3019:C503"
4887,11938941,0,523776,5969470,0.0439,"AGL(1,1024)xF3863:C1931"
4888,11943828,0,2978020,5971914,0.2493,"AGL(1,2441)xF2447:C1223"
4889,11948716,1,11948716,11948716,1.0000,"AGL(1,4889) [exact]"
4890,11953605,0,2669205,5976802,0.2233,"AGL(1,2311)xF2579:C1289"
4891,11958495,0,348727,5979247,0.0292,"F1033+(6q+1=1447)+(10q+1=2411),q=241"
4892,11963386,0,1518557,5981693,0.1269,"AGL(1,1873)xF3019:C503"
4893,11968278,0,177757,5984139,0.0149,"F1613+(8q+1=1193)+(14q+1=2087),q=149"
4894,11973171,0,5985362,5986585,0.4999,2x(2447:1223)diag+rot
4895,11978065,0,556889,5989032,0.0465,"F1163+(4q+1=1493)+(6q+1=2239),q=373"
4896,11982960,0,2968266,5991480,0.2477,"AGL(1,2437)xF2459:C1229"
4897,11987856,0,348727,5993928,0.0291,"F1039+(6q+1=1447)+(10q+1=2411),q=241"
4898,11992753,0,1518557,5996376,0.1266,"AGL(1,1879)xF3019:C503"
4899,11997651,0,231991,5998825,0.0193,"F727+(12q+1=1669)+(18q+1=2503),q=139"
4900,12002550,0,2978020,6001275,0.2481,"AGL(1,2441)xF2459:C1229"
4901,12007450,0,411684,6003725,0.0343,29x(169:168)diag+rot
4902,12012351,0,2505441,6006175,0.2086,"AGL(1,2239)xF2663:C1331"
4903,12017253,1,12017253,12017253,1.0000,"AGL(1,4903) [exact]"
4904,12022156,0,1973091,6011078,0.1641,"AGL(1,1987)xF2917:C729"
4905,12027060,0,376457,6013530,0.0313,"AGL(1,1024)xF3881:C97"
4906,12031965,0,2992681,6015982,0.2487,"AGL(1,2447)xF2459:C1229"
4907,12036871,0,392941,6018435,0.0326,"F1361+(2q+1=887)+(6q+1=2659),q=443"
4908,12041778,0,2201851,6020889,0.1829,"AGL(1,2809)xF2099:C1049"
4909,12046686,1,12046686,12046686,1.0000,"AGL(1,4909) [exact]"
4910,12051595,0,1985028,6025797,0.1647,"AGL(1,1993)xF2917:C729"
4911,12056505,0,4017198,6028252,0.3332,3x(1637:1636)diag+rot
4912,12061416,0,2720278,6030708,0.2255,"AGL(1,2333)xF2579:C1289"
4913,12066328,1,12066328,12066328,1.0000,"AGL(1,4913) [exact]"
4914,12071241,0,2992681,6035620,0.2479,"AGL(1,2467)xF2447:C1223"
4915,12076155,0,2413265,6038077,0.1998,5x(983:982)diag+rot
4916,12081070,0,1997001,6040535,0.1653,"AGL(1,1999)xF2917:C729"
4917,12085986,0,177757,6042993,0.0147,"F1637+(8q+1=1193)+(14q+1=2087),q=149"
4918,12090903,0,6044222,6045451,0.4999,2x(2459:1229)diag+rot
4919,12095821,1,12095821,12095821,1.0000,"AGL(1,4919) [exact]"
4920,12100740,0,2992681,6050370,0.2473,"AGL(1,2473)xF2447:C1223"
4921,12105660,0,348727,6052830,0.0288,"F1063+(6q+1=1447)+(10q+1=2411),q=241"
4922,12110581,0,1245831,6055290,0.1029,"AGL(1,1579)xF3343:C557"
4923,12115503,0,263901,6057751,0.0218,"F727+(6q+1=1399)+(12q+1=2797),q=233"
4924,12120426,0,2992681,6060213,0.2469,"AGL(1,2477)xF2447:C1223"
4925,12125350,0,556889,6062675,0.0459,"F1193+(4q+1=1493)+(6q+1=2239),q=373"
4926,12130275,0,3022111,6065137,0.2491,"AGL(1,2467)xF2459:C1229"
4927,12135201,0,2096128,6067600,0.1727,"AGL(1,2048)xF2879:C1439"
4928,12140128,0,2021055,6070064,0.1665,"AGL(1,2011)xF2917:C729"
4929,12145056,0,268278,6072528,0.0221,"F733+(6q+1=1399)+(12q+1=2797),q=233"
4930,12149985,0,2762425,6074992,0.2274,"AGL(1,2351)xF2579:C1289"
4931,12154915,1,12154915,12154915,1.0000,"AGL(1,4931) [exact]"
4932,12159846,0,3022111,6079923,0.2485,"AGL(1,2473)xF2459:C1229"
4933,12164778,1,12164778,12164778,1.0000,"AGL(1,4933) [exact]"
4934,12169711,0,6083622,6084855,0.4999,2x(2467:1233)diag+rot
4935,12174645,0,351541,6087322,0.0289,"AGL(1,4096)xF839:C419"
4936,12179580,0,3022111,6089790,0.2481,"AGL(1,2477)xF2459:C1229"
4937,12184516,1,12184516,12184516,1.0000,"AGL(1,4937) [exact]"
4938,12189453,0,2434321,6094726,0.1997,"AGL(1,2731)xF2207:C1103"
4939,12194391,0,1106336,6097195,0.0907,11x(449:448)diag+rot
4940,12199330,0,1309001,6099665,0.1073,"AGL(1,2137)xF2803:C467"
4941,12204270,0,348613,6102135,0.0286,"AGL(1,1024)xF3917:C89"
4942,12209211,0,2201851,6104605,0.1803,"AGL(1,2843)xF2099:C1049"
4943,12214153,1,12214153,12214153,1.0000,"AGL(1,4943) [exact]"
4944,12219096,0,2600340,6109548,0.2128,"AGL(1,2281)xF2663:C1331"
4945,12224040,0,556889,6112020,0.0456,"F1213+(4q+1=1493)+(6q+1=2239),q=373"
4946,12228985,0,3056628,6114492,0.2499,2x(2473:2472)diag
4947,12233931,0,281625,6116965,0.0230,"F751+(6q+1=1399)+(12q+1=2797),q=233"
4948,12238878,0,2434321,6119439,0.1989,"AGL(1,2741)xF2207:C1103"
4949,12243826,0,556889,6121913,0.0455,"F1217+(4q+1=1493)+(6q+1=2239),q=373"
4950,12248775,0,2992681,6124387,0.2443,"AGL(1,2503)xF2447:C1223"
4951,12253725,1,12253725,12253725,1.0000,"AGL(1,4951) [exact]"
4952,12258676,0,1518557,6129338,0.1239,"AGL(1,1933)xF3019:C503"
4953,12263628,0,523776,6131814,0.0427,"AGL(1,1024)xF3929:C491"
4954,12268581,0,3066526,6134290,0.2499,2x(2477:2476)diag
4955,12273535,0,556889,6136767,0.0454,"F1223+(4q+1=1493)+(6q+1=2239),q=373"
4956,12278490,0,2823876,6139245,0.2300,"AGL(1,2377)xF2579:C1289"
4957,12283446,1,12283446,12283446,1.0000,"AGL(1,4957) [exact]"
4958,12288403,0,1063611,6144201,0.0866,"AGL(1,3499)xF1459:C729"
4959,12293361,0,371953,6146680,0.0303,"AGL(1,4096)xF863:C431"
4960,12298320,0,2833390,6149160,0.2304,"AGL(1,2381)xF2579:C1289"
4961,12303280,0,556889,6151640,0.0453,"F1229+(4q+1=1493)+(6q+1=2239),q=373"
4962,12308241,0,3022111,6154120,0.2455,"AGL(1,2503)xF2459:C1229"
4963,12313203,0,1756902,6156601,0.1427,7x(709:708)diag+rot
4964,12318166,0,1313010,6159083,0.1066,"AGL(1,1621)xF3343:C557"
4965,12323130,0,2096128,6161565,0.1701,"AGL(1,2048)xF2917:C729"
4966,12328095,0,2176741,6164047,0.1766,"AGL(1,2087)xF2879:C1439"
4967,12333061,1,12333061,12333061,1.0000,"AGL(1,4967) [exact]"
4968,12338028,0,2992681,6169014,0.2426,"AGL(1,2521)xF2447:C1223"
4969,12342996,1,12342996,12342996,1.0000,"AGL(1,4969) [exact]"
4970,12347965,0,2106378,6173982,0.1706,"AGL(1,2053)xF2917:C729"
4971,12352935,0,1371996,6176467,0.1111,3x(1657:1656)diag
4972,12357906,0,2862028,6178953,0.2316,"AGL(1,2393)xF2579:C1289"
4973,12362878,1,12362878,12362878,1.0000,"AGL(1,4973) [exact]"
4974,12367851,0,2669205,6183925,0.2158,"AGL(1,2311)xF2663:C1331"
4975,12372825,0,392941,6186412,0.0318,"F1429+(2q+1=887)+(6q+1=2659),q=443"
4976,12377800,0,1275587,6188900,0.1031,"AGL(1,2209)xF2767:C461"
4977,12382776,0,228161,6191388,0.0184,"F1049+(10q+1=1511)+(16q+1=2417),q=151"
4978,12387753,0,2992681,6193876,0.2416,"AGL(1,2531)xF2447:C1223"
4979,12392731,0,950989,6196365,0.0767,13x(383:382)diag+rot
4980,12397710,0,3022111,6198855,0.2438,"AGL(1,2521)xF2459:C1229"
4981,12402690,0,727226,6201345,0.0586,17x(293:292)diag+rot
4982,12407671,0,1309001,6203835,0.1055,"AGL(1,2179)xF2803:C467"
4983,12412653,0,392941,6206326,0.0317,"AGL(1,4096)xF887:C443"
4984,12417636,0,2434321,6208818,0.1960,"AGL(1,2777)xF2207:C1103"
4985,12422620,0,2482530,6211310,0.1998,5x(997:996)diag+rot
4986,12427605,0,2992681,6213802,0.2408,"AGL(1,2539)xF2447:C1223"
4987,12432591,1,12432591,12432591,1.0000,"AGL(1,4987) [exact]"
4988,12437578,0,1275587,6218789,0.1026,"AGL(1,2221)xF2767:C461"
4989,12442566,0,1381953,6221283,0.1111,3x(1663:1662)diag
4990,12447555,0,3022111,6223777,0.2428,"AGL(1,2531)xF2459:C1229"
4991,12452545,0,556889,6226272,0.0447,"F1259+(4q+1=1493)+(6q+1=2239),q=373"
4992,12457536,0,2231328,6228768,0.1791,"AGL(1,2113)xF2879:C1439"
4993,12462528,1,12462528,12462528,1.0000,"AGL(1,4993) [exact]"
4994,12467521,0,1171215,6233760,0.0939,"AGL(1,1531)xF3463:C577"
4995,12472515,0,232903,6236257,0.0187,"F683+(2q+1=863)+(8q+1=3449),q=431"
4996,12477510,0,2992681,6238755,0.2398,"AGL(1,2549)xF2447:C1223"
4997,12482506,0,654607,6241253,0.0524,19x(263:262)diag+rot
4998,12487503,0,3022111,6243751,0.2420,"AGL(1,2539)xF2459:C1229"
4999,12492501,1,12492501,12492501,1.0000,"AGL(1,4999) [exact]"
5000,12497500,0,2126493,6248750,0.1702,"AGL(1,2083)xF2917:C729"
5001,12502500,0,4165833,6251250,0.3332,3x(1667:1666)diag+rot
5002,12507501,0,3022111,6253750,0.2416,"AGL(1,2543)xF2459:C1229"
5003,12512503,1,12512503,12512503,1.0000,"AGL(1,5003) [exact]"
5004,12517506,0,2992681,6258753,0.2391,"AGL(1,2557)xF2447:C1223"
5005,12522510,0,2096128,6261255,0.1674,"AGL(1,2048)xF2957:C739"
5006,12527515,0,6262506,6263757,0.4999,2x(2503:1251)diag+rot
5007,12532521,0,1391946,6266260,0.1111,3x(1669:1668)diag
5008,12537528,0,3022111,6268764,0.2410,"AGL(1,2549)xF2459:C1229"
5009,12542536,1,12542536,12542536,1.0000,"AGL(1,5009) [exact]"
5010,12547545,0,3022111,6273772,0.2409,"AGL(1,2551)xF2459:C1229"
5011,12552555,1,12552555,12552555,1.0000,"AGL(1,5011) [exact]"
5012,12557566,0,1518557,6278783,0.1209,"AGL(1,1993)xF3019:C503"
5013,12562578,0,523776,6281289,0.0417,"AGL(1,1024)xF3989:C997"
5014,12567591,0,2762425,6283795,0.2198,"AGL(1,2351)xF2663:C1331"
5015,12572605,0,556889,6286302,0.0443,"F1283+(4q+1=1493)+(6q+1=2239),q=373"
5016,12577620,0,3022111,6288810,0.2403,"AGL(1,2557)xF2459:C1229"
5017,12582636,0,431462,6291318,0.0343,29x(173:172)diag+rot
5018,12587653,0,1518557,6293826,0.1206,"AGL(1,1999)xF3019:C503"
5019,12592671,0,325967,6296335,0.0259,"F823+(6q+1=1399)+(12q+1=2797),q=233"
5020,12597690,0,2978020,6298845,0.2364,"AGL(1,2441)xF2579:C1289"
5021,12602710,1,12602710,12602710,1.0000,"AGL(1,5021) [exact]"
5022,12607731,0,2425503,6303865,0.1924,"AGL(1,2203)xF2819:C1409"
5023,12612753,1,12612753,12612753,1.0000,"AGL(1,5023) [exact]"
5024,12617776,0,2011433,6308888,0.1594,"AGL(1,2187)xF2837:C709"
5025,12622800,0,500125,6311400,0.0396,"AGL(1,1024)xF4001:C125"
5026,12627825,0,2992681,6313912,0.2370,"AGL(1,2447)xF2579:C1289"
5027,12632851,0,1146156,6316425,0.0907,11x(457:456)diag+rot
5028,12637878,0,2438736,6318939,0.1930,"AGL(1,2209)xF2819:C1409"
5029,12642906,0,556889,6321453,0.0440,"F1297+(4q+1=1493)+(6q+1=2239),q=373"
5030,12647935,0,2126493,6323967,0.1681,"AGL(1,2113)xF2917:C729"
5031,12652965,0,523776,6326482,0.0414,"AGL(1,1024)xF4007:C2003"
5032,12657996,0,2447578,6328998,0.1934,"AGL(1,2213)xF2819:C1409"
5033,12663028,0,1806847,6331514,0.1427,7x(719:718)diag+rot
5034,12668061,0,2809635,6334030,0.2218,"AGL(1,2371)xF2663:C1331"
5035,12673095,0,556889,6336547,0.0439,"F1303+(4q+1=1493)+(6q+1=2239),q=373"
5036,12678130,0,1518557,6339065,0.1198,"AGL(1,2017)xF3019:C503"
5037,12683166,0,325967,6341583,0.0257,"F841+(6q+1=1399)+(12q+1=2797),q=233"
5038,12688203,0,3022111,6344101,0.2382,"AGL(1,2459)xF2579:C1289"
5039,12693241,1,12693241,12693241,1.0000,"AGL(1,5039) [exact]"
5040,12698280,0,2992681,6349140,0.2357,"AGL(1,2593)xF2447:C1223"
5041,12703320,1,12703320,12703320,1.0000,"AGL(1,5041) [exact]"
5042,12708361,0,3176460,6354180,0.2500,2x(2521:2520)diag
5043,12713403,0,1412040,6356701,0.1111,3x(1681:1680)diag
5044,12718446,0,2833390,6359223,0.2228,"AGL(1,2381)xF2663:C1331"
5045,12723490,0,2542680,6361745,0.1998,5x(1009:1008)diag+rot
5046,12728535,0,3041811,6364267,0.2390,"AGL(1,2467)xF2579:C1289"
5047,12733581,0,2096128,6366790,0.1646,"AGL(1,2048)xF2999:C1499"
5048,12738628,0,2126493,6369314,0.1669,"AGL(1,2131)xF2917:C729"
5049,12743676,0,375125,6371838,0.0294,"AGL(1,2048)xF3001:C125"
5050,12748725,0,3022111,6374362,0.2371,"AGL(1,2591)xF2459:C1229"
5051,12753775,1,12753775,12753775,1.0000,"AGL(1,5051) [exact]"
5052,12758826,0,3056628,6379413,0.2396,"AGL(1,2473)xF2579:C1289"
5053,12763878,0,556889,6381939,0.0436,"F1321+(4q+1=1493)+(6q+1=2239),q=373"
5054,12768931,0,2126493,6384465,0.1665,"AGL(1,2137)xF2917:C729"
5055,12773985,0,325967,6386992,0.0255,"F859+(6q+1=1399)+(12q+1=2797),q=233"
5056,12779040,0,3066526,6389520,0.2400,"AGL(1,2477)xF2579:C1289"
5057,12784096,0,981058,6392048,0.0767,13x(389:388)diag+rot
5058,12789153,0,2505441,6394576,0.1959,"AGL(1,2239)xF2819:C1409"
5059,12794211,1,12794211,12794211,1.0000,"AGL(1,5059) [exact]"
5060,12799270,0,2126493,6399635,0.1661,"AGL(1,2143)xF2917:C729"
5061,12804330,0,150289,6402165,0.0117,"F1223+(8q+1=1097)+(20q+1=2741),q=137"
5062,12809391,0,6403430,6404695,0.4999,2x(2531:1265)diag+rot
5063,12814453,0,556889,6407226,0.0435,"F1331+(4q+1=1493)+(6q+1=2239),q=373"
5064,12819516,0,2992681,6409758,0.2334,"AGL(1,2617)xF2447:C1223"
5065,12824580,0,2562890,6412290,0.1998,5x(1013:1012)diag+rot
5066,12829645,0,2390391,6414822,0.1863,"AGL(1,2187)xF2879:C1439"
5067,12834711,0,1518557,6417355,0.1183,"AGL(1,2048)xF3019:C503"
5068,12839778,0,3022111,6419889,0.2354,"AGL(1,2609)xF2459:C1229"
5069,12844846,0,392941,6422423,0.0306,"F1523+(2q+1=887)+(6q+1=2659),q=443"
5070,12849915,0,2532375,6424957,0.1971,"AGL(1,2251)xF2819:C1409"
5071,12854985,0,2096128,6427492,0.1631,"AGL(1,2048)xF3023:C1511"
5072,12860056,0,1518557,6430028,0.1181,"AGL(1,2053)xF3019:C503"
5073,12865128,0,325967,6432564,0.0253,"F877+(6q+1=1399)+(12q+1=2797),q=233"
5074,12870201,0,2905255,6435100,0.2257,"AGL(1,2411)xF2663:C1331"
5075,12875275,0,348727,6437637,0.0271,"F1217+(6q+1=1447)+(10q+1=2411),q=241"
5076,12880350,0,3022111,6440175,0.2346,"AGL(1,2617)xF2459:C1229"
5077,12885426,1,12885426,12885426,1.0000,"AGL(1,5077) [exact]"
5078,12890503,0,6443982,6445251,0.4999,2x(2539:1269)diag+rot
5079,12895581,0,1432278,6447790,0.1111,3x(1693:1692)diag
5080,12900660,0,3022111,6450330,0.2343,"AGL(1,2621)xF2459:C1229"
5081,12905740,1,12905740,12905740,1.0000,"AGL(1,5081) [exact]"
5082,12910821,0,3131253,6455410,0.2425,"AGL(1,2503)xF2579:C1289"
5083,12915903,0,325967,6457951,0.0252,"F887+(6q+1=1399)+(12q+1=2797),q=233"
5084,12920986,0,1514670,6460493,0.1172,"AGL(1,1741)xF3343:C557"
5085,12926070,0,298378,6463035,0.0231,"F773+(2q+1=863)+(8q+1=3449),q=431"
5086,12931155,0,6464306,6465577,0.4999,2x(2543:1271)diag+rot
5087,12936241,1,12936241,12936241,1.0000,"AGL(1,5087) [exact]"
5088,12941328,0,2573046,6470664,0.1988,"AGL(1,2269)xF2819:C1409"
5089,12946416,0,1847307,6473208,0.1427,7x(727:726)diag+rot
5090,12951505,0,2390391,6475752,0.1846,"AGL(1,2187)xF2903:C1451"
5091,12956595,0,4317168,6478297,0.3332,3x(1697:1696)diag+rot
5092,12961686,0,3022111,6480843,0.2332,"AGL(1,2633)xF2459:C1229"
5093,12966778,0,556889,6483389,0.0429,"F1361+(4q+1=1493)+(6q+1=2239),q=373"
5094,12971871,0,2992681,6485935,0.2307,"AGL(1,2647)xF2447:C1223"
5095,12976965,0,2593355,6488482,0.1998,5x(1019:1018)diag+rot
5096,12982060,0,2126493,6491030,0.1638,"AGL(1,2179)xF2917:C729"
5097,12987156,0,1442451,6493578,0.1111,3x(1699:1698)diag
5098,12992253,0,3247426,6496126,0.2500,2x(2549:2548)diag
5099,12997351,1,12997351,12997351,1.0000,"AGL(1,5099) [exact]"
5100,13002450,0,3176460,6501225,0.2443,"AGL(1,2521)xF2579:C1289"
5101,13007550,1,13007550,13007550,1.0000,"AGL(1,5101) [exact]"
5102,13012651,0,6505050,6506325,0.4999,2x(2551:1275)diag+rot
5103,13017753,0,523776,6508876,0.0402,"AGL(1,1024)xF4079:C2039"
5104,13022856,0,2992681,6511428,0.2298,"AGL(1,2657)xF2447:C1223"
5105,13027960,0,556889,6513980,0.0427,"F1373+(4q+1=1493)+(6q+1=2239),q=373"
5106,13033065,0,3022111,6516532,0.2319,"AGL(1,2647)xF2459:C1229"
5107,13038171,1,13038171,13038171,1.0000,"AGL(1,5107) [exact]"
5108,13043278,0,1518557,6521639,0.1164,"AGL(1,2089)xF3019:C503"
5109,13048386,0,317206,6524193,0.0243,"F797+(2q+1=863)+(8q+1=3449),q=431"
5110,13053495,0,3201715,6526747,0.2453,"AGL(1,2531)xF2579:C1289"
5111,13058605,0,684874,6529302,0.0524,19x(269:268)diag+rot
5112,13063716,0,2627778,6531858,0.2012,"AGL(1,2293)xF2819:C1409"
5113,13068828,1,13068828,13068828,1.0000,"AGL(1,5113) [exact]"
5114,13073941,0,3267846,6536970,0.2500,2x(2557:2556)diag
5115,13079055,0,523776,6539527,0.0400,"AGL(1,1024)xF4091:C409"
5116,13084170,0,3022111,6542085,0.2310,"AGL(1,2657)xF2459:C1229"
5117,13089286,0,392941,6544643,0.0300,"F1571+(2q+1=887)+(6q+1=2659),q=443"
5118,13094403,0,3221991,6547201,0.2461,"AGL(1,2539)xF2579:C1289"
5119,13099521,1,13099521,13099521,1.0000,"AGL(1,5119) [exact]"
5120,13104640,0,2618880,6552320,0.1998,5x(1024:1023)diag+rot
5121,13109760,0,326836,6554880,0.0249,"F809+(2q+1=863)+(8q+1=3449),q=431"
5122,13114881,0,3232153,6557440,0.2464,"AGL(1,2543)xF2579:C1289"
5123,13120003,0,523776,6560001,0.0399,"AGL(1,1024)xF4099:C683"
5124,13125126,0,2992681,6562563,0.2280,"AGL(1,2677)xF2447:C1223"
5125,13130250,0,392941,6565125,0.0299,"F1579+(2q+1=887)+(6q+1=2659),q=443"
5126,13135375,0,2126493,6567687,0.1619,"AGL(1,2209)xF2917:C729"
5127,13140501,0,4378458,6570250,0.3332,3x(1709:1708)diag+rot
5128,13145628,0,3247426,6572814,0.2470,"AGL(1,2549)xF2579:C1289"
5129,13150756,0,569319,6575378,0.0433,23x(223:222)diag+rot
5130,13155885,0,3252525,6577942,0.2472,"AGL(1,2551)xF2579:C1289"
5131,13161015,0,1877946,6580507,0.1427,7x(733:732)diag+rot
5132,13166146,0,1599366,6583073,0.1215,"AGL(1,1789)xF3343:C557"
5133,13171278,0,336610,6585639,0.0256,"F821+(2q+1=863)+(8q+1=3449),q=431"
5134,13176411,0,2992681,6588205,0.2271,"AGL(1,2687)xF2447:C1223"
5135,13181545,0,523776,6590772,0.0397,"AGL(1,1024)xF4111:C137"
5136,13186680,0,3267846,6593340,0.2478,"AGL(1,2557)xF2579:C1289"
5137,13191816,0,1196921,6595908,0.0907,11x(467:466)diag+rot
5138,13196953,0,2126493,6598476,0.1611,"AGL(1,2221)xF2917:C729"
5139,13202091,0,341551,6601045,0.0259,"F827+(2q+1=863)+(8q+1=3449),q=431"
5140,13207230,0,3066526,6603615,0.2322,"AGL(1,2477)xF2663:C1331"
5141,13212370,0,556889,6606185,0.0421,"F1409+(4q+1=1493)+(6q+1=2239),q=373"
5142,13217511,0,3022111,6608755,0.2286,"AGL(1,2683)xF2459:C1229"
5143,13222653,0,392941,6611326,0.0297,"F1597+(2q+1=887)+(6q+1=2659),q=443"
5144,13227796,0,2185223,6613898,0.1652,"AGL(1,2187)xF2957:C739"
5145,13232940,0,228161,6616470,0.0172,"F1217+(10q+1=1511)+(16q+1=2417),q=151"
5146,13238085,0,3022111,6619042,0.2283,"AGL(1,2687)xF2459:C1229"
5147,13243231,1,13243231,13243231,1.0000,"AGL(1,5147) [exact]"
5148,13248378,0,3022111,6624189,0.2281,"AGL(1,2689)xF2459:C1229"
5149,13253526,0,695115,6626763,0.0524,19x(271:270)diag+rot
5150,13258675,0,2390391,6629337,0.1803,"AGL(1,2187)xF2963:C1481"
5151,13263825,0,523776,6631912,0.0395,"AGL(1,1024)xF4127:C2063"
5152,13268976,0,3022111,6634488,0.2278,"AGL(1,2693)xF2459:C1229"
5153,13274128,1,13274128,13274128,1.0000,"AGL(1,5153) [exact]"
5154,13279281,0,2992681,6639640,0.2254,"AGL(1,2707)xF2447:C1223"
5155,13284435,0,556889,6642217,0.0419,"F1423+(4q+1=1493)+(6q+1=2239),q=373"
5156,13289590,0,2126493,6644795,0.1600,"AGL(1,2239)xF2917:C729"
5157,13294746,0,523776,6647373,0.0394,"AGL(1,1024)xF4133:C1033"
5158,13299903,0,6648662,6649951,0.4999,2x(2579:1289)diag+rot
5159,13305061,0,556889,6652530,0.0419,"F1427+(4q+1=1493)+(6q+1=2239),q=373"
5160,13310220,0,2992681,6655110,0.2248,"AGL(1,2713)xF2447:C1223"
5161,13315380,0,1021878,6657690,0.0767,13x(397:396)diag+rot
5162,13320541,0,1518557,6660270,0.1140,"AGL(1,2143)xF3019:C503"
5163,13325703,0,4440180,6662851,0.3332,3x(1721:1720)diag+rot
5164,13330866,0,2434321,6665433,0.1826,"AGL(1,2957)xF2207:C1103"
5165,13336030,0,2665140,6668015,0.1998,5x(1033:1032)diag+rot
5166,13341195,0,3131253,6670597,0.2347,"AGL(1,2503)xF2663:C1331"
5167,13346361,1,13346361,13346361,1.0000,"AGL(1,5167) [exact]"
5168,13351528,0,2126493,6675764,0.1593,"AGL(1,2251)xF2917:C729"
5169,13356696,0,1483503,6678348,0.1111,3x(1723:1722)diag
5170,13361865,0,3324331,6680932,0.2488,"AGL(1,2591)xF2579:C1289"
5171,13367035,1,13367035,13367035,1.0000,"AGL(1,5171) [exact]"
5172,13372206,0,3324331,6686103,0.2486,"AGL(1,2593)xF2579:C1289"
5173,13377378,0,1908837,6688689,0.1427,7x(739:738)diag+rot
5174,13382551,0,1675365,6691275,0.1252,"AGL(1,1831)xF3343:C557"
5175,13387725,0,371953,6693862,0.0278,"F863+(2q+1=863)+(8q+1=3449),q=431"
5176,13392900,0,2992681,6696450,0.2235,"AGL(1,2729)xF2447:C1223"
5177,13398076,0,523776,6699038,0.0391,"AGL(1,1024)xF4153:C173"
5178,13403253,0,3022111,6701626,0.2255,"AGL(1,2719)xF2459:C1229"
5179,13408431,1,13408431,13408431,1.0000,"AGL(1,5179) [exact]"
5180,13413610,0,1518557,6706805,0.1132,"AGL(1,2161)xF3019:C503"
5181,13418790,0,523776,6709395,0.0390,"AGL(1,1024)xF4157:C1039"
5182,13423971,0,6710690,6711985,0.4999,2x(2591:1295)diag+rot
5183,13429153,0,556889,6714576,0.0415,"F1451+(4q+1=1493)+(6q+1=2239),q=373"
5184,13434336,0,3176460,6717168,0.2364,"AGL(1,2521)xF2663:C1331"
5185,13439520,0,556889,6719760,0.0414,"F1453+(4q+1=1493)+(6q+1=2239),q=373"
5186,13444705,0,3360528,6722352,0.2500,2x(2593:2592)diag
5187,13449891,0,325967,6724945,0.0242,"F991+(6q+1=1399)+(12q+1=2797),q=233"
5188,13455078,0,3324331,6727539,0.2471,"AGL(1,2609)xF2579:C1289"
5189,13460266,1,13460266,13460266,1.0000,"AGL(1,5189) [exact]"
5190,13465455,0,3022111,6732727,0.2244,"AGL(1,2731)xF2459:C1229"
5191,13470645,0,556889,6735322,0.0413,"F1459+(4q+1=1493)+(6q+1=2239),q=373"
5192,13475836,0,1708476,6737918,0.1268,"AGL(1,1849)xF3343:C557"
5193,13481028,0,371953,6740514,0.0276,"F881+(2q+1=863)+(8q+1=3449),q=431"
5194,13486221,0,3201715,6743110,0.2374,"AGL(1,2531)xF2663:C1331"
5195,13491415,0,2696205,6745707,0.1998,5x(1039:1038)diag+rot
5196,13496610,0,3324331,6748305,0.2463,"AGL(1,2617)xF2579:C1289"
5197,13501806,1,13501806,13501806,1.0000,"AGL(1,5197) [exact]"
5198,13507003,0,2126493,6753501,0.1574,"AGL(1,2281)xF2917:C729"
5199,13512201,0,4502334,6756100,0.3332,3x(1733:1732)diag+rot
5200,13517400,0,3324331,6758700,0.2459,"AGL(1,2621)xF2579:C1289"
5201,13522600,0,371953,6761300,0.0275,"F863+(6q+1=1627)+(10q+1=2711),q=271"
5202,13527801,0,3221991,6763900,0.2382,"AGL(1,2539)xF2663:C1331"
5203,13533003,0,556889,6766501,0.0412,"F1471+(4q+1=1493)+(6q+1=2239),q=373"
5204,13538206,0,2126493,6769103,0.1571,"AGL(1,2287)xF2917:C729"
5205,13543410,0,325967,6771705,0.0241,"F1009+(6q+1=1399)+(12q+1=2797),q=233"
5206,13548615,0,3232153,6774307,0.2386,"AGL(1,2543)xF2663:C1331"
5207,13553821,0,328041,6776910,0.0242,41x(127:126)diag+rot
5208,13559028,0,3022111,6779514,0.2229,"AGL(1,2749)xF2459:C1229"
5209,13564236,1,13564236,13564236,1.0000,"AGL(1,5209) [exact]"
5210,13569445,0,2390391,6784722,0.1762,"AGL(1,2187)xF3023:C1511"
5211,13574655,0,266561,6787327,0.0196,"F739+(12q+1=1789)+(18q+1=2683),q=149"
5212,13579866,0,3324331,6789933,0.2448,"AGL(1,2633)xF2579:C1289"
5213,13585078,0,1042600,6792539,0.0767,13x(401:400)diag+rot
5214,13590291,0,3252525,6795145,0.2393,"AGL(1,2551)xF2663:C1331"
5215,13595505,0,2096128,6797752,0.1542,"AGL(1,2048)xF3167:C1583"
5216,13600720,0,1753128,6800360,0.1289,"AGL(1,1873)xF3343:C557"
5217,13605936,0,325967,6802968,0.0240,"F1021+(6q+1=1399)+(12q+1=2797),q=233"
5218,13611153,0,3402136,6805576,0.2500,2x(2609:2608)diag
5219,13616371,0,556889,6808185,0.0409,"F1487+(4q+1=1493)+(6q+1=2239),q=373"
5220,13621590,0,3267846,6810795,0.2399,"AGL(1,2557)xF2663:C1331"
5221,13626810,0,589973,6813405,0.0433,23x(227:226)diag+rot
5222,13632031,0,1764381,6816015,0.1294,"AGL(1,1879)xF3343:C557"
5223,13637253,0,1514670,6818626,0.1111,3x(1741:1740)diag
5224,13642476,0,2992681,6821238,0.2194,"AGL(1,2777)xF2447:C1223"
5225,13647700,0,556889,6823850,0.0408,"F1493+(4q+1=1493)+(6q+1=2239),q=373"
5226,13652925,0,3324331,6826462,0.2435,"AGL(1,2647)xF2579:C1289"
5227,13658151,1,13658151,13658151,1.0000,"AGL(1,5227) [exact]"
5228,13663378,0,2126493,6831689,0.1556,"AGL(1,2311)xF2917:C729"
5229,13668606,0,325967,6834303,0.0238,"F1033+(6q+1=1399)+(12q+1=2797),q=233"
5230,13673835,0,2905255,6836917,0.2125,"AGL(1,2411)xF2819:C1409"
5231,13679065,1,13679065,13679065,1.0000,"AGL(1,5231) [exact]"
5232,13684296,0,2573046,6842148,0.1880,"AGL(1,2269)xF2963:C1481"
5233,13689528,1,13689528,13689528,1.0000,"AGL(1,5233) [exact]"
5234,13694761,0,3423036,6847380,0.2500,2x(2617:2616)diag
5235,13699995,0,523776,6849997,0.0382,"AGL(1,1024)xF4211:C421"
5236,13705230,0,3324331,6852615,0.2426,"AGL(1,2657)xF2579:C1289"
5237,13710466,1,13710466,13710466,1.0000,"AGL(1,5237) [exact]"
5238,13715703,0,3324331,6857851,0.2424,"AGL(1,2659)xF2579:C1289"
5239,13720941,0,440076,6860470,0.0321,31x(169:168)diag+rot
5240,13726180,0,1577976,6863090,0.1150,"AGL(1,1777)xF3463:C577"
5241,13731420,0,1525131,6865710,0.1111,3x(1747:1746)diag
5242,13736661,0,3433510,6868330,0.2500,2x(2621:2620)diag
5243,13741903,0,556889,6870951,0.0405,"F1511+(4q+1=1493)+(6q+1=2239),q=373"
5244,13747146,0,2992681,6873573,0.2177,"AGL(1,2797)xF2447:C1223"
5245,13752390,0,2748380,6876195,0.1998,5x(1049:1048)diag+rot
5246,13757635,0,1588653,6878817,0.1155,"AGL(1,1783)xF3463:C577"
5247,13762881,0,325967,6881440,0.0237,"F1051+(6q+1=1399)+(12q+1=2797),q=233"
5248,13768128,0,3022111,6884064,0.2195,"AGL(1,2789)xF2459:C1229"
5249,13773376,0,472410,6886688,0.0343,29x(181:180)diag+rot
5250,13778625,0,3324331,6889312,0.2413,"AGL(1,2671)xF2579:C1289"
5251,13783875,0,2096128,6891937,0.1521,"AGL(1,2048)xF3203:C1601"
5252,13789126,0,1599366,6894563,0.1160,"AGL(1,1789)xF3463:C577"
5253,13794378,0,523776,6897189,0.0380,"AGL(1,1024)xF4229:C151"
5254,13799631,0,3355345,6899815,0.2431,"AGL(1,2591)xF2663:C1331"
5255,13804885,0,556889,6902442,0.0403,"F1523+(4q+1=1493)+(6q+1=2239),q=373"
5256,13810140,0,3360528,6905070,0.2433,"AGL(1,2593)xF2663:C1331"
5257,13815396,0,1971375,6907698,0.1427,7x(751:750)diag+rot
5258,13820653,0,2126493,6910326,0.1539,"AGL(1,2341)xF2917:C729"
5259,13825911,0,1535628,6912955,0.1111,3x(1753:1752)diag
5260,13831170,0,3022111,6915585,0.2185,"AGL(1,2801)xF2459:C1229"
5261,13836430,1,13836430,13836430,1.0000,"AGL(1,5261) [exact]"
5262,13841691,0,3324331,6920845,0.2402,"AGL(1,2683)xF2579:C1289"
5263,13846953,0,726294,6923476,0.0525,19x(277:276)diag+rot
5264,13852216,0,2126493,6926108,0.1535,"AGL(1,2347)xF2917:C729"
5265,13857480,0,371953,6928740,0.0268,"F953+(2q+1=863)+(8q+1=3449),q=431"
5266,13862745,0,3465028,6931372,0.2500,2x(2633:2632)diag
5267,13868011,0,600438,6934005,0.0433,23x(229:228)diag+rot
5268,13873278,0,3324331,6936639,0.2396,"AGL(1,2689)xF2579:C1289"
5269,13878546,0,1259291,6939273,0.0907,11x(479:478)diag+rot
5270,13883815,0,1518557,6941907,0.1094,"AGL(1,2251)xF3019:C503"
5271,13889085,0,158203,6944542,0.0114,"F563+(10q+1=1811)+(16q+1=2897),q=181"
5272,13894356,0,3402136,6947178,0.2449,"AGL(1,2609)xF2663:C1331"
5273,13899628,1,13899628,13899628,1.0000,"AGL(1,5273) [exact]"
5274,13904901,0,2809635,6952450,0.2021,"AGL(1,2371)xF2903:C1451"
5275,13910175,0,556889,6955087,0.0400,"F1543+(4q+1=1493)+(6q+1=2239),q=373"
5276,13915450,0,1862051,6957725,0.1338,"AGL(1,1933)xF3343:C557"
5277,13920726,0,1546161,6960363,0.1111,3x(1759:1758)diag
5278,13926003,0,3324331,6963001,0.2387,"AGL(1,2699)xF2579:C1289"
5279,13931281,1,13931281,13931281,1.0000,"AGL(1,5279) [exact]"
5280,13936560,0,3423036,6968280,0.2456,"AGL(1,2617)xF2663:C1331"
5281,13941840,1,13941840,13941840,1.0000,"AGL(1,5281) [exact]"
5282,13947121,0,1483503,6973560,0.1064,"AGL(1,1723)xF3559:C593"
5283,13952403,0,703891,6976201,0.0504,"AGL(1,4096)xF1187:C593"
5284,13957686,0,3433510,6978843,0.2460,"AGL(1,2621)xF2663:C1331"
5285,13962970,0,556889,6981485,0.0399,"F1553+(4q+1=1493)+(6q+1=2239),q=373"
5286,13968255,0,3324331,6984127,0.2380,"AGL(1,2707)xF2579:C1289"
5287,13973541,0,819485,6986770,0.0586,17x(311:310)diag+rot
5288,13978828,0,2126493,6989414,0.1521,"AGL(1,2371)xF2917:C729"
5289,13984116,0,371953,6992058,0.0266,"F977+(2q+1=863)+(8q+1=3449),q=431"
5290,13989405,0,3324331,6994702,0.2376,"AGL(1,2711)xF2579:C1289"
5291,13994695,0,556889,6997347,0.0398,"F1559+(4q+1=1493)+(6q+1=2239),q=373"
5292,13999986,0,3324331,6999993,0.2375,"AGL(1,2713)xF2579:C1289"
5293,14005278,0,392941,7002639,0.0281,"F1747+(2q+1=887)+(6q+1=2659),q=443"
5294,14010571,0,7003962,7005285,0.4999,2x(2647:1323)diag+rot
5295,14015865,0,371953,7007932,0.0265,"F983+(2q+1=863)+(8q+1=3449),q=431"
5296,14021160,0,3465028,7010580,0.2471,"AGL(1,2633)xF2663:C1331"
5297,14026456,1,14026456,14026456,1.0000,"AGL(1,5297) [exact]"
5298,14031753,0,3324331,7015876,0.2369,"AGL(1,2719)xF2579:C1289"
5299,14037051,0,556889,7018525,0.0397,"F1567+(4q+1=1493)+(6q+1=2239),q=373"
5300,14042350,0,2126493,7021175,0.1514,"AGL(1,2383)xF2917:C729"
5301,14047650,0,881563,7023825,0.0628,"AGL(1,2048)xF3253:C271"
5302,14052951,0,3022111,7026475,0.2151,"AGL(1,2843)xF2459:C1229"
5303,14058253,1,14058253,14058253,1.0000,"AGL(1,5303) [exact]"
5304,14063556,0,2992681,7031778,0.2128,"AGL(1,2857)xF2447:C1223"
5305,14068860,0,562330,7034430,0.0400,5x(1061:1060)diag
5306,14074165,0,2390391,7037082,0.1698,"AGL(1,2187)xF3119:C1559"
5307,14079471,0,589879,7039735,0.0419,"AGL(1,2048)xF3259:C181"
5308,14084778,0,3324331,7042389,0.2360,"AGL(1,2729)xF2579:C1289"
5309,14090086,1,14090086,14090086,1.0000,"AGL(1,5309) [exact]"
5310,14095395,0,3501981,7047697,0.2484,"AGL(1,2647)xF2663:C1331"
5311,14100705,0,556889,7050352,0.0395,"F1579+(4q+1=1493)+(6q+1=2239),q=373"
5312,14106016,0,1708476,7053008,0.1211,"AGL(1,1849)xF3463:C577"
5313,14111328,0,325967,7055664,0.0231,"F1117+(6q+1=1399)+(12q+1=2797),q=233"
5314,14116641,0,3528496,7058320,0.2500,2x(2657:2656)diag
5315,14121955,0,2822265,7060977,0.1998,5x(1063:1062)diag+rot
5316,14127270,0,3022111,7063635,0.2139,"AGL(1,2857)xF2459:C1229"
5317,14132586,0,1084668,7066293,0.0767,13x(409:408)diag+rot
5318,14137903,0,7067622,7068951,0.4999,2x(2659:1329)diag+rot
5319,14143221,0,356539,7071610,0.0252,"AGL(1,2048)xF3271:C109"
5320,14148540,0,3528496,7074270,0.2494,"AGL(1,2657)xF2663:C1331"
5321,14153860,0,830076,7076930,0.0586,17x(313:312)diag+rot
5322,14159181,0,3533811,7079590,0.2496,"AGL(1,2659)xF2663:C1331"
5323,14164503,1,14164503,14164503,1.0000,"AGL(1,5323) [exact]"
5324,14169826,0,1730730,7084913,0.1221,"AGL(1,1861)xF3463:C577"
5325,14175150,0,377303,7087575,0.0266,"AGL(1,4096)xF1229:C307"
5326,14180475,0,7088906,7090237,0.4999,2x(2663:1331)diag+rot
5327,14185801,0,2024260,7092900,0.1427,7x(761:760)diag+rot
5328,14191128,0,3324331,7095564,0.2343,"AGL(1,2749)xF2579:C1289"
5329,14196456,1,14196456,14196456,1.0000,"AGL(1,5329) [exact]"
5330,14201785,0,1862051,7100892,0.1311,"AGL(1,1987)xF3343:C557"
5331,14207115,0,1577976,7103557,0.1111,3x(1777:1776)diag
5332,14212446,0,3324331,7106223,0.2339,"AGL(1,2753)xF2579:C1289"
5333,14217778,1,14217778,14217778,1.0000,"AGL(1,5333) [exact]"
5334,14223111,0,3544453,7111555,0.2492,"AGL(1,2671)xF2663:C1331"
5335,14228445,0,440917,7114222,0.0310,"F997+(6q+1=1627)+(10q+1=2711),q=271"
5336,14233780,0,1862051,7116890,0.1308,"AGL(1,1993)xF3343:C557"
5337,14239116,0,228161,7119558,0.0160,"F1409+(10q+1=1511)+(16q+1=2417),q=151"
5338,14244453,0,3022111,7122226,0.2122,"AGL(1,2459)xF2879:C1439"
5339,14249791,0,747460,7124895,0.0525,19x(281:280)diag+rot
5340,14255130,0,3544453,7127565,0.2486,"AGL(1,2677)xF2663:C1331"
5341,14260470,0,556889,7130235,0.0391,"F1609+(4q+1=1493)+(6q+1=2239),q=373"
5342,14265811,0,7131570,7132905,0.4999,2x(2671:1335)diag+rot
5343,14271153,0,371953,7135576,0.0261,"F1031+(2q+1=863)+(8q+1=3449),q=431"
5344,14276496,0,2992681,7138248,0.2096,"AGL(1,2897)xF2447:C1223"
5345,14281840,0,2854230,7140920,0.1999,5x(1069:1068)diag+rot
5346,14287185,0,3544453,7143592,0.2481,"AGL(1,2683)xF2663:C1331"
5347,14292531,1,14292531,14292531,1.0000,"AGL(1,5347) [exact]"
5348,14297878,0,1599366,7148939,0.1119,"AGL(1,1789)xF3559:C593"
5349,14303226,0,1588653,7151613,0.1111,3x(1783:1782)diag
5350,14308575,0,3544453,7154287,0.2477,"AGL(1,2687)xF2663:C1331"
5351,14313925,1,14313925,14313925,1.0000,"AGL(1,5351) [exact]"
5352,14319276,0,3544453,7159638,0.2475,"AGL(1,2689)xF2663:C1331"
5353,14324628,0,556889,7162314,0.0389,"F1621+(4q+1=1493)+(6q+1=2239),q=373"
5354,14329981,0,3581826,7164990,0.2500,2x(2677:2676)diag
5355,14335335,0,266561,7167667,0.0186,"F883+(12q+1=1789)+(18q+1=2683),q=149"
5356,14340690,0,3544453,7170345,0.2472,"AGL(1,2693)xF2663:C1331"
5357,14346046,0,1301751,7173023,0.0907,11x(487:486)diag+rot
5358,14351403,0,3221991,7175701,0.2245,"AGL(1,2539)xF2819:C1409"
5359,14356761,0,621644,7178380,0.0433,23x(233:232)diag+rot
5360,14362120,0,1862051,7181060,0.1297,"AGL(1,2017)xF3343:C557"
5361,14367480,0,4787373,7183740,0.3332,3x(1787:1786)diag+rot
5362,14372841,0,3544453,7186420,0.2466,"AGL(1,2699)xF2663:C1331"
5363,14378203,0,523776,7189101,0.0364,"AGL(1,1024)xF4339:C241"
5364,14383566,0,2992681,7191783,0.2081,"AGL(1,2917)xF2447:C1223"
5365,14388930,0,307193,7194465,0.0213,"F2593+(4q+1=1109)+(6q+1=1663),q=277"
5366,14394295,0,7195806,7197147,0.4999,2x(2683:1341)diag+rot
5367,14399661,0,1599366,7199830,0.1111,3x(1789:1788)diag
5368,14405028,0,3324331,7202514,0.2308,"AGL(1,2789)xF2579:C1289"
5369,14410396,0,556889,7205198,0.0386,"F1637+(4q+1=1493)+(6q+1=2239),q=373"
5370,14415765,0,3544453,7207882,0.2459,"AGL(1,2707)xF2663:C1331"
5371,14421135,0,501773,7210567,0.0348,"AGL(1,2048)xF3323:C151"
5372,14426506,0,1862051,7213253,0.1291,"AGL(1,2029)xF3343:C557"
5373,14431878,0,523776,7215939,0.0363,"AGL(1,1024)xF4349:C1087"
5374,14437251,0,7217282,7218625,0.4999,2x(2687:1343)diag+rot
5375,14442625,0,371953,7221312,0.0258,"F1063+(2q+1=863)+(8q+1=3449),q=431"
5376,14448000,0,3544453,7224000,0.2453,"AGL(1,2713)xF2663:C1331"
5377,14453376,0,758157,7226688,0.0525,19x(283:282)diag+rot
5378,14458753,0,3614016,7229376,0.2500,2x(2689:2688)diag
5379,14464131,0,822403,7232065,0.0569,"AGL(1,4096)xF1283:C641"
5380,14469510,0,3324331,7234755,0.2297,"AGL(1,2801)xF2579:C1289"
5381,14474890,1,14474890,14474890,1.0000,"AGL(1,5381) [exact]"
5382,14480271,0,3544453,7240135,0.2448,"AGL(1,2719)xF2663:C1331"
5383,14485653,0,2067072,7242826,0.1427,7x(769:768)diag+rot
5384,14491036,0,2126493,7245518,0.1467,"AGL(1,2467)xF2917:C729"
5385,14496420,0,231991,7248210,0.0160,"F1213+(12q+1=1669)+(18q+1=2503),q=139"
5386,14501805,0,3624778,7250902,0.2500,2x(2693:2692)diag
5387,14507191,1,14507191,14507191,1.0000,"AGL(1,5387) [exact]"
5388,14512578,0,3324331,7256289,0.2291,"AGL(1,2809)xF2579:C1289"
5389,14517966,0,851462,7258983,0.0586,17x(317:316)diag+rot
5390,14523355,0,2390391,7261677,0.1646,"AGL(1,2187)xF3203:C1601"
5391,14528745,0,1862051,7264372,0.1282,"AGL(1,2048)xF3343:C557"
5392,14534136,0,3544453,7267068,0.2439,"AGL(1,2729)xF2663:C1331"
5393,14539528,1,14539528,14539528,1.0000,"AGL(1,5393) [exact]"
5394,14544921,0,3544453,7272460,0.2437,"AGL(1,2731)xF2663:C1331"
5395,14550315,0,799933,7275157,0.0550,"AGL(1,2048)xF3347:C239"
5396,14555710,0,1867278,7277855,0.1283,"AGL(1,1933)xF3463:C577"
5397,14561106,0,523776,7280553,0.0360,"AGL(1,1024)xF4373:C1093"
5398,14566503,0,7281902,7283251,0.4999,2x(2699:1349)diag+rot
5399,14571901,1,14571901,14571901,1.0000,"AGL(1,5399) [exact]"
5400,14577300,0,3176460,7288650,0.2179,"AGL(1,2521)xF2879:C1439"
5401,14582700,0,1323245,7291350,0.0907,11x(491:490)diag+rot
5402,14588101,0,1546161,7294050,0.1060,"AGL(1,1759)xF3643:C607"
5403,14593503,0,1620900,7296751,0.1111,3x(1801:1800)diag
5404,14598906,0,3544453,7299453,0.2428,"AGL(1,2741)xF2663:C1331"
5405,14604310,0,371953,7302155,0.0255,"F1093+(2q+1=863)+(8q+1=3449),q=431"
5406,14609715,0,3131253,7304857,0.2143,"AGL(1,2503)xF2903:C1451"
5407,14615121,1,14615121,14615121,1.0000,"AGL(1,5407) [exact]"
5408,14620528,0,1708476,7310264,0.1169,"AGL(1,1849)xF3559:C593"
5409,14625936,0,371953,7312968,0.0254,"F1097+(2q+1=863)+(8q+1=3449),q=431"
5410,14631345,0,3355345,7315672,0.2293,"AGL(1,2591)xF2819:C1409"
5411,14636755,0,2088646,7318377,0.1427,7x(773:772)diag+rot
5412,14642166,0,3544453,7321083,0.2421,"AGL(1,2749)xF2663:C1331"
5413,14647578,1,14647578,14647578,1.0000,"AGL(1,5413) [exact]"
5414,14652991,0,7325142,7326495,0.4999,2x(2707:1353)diag+rot
5415,14658405,0,869221,7329202,0.0593,"AGL(1,4096)xF1319:C659"
5416,14663820,0,3544453,7331910,0.2417,"AGL(1,2753)xF2663:C1331"
5417,14669236,1,14669236,14669236,1.0000,"AGL(1,5417) [exact]"
5418,14674653,0,3221991,7337326,0.2196,"AGL(1,2539)xF2879:C1439"
5419,14680071,1,14680071,14680071,1.0000,"AGL(1,5419) [exact]"
5420,14685490,0,2126493,7342745,0.1448,"AGL(1,2503)xF2917:C729"
5421,14690910,0,947813,7345455,0.0645,"AGL(1,2048)xF3373:C281"
5422,14696331,0,7346810,7348165,0.4999,2x(2711:1355)diag+rot
5423,14701753,0,392941,7350876,0.0267,"F1877+(2q+1=887)+(6q+1=2659),q=443"
5424,14707176,0,3176460,7353588,0.2160,"AGL(1,2521)xF2903:C1451"
5425,14712600,0,556889,7356300,0.0379,"F1693+(4q+1=1493)+(6q+1=2239),q=373"
5426,14718025,0,3678828,7359012,0.2500,2x(2713:2712)diag
5427,14723451,0,325967,7361725,0.0221,"F1231+(6q+1=1399)+(12q+1=2797),q=233"
5428,14728878,0,3402136,7364439,0.2310,"AGL(1,2609)xF2819:C1409"
5429,14734306,0,556889,7367153,0.0378,"F1697+(4q+1=1493)+(6q+1=2239),q=373"
5430,14739735,0,3544453,7369867,0.2405,"AGL(1,2767)xF2663:C1331"
5431,14745165,1,14745165,14745165,1.0000,"AGL(1,5431) [exact]"
5432,14750596,0,1862051,7375298,0.1262,"AGL(1,2089)xF3343:C557"
5433,14756028,0,4916865,7378014,0.3332,3x(1811:1810)diag+rot
5434,14761461,0,3201715,7380730,0.2169,"AGL(1,2531)xF2903:C1451"
5435,14766895,0,2951205,7383447,0.1999,5x(1087:1086)diag+rot
5436,14772330,0,3423036,7386165,0.2317,"AGL(1,2617)xF2819:C1409"
5437,14777766,1,14777766,14777766,1.0000,"AGL(1,5437) [exact]"
5438,14783203,0,7390242,7391601,0.4999,2x(2719:1359)diag+rot
5439,14788641,0,383183,7394320,0.0259,"AGL(1,2048)xF3391:C113"
5440,14794080,0,3544453,7397040,0.2396,"AGL(1,2777)xF2663:C1331"
5441,14799520,1,14799520,14799520,1.0000,"AGL(1,5441) [exact]"
5442,14804961,0,3221991,7402480,0.2176,"AGL(1,2539)xF2903:C1451"
5443,14810403,1,14810403,14810403,1.0000,"AGL(1,5443) [exact]"
5444,14815846,0,1620900,7407923,0.1094,"AGL(1,1801)xF3643:C607"
5445,14821290,0,325967,7410645,0.0220,"F1249+(6q+1=1399)+(12q+1=2797),q=233"
5446,14826735,0,3232153,7413367,0.2180,"AGL(1,2543)xF2903:C1451"
5447,14832181,0,1138423,7416090,0.0768,13x(419:418)diag+rot
5448,14837628,0,2992681,7418814,0.2017,"AGL(1,3001)xF2447:C1223"
5449,14843076,1,14843076,14843076,1.0000,"AGL(1,5449) [exact]"
5450,14848525,0,1973091,7424262,0.1329,"AGL(1,1987)xF3463:C577"
5451,14853975,0,275653,7426987,0.0186,"F743+(10q+1=1811)+(16q+1=2897),q=181"
5452,14859426,0,3544453,7429713,0.2385,"AGL(1,2789)xF2663:C1331"
5453,14864878,0,556889,7432439,0.0375,"F1721+(4q+1=1493)+(6q+1=2239),q=373"
5454,14870331,0,3544453,7435165,0.2384,"AGL(1,2791)xF2663:C1331"
5455,14875785,0,594595,7437892,0.0400,5x(1091:1090)diag
5456,14881240,0,2126493,7440620,0.1429,"AGL(1,2539)xF2917:C729"
5457,14886696,0,166176,7443348,0.0112,"F577+(6q+1=1627)+(12q+1=3253),q=271"
5458,14892153,0,3722356,7446076,0.2500,2x(2729:2728)diag
5459,14897611,0,392941,7448805,0.0264,"F1913+(2q+1=887)+(6q+1=2659),q=443"
5460,14903070,0,3544453,7451535,0.2378,"AGL(1,2797)xF2663:C1331"
5461,14908530,0,2096128,7454265,0.1406,"AGL(1,2048)xF3413:C853"
5462,14913991,0,7455630,7456995,0.4999,2x(2731:1365)diag+rot
5463,14919453,0,933661,7459726,0.0626,"AGL(1,4096)xF1367:C683"
5464,14924916,0,3544453,7462458,0.2375,"AGL(1,2801)xF2663:C1331"
5465,14930380,0,2983890,7465190,0.1999,5x(1093:1092)diag+rot
5466,14935845,0,3544453,7467922,0.2373,"AGL(1,2803)xF2663:C1331"
5467,14941311,0,440917,7470655,0.0295,"F1129+(6q+1=1627)+(10q+1=2711),q=271"
5468,14946778,0,2126493,7473389,0.1423,"AGL(1,2551)xF2917:C729"
5469,14952246,0,4982259,7476123,0.3332,3x(1823:1822)diag+rot
5470,14957715,0,3355345,7478857,0.2243,"AGL(1,2591)xF2879:C1439"
5471,14963185,1,14963185,14963185,1.0000,"AGL(1,5471) [exact]"
5472,14968656,0,3544453,7484328,0.2368,"AGL(1,2809)xF2663:C1331"
5473,14974128,0,1149330,7487064,0.0768,13x(421:420)diag+rot
5474,14979601,0,2126493,7489800,0.1420,"AGL(1,2557)xF2917:C729"
5475,14985075,0,396139,7492537,0.0264,"AGL(1,1024)xF4451:C89"
5476,14990550,0,3528496,7495275,0.2354,"AGL(1,2657)xF2819:C1409"
5477,14996026,1,14996026,14996026,1.0000,"AGL(1,5477) [exact]"
5478,15001503,0,3533811,7500751,0.2356,"AGL(1,2659)xF2819:C1409"
5479,15006981,1,15006981,15006981,1.0000,"AGL(1,5479) [exact]"
5480,15012460,0,1998151,7506230,0.1331,"AGL(1,2017)xF3463:C577"
5481,15017940,0,523776,7508970,0.0349,"AGL(1,1024)xF4457:C557"
5482,15023421,0,3755170,7511710,0.2500,2x(2741:2740)diag
5483,15028903,1,15028903,15028903,1.0000,"AGL(1,5483) [exact]"
5484,15034386,0,3176460,7517193,0.2113,"AGL(1,2521)xF2963:C1481"
5485,15039870,0,3005780,7519935,0.1999,5x(1097:1096)diag+rot
5486,15045355,0,1862051,7522677,0.1238,"AGL(1,2143)xF3343:C557"
5487,15050841,0,432911,7525420,0.0288,"AGL(1,1024)xF4463:C97"
5488,15056328,0,3402136,7528164,0.2260,"AGL(1,2609)xF2879:C1439"
5489,15061816,0,1366761,7530908,0.0907,11x(499:498)diag+rot
5490,15067305,0,3565785,7533652,0.2367,"AGL(1,2671)xF2819:C1409"
5491,15072795,0,790704,7536397,0.0525,19x(289:288)diag+rot
5492,15078286,0,1998151,7539143,0.1325,"AGL(1,2029)xF3463:C577"
5493,15083778,0,1675365,7541889,0.1111,3x(1831:1830)diag
5494,15089271,0,3355345,7544635,0.2224,"AGL(1,2591)xF2903:C1451"
5495,15094765,0,392941,7547382,0.0260,"F1949+(2q+1=887)+(6q+1=2659),q=443"
5496,15100260,0,3581826,7550130,0.2372,"AGL(1,2677)xF2819:C1409"
5497,15105756,0,1486519,7552878,0.0984,"AGL(1,2048)xF3449:C431"
5498,15111253,0,3777126,7555626,0.2500,2x(2749:2748)diag
5499,15116751,0,371953,7558375,0.0246,"F1187+(2q+1=863)+(8q+1=3449),q=431"
5500,15122250,0,3544453,7561125,0.2344,"AGL(1,2837)xF2663:C1331"
5501,15127750,1,15127750,15127750,1.0000,"AGL(1,5501) [exact]"
5502,15133251,0,3597903,7566625,0.2377,"AGL(1,2683)xF2819:C1409"
5503,15138753,1,15138753,15138753,1.0000,"AGL(1,5503) [exact]"
5504,15144256,0,1862051,7572128,0.1230,"AGL(1,2161)xF3343:C557"
5505,15149760,0,371953,7574880,0.0246,"F1193+(2q+1=863)+(8q+1=3449),q=431"
5506,15155265,0,3788128,7577632,0.2500,2x(2753:2752)diag
5507,15160771,1,15160771,15160771,1.0000,"AGL(1,5507) [exact]"
5508,15166278,0,3614016,7583139,0.2383,"AGL(1,2689)xF2819:C1409"
5509,15171786,0,2165037,7585893,0.1427,7x(787:786)diag+rot
5510,15177295,0,2126493,7588647,0.1401,"AGL(1,2593)xF2917:C729"
5511,15182805,0,1998151,7591402,0.1316,"AGL(1,2048)xF3463:C577"
5512,15188316,0,3624778,7594158,0.2387,"AGL(1,2693)xF2819:C1409"
5513,15193828,0,371953,7596914,0.0245,"F1201+(2q+1=863)+(8q+1=3449),q=431"
5514,15199341,0,3544453,7599670,0.2332,"AGL(1,2851)xF2663:C1331"
5515,15204855,0,3038765,7602427,0.1999,5x(1103:1102)diag+rot
5516,15210370,0,1998151,7605185,0.1314,"AGL(1,2053)xF3463:C577"
5517,15215886,0,1002541,7607943,0.0659,"AGL(1,2048)xF3469:C289"
5518,15221403,0,3640951,7610701,0.2392,"AGL(1,2699)xF2819:C1409"
5519,15226921,1,15226921,15226921,1.0000,"AGL(1,5519) [exact]"
5520,15232440,0,3544453,7616220,0.2327,"AGL(1,2857)xF2663:C1331"
5521,15237960,1,15237960,15237960,1.0000,"AGL(1,5521) [exact]"
5522,15243481,0,1862051,7621740,0.1222,"AGL(1,2179)xF3343:C557"
5523,15249003,0,325967,7624501,0.0214,"F1327+(6q+1=1399)+(12q+1=2797),q=233"
5524,15254526,0,3544453,7627263,0.2324,"AGL(1,2861)xF2663:C1331"
5525,15260050,0,440917,7630025,0.0289,"F1187+(6q+1=1627)+(10q+1=2711),q=271"
5526,15265575,0,3662571,7632787,0.2399,"AGL(1,2707)xF2819:C1409"
5527,15271101,1,15271101,15271101,1.0000,"AGL(1,5527) [exact]"
5528,15276628,0,1412040,7638314,0.0924,"AGL(1,1681)xF3847:C641"
5529,15282156,0,371953,7641078,0.0243,"F1217+(2q+1=863)+(8q+1=3449),q=431"
5530,15287685,0,3673405,7643842,0.2403,"AGL(1,2711)xF2819:C1409"
5531,15293215,1,15293215,15293215,1.0000,"AGL(1,5531) [exact]"
5532,15298746,0,3678828,7649373,0.2405,"AGL(1,2713)xF2819:C1409"
5533,15304278,0,1388783,7652139,0.0907,11x(503:502)diag+rot
5534,15309811,0,7653522,7654905,0.4999,2x(2767:1383)diag+rot
5535,15315345,0,1034641,7657672,0.0676,"AGL(1,4096)xF1439:C719"
5536,15320880,0,3528496,7660440,0.2303,"AGL(1,2657)xF2879:C1439"
5537,15326416,0,327791,7663208,0.0214,"F829+(10q+1=1811)+(16q+1=2897),q=181"
5538,15331953,0,3695121,7665976,0.2410,"AGL(1,2719)xF2819:C1409"
5539,15337491,0,1218359,7668745,0.0794,"AGL(1,2048)xF3491:C349"
5540,15343030,0,1867278,7671515,0.1217,"AGL(1,1933)xF3607:C601"
5541,15348570,0,5114343,7674285,0.3332,3x(1847:1846)diag+rot
5542,15354111,0,3544453,7677055,0.2308,"AGL(1,2663)xF2879:C1439"
5543,15359653,0,665160,7679826,0.0433,23x(241:240)diag+rot
5544,15365196,0,3176460,7682598,0.2067,"AGL(1,2521)xF3023:C1511"
5545,15370740,0,3071930,7685370,0.1999,5x(1109:1108)diag+rot
5546,15376285,0,1998151,7688142,0.1300,"AGL(1,2083)xF3463:C577"
5547,15381831,0,1708476,7690915,0.1111,3x(1849:1848)diag
5548,15387378,0,3722356,7693689,0.2419,"AGL(1,2729)xF2819:C1409"
5549,15392926,0,493861,7696463,0.0321,31x(179:178)diag+rot
5550,15398475,0,3727815,7699237,0.2421,"AGL(1,2731)xF2819:C1409"
5551,15404025,0,440917,7702012,0.0286,"F1213+(6q+1=1627)+(10q+1=2711),q=271"
5552,15409576,0,1998151,7704788,0.1297,"AGL(1,2089)xF3463:C577"
5553,15415128,0,231991,7707564,0.0150,"F1381+(12q+1=1669)+(18q+1=2503),q=139"
5554,15420681,0,3854476,7710340,0.2500,2x(2777:2776)diag
5555,15426235,0,1063611,7713117,0.0689,"AGL(1,4096)xF1459:C729"
5556,15431790,0,3581826,7715895,0.2321,"AGL(1,2677)xF2879:C1439"
5557,15437346,1,15437346,15437346,1.0000,"AGL(1,5557) [exact]"
5558,15442903,0,1997001,7721451,0.1293,"AGL(1,1999)xF3559:C593"
5559,15448461,0,266561,7724230,0.0173,"F1087+(12q+1=1789)+(18q+1=2683),q=149"
5560,15454020,0,3755170,7727010,0.2430,"AGL(1,2741)xF2819:C1409"
5561,15459580,0,440917,7729790,0.0285,"F1223+(6q+1=1627)+(10q+1=2711),q=271"
5562,15465141,0,3597903,7732570,0.2326,"AGL(1,2683)xF2879:C1439"
5563,15470703,1,15470703,15470703,1.0000,"AGL(1,5563) [exact]"
5564,15476266,0,2126493,7738133,0.1374,"AGL(1,2647)xF2917:C729"
5565,15481830,0,1030481,7740915,0.0666,"AGL(1,2048)xF3517:C293"
5566,15487395,0,3608641,7743697,0.2330,"AGL(1,2687)xF2879:C1439"
5567,15492961,0,812782,7746480,0.0525,19x(293:292)diag+rot
5568,15498528,0,3777126,7749264,0.2437,"AGL(1,2749)xF2819:C1409"
5569,15504096,1,15504096,15504096,1.0000,"AGL(1,5569) [exact]"
5570,15509665,0,2021055,7754832,0.1303,"AGL(1,2011)xF3559:C593"
5571,15515235,0,523776,7757617,0.0338,"AGL(1,1024)xF4547:C2273"
5572,15520806,0,3788128,7760403,0.2441,"AGL(1,2753)xF2819:C1409"
5573,15526378,1,15526378,15526378,1.0000,"AGL(1,5573) [exact]"
5574,15531951,0,3565785,7765975,0.2296,"AGL(1,2671)xF2903:C1451"
5575,15537525,0,440917,7768762,0.0284,"F1237+(6q+1=1627)+(10q+1=2711),q=271"
5576,15543100,0,2126493,7771550,0.1368,"AGL(1,2659)xF2917:C729"
5577,15548676,0,325967,7774338,0.0210,"F1381+(6q+1=1399)+(12q+1=2797),q=233"
5578,15554253,0,3887866,7777126,0.2500,2x(2789:2788)diag
5579,15559831,0,2220442,7779915,0.1427,7x(797:796)diag+rot
5580,15565410,0,3581826,7782705,0.2301,"AGL(1,2677)xF2903:C1451"
5581,15570990,1,15570990,15570990,1.0000,"AGL(1,5581) [exact]"
5582,15576571,0,7786890,7788285,0.4999,2x(2791:1395)diag+rot
5583,15582153,0,1730730,7791076,0.1111,3x(1861:1860)diag
5584,15587736,0,3433510,7793868,0.2203,"AGL(1,2621)xF2963:C1481"
5585,15593320,0,3116430,7796660,0.1999,5x(1117:1116)diag+rot
5586,15598905,0,3826761,7799452,0.2453,"AGL(1,2767)xF2819:C1409"
5587,15604491,0,440917,7802245,0.0283,"F1249+(6q+1=1627)+(10q+1=2711),q=271"
5588,15610078,0,2126493,7805039,0.1362,"AGL(1,2671)xF2917:C729"
5589,15615666,0,676269,7807833,0.0433,23x(243:242)diag+rot
5590,15621255,0,3673405,7810627,0.2352,"AGL(1,2711)xF2879:C1439"
5591,15626845,1,15626845,15626845,1.0000,"AGL(1,5591) [exact]"
5592,15632436,0,3678828,7816218,0.2353,"AGL(1,2713)xF2879:C1439"
5593,15638028,0,556889,7819014,0.0356,"F1861+(4q+1=1493)+(6q+1=2239),q=373"
5594,15643621,0,3910206,7821810,0.2500,2x(2797:2796)diag
5595,15649215,0,698759,7824607,0.0447,"AGL(1,2048)xF3547:C197"
5596,15654810,0,3854476,7827405,0.2462,"AGL(1,2777)xF2819:C1409"
5597,15660406,0,537312,7830203,0.0343,29x(193:192)diag+rot
5598,15666003,0,3695121,7833001,0.2359,"AGL(1,2719)xF2879:C1439"
5599,15671601,0,1422146,7835800,0.0907,11x(509:508)diag+rot
5600,15677200,0,2390391,7838600,0.1525,"AGL(1,2187)xF3413:C853"
5601,15682800,0,1741911,7841400,0.1111,3x(1867:1866)diag
5602,15688401,0,3921400,7844200,0.2500,2x(2801:2800)diag
5603,15694003,0,1204645,7847001,0.0768,13x(431:430)diag+rot
5604,15699606,0,2968266,7849803,0.1891,"AGL(1,2437)xF3167:C1583"
5605,15705210,0,556889,7852605,0.0355,"F1873+(4q+1=1493)+(6q+1=2239),q=373"
5606,15710815,0,7854006,7855407,0.4999,2x(2803:1401)diag+rot
5607,15716421,0,2096128,7858210,0.1334,"AGL(1,2048)xF3559:C593"
5608,15722028,0,3887866,7861014,0.2473,"AGL(1,2789)xF2819:C1409"
5609,15727636,0,556889,7863818,0.0354,"F1877+(4q+1=1493)+(6q+1=2239),q=373"
5610,15733245,0,3893445,7866622,0.2475,"AGL(1,2791)xF2819:C1409"
5611,15738855,0,556889,7869427,0.0354,"F1879+(4q+1=1493)+(6q+1=2239),q=373"
5612,15744466,0,2106378,7872233,0.1338,"AGL(1,2053)xF3559:C593"
5613,15750078,0,5248155,7875039,0.3332,3x(1871:1870)diag+rot
5614,15755691,0,3673405,7877845,0.2331,"AGL(1,2711)xF2903:C1451"
5615,15761305,0,3150015,7880652,0.1999,5x(1123:1122)diag+rot
5616,15766920,0,3910206,7883460,0.2480,"AGL(1,2797)xF2819:C1409"
5617,15772536,0,440917,7886268,0.0280,"F1279+(6q+1=1627)+(10q+1=2711),q=271"
5618,15778153,0,3943836,7889076,0.2500,2x(2809:2808)diag
5619,15783771,0,1753128,7891885,0.1111,3x(1873:1872)diag
5620,15789390,0,3921400,7894695,0.2484,"AGL(1,2801)xF2819:C1409"
5621,15795010,0,556889,7897505,0.0353,"F1889+(4q+1=1493)+(6q+1=2239),q=373"
5622,15800631,0,3927003,7900315,0.2485,"AGL(1,2803)xF2819:C1409"
5623,15806253,1,15806253,15806253,1.0000,"AGL(1,5623) [exact]"
5624,15811876,0,2126493,7905938,0.1345,"AGL(1,2707)xF2917:C729"
5625,15817500,0,325967,7908750,0.0206,"F1429+(6q+1=1399)+(12q+1=2797),q=233"
5626,15823125,0,3544453,7911562,0.2240,"AGL(1,2663)xF2963:C1481"
5627,15828751,0,928455,7914375,0.0587,17x(331:330)diag+rot
5628,15834378,0,3943836,7917189,0.2491,"AGL(1,2809)xF2819:C1409"
5629,15840006,0,1215864,7920003,0.0768,13x(433:432)diag+rot
5630,15845635,0,2126493,7922817,0.1342,"AGL(1,2713)xF2917:C729"
5631,15851265,0,5281878,7925632,0.3332,3x(1877:1876)diag+rot
5632,15856896,0,3788128,7928448,0.2389,"AGL(1,2753)xF2879:C1439"
5633,15862528,0,556889,7931264,0.0351,"F1901+(4q+1=1493)+(6q+1=2239),q=373"
5634,15868161,0,3727815,7934080,0.2349,"AGL(1,2731)xF2903:C1451"
5635,15873795,0,440917,7936897,0.0278,"F1297+(6q+1=1627)+(10q+1=2711),q=271"
5636,15879430,0,2126493,7939715,0.1339,"AGL(1,2719)xF2917:C729"
5637,15885066,0,1764381,7942533,0.1111,3x(1879:1878)diag
5638,15890703,0,7943942,7945351,0.4999,2x(2819:1409)diag+rot
5639,15896341,1,15896341,15896341,1.0000,"AGL(1,5639) [exact]"
5640,15901980,0,3581826,7950990,0.2252,"AGL(1,2677)xF2963:C1481"
5641,15907620,1,15907620,15907620,1.0000,"AGL(1,5641) [exact]"
5642,15913261,0,2110487,7956630,0.1326,"AGL(1,2083)xF3559:C593"
5643,15918903,0,371953,7959451,0.0234,"F1331+(2q+1=863)+(8q+1=3449),q=431"
5644,15924546,0,3755170,7962273,0.2358,"AGL(1,2741)xF2903:C1451"
5645,15930190,0,3183780,7965095,0.1999,5x(1129:1128)diag+rot
5646,15935835,0,3826761,7967917,0.2401,"AGL(1,2767)xF2879:C1439"
5647,15941481,1,15941481,15941481,1.0000,"AGL(1,5647) [exact]"
5648,15947128,0,2126493,7973564,0.1333,"AGL(1,2731)xF2917:C729"
5649,15952776,0,327791,7976388,0.0205,"F941+(10q+1=1811)+(16q+1=2897),q=181"
5650,15958425,0,3608641,7979212,0.2261,"AGL(1,2687)xF2963:C1481"
5651,15964075,1,15964075,15964075,1.0000,"AGL(1,5651) [exact]"
5652,15969726,0,3971971,7984863,0.2487,"AGL(1,2833)xF2819:C1409"
5653,15975378,1,15975378,15975378,1.0000,"AGL(1,5653) [exact]"
5654,15981031,0,2390391,7990515,0.1496,"AGL(1,2187)xF3467:C1733"
5655,15986685,0,2096128,7993342,0.1311,"AGL(1,2048)xF3607:C601"
5656,15992340,0,3971971,7996170,0.2484,"AGL(1,2837)xF2819:C1409"
5657,15997996,1,15997996,15997996,1.0000,"AGL(1,5657) [exact]"
5658,16003653,0,3533811,8001826,0.2208,"AGL(1,2659)xF2999:C1499"
5659,16009311,1,16009311,16009311,1.0000,"AGL(1,5659) [exact]"
5660,16014970,0,2106378,8007485,0.1315,"AGL(1,2053)xF3607:C601"
5661,16020630,0,327791,8010315,0.0205,"F953+(10q+1=1811)+(16q+1=2897),q=181"
5662,16026291,0,3971971,8013145,0.2478,"AGL(1,2843)xF2819:C1409"
5663,16031953,0,2287852,8015976,0.1427,7x(809:808)diag+rot
5664,16037616,0,3544453,8018808,0.2210,"AGL(1,3001)xF2663:C1331"
5665,16043280,0,556889,8021640,0.0347,"F1933+(4q+1=1493)+(6q+1=2239),q=373"
5666,16048945,0,4011528,8024472,0.2500,2x(2833:2832)diag
5667,16054611,0,5349648,8027305,0.3332,3x(1889:1888)diag+rot
5668,16060278,0,3887866,8030139,0.2421,"AGL(1,2789)xF2879:C1439"
5669,16065946,1,16065946,16065946,1.0000,"AGL(1,5669) [exact]"
5670,16071615,0,3971971,8035807,0.2471,"AGL(1,2851)xF2819:C1409"
5671,16077285,0,2096128,8038642,0.1304,"AGL(1,2048)xF3623:C1811"
5672,16082956,0,2110487,8041478,0.1312,"AGL(1,2113)xF3559:C593"
5673,16088628,0,385867,8044314,0.0240,"AGL(1,1024)xF4649:C83"
5674,16094301,0,4022866,8047150,0.2500,2x(2837:2836)diag
5675,16099975,0,431056,8049987,0.0268,"F929+(2q+1=1187)+(6q+1=3559),q=593"
5676,16105650,0,3971971,8052825,0.2466,"AGL(1,2857)xF2819:C1409"
5677,16111326,0,2299185,8055663,0.1427,7x(811:810)diag+rot
5678,16117003,0,1675365,8058501,0.1040,"AGL(1,1831)xF3847:C641"
5679,16122681,0,439351,8061340,0.0273,"AGL(1,2048)xF3631:C121"
5680,16128360,0,3971971,8064180,0.2463,"AGL(1,2861)xF2819:C1409"
5681,16134040,0,556889,8067020,0.0345,"F1949+(4q+1=1493)+(6q+1=2239),q=373"
5682,16139721,0,3927003,8069860,0.2433,"AGL(1,2803)xF2879:C1439"
5683,16145403,1,16145403,16145403,1.0000,"AGL(1,5683) [exact]"
5684,16151086,0,2126493,8075543,0.1317,"AGL(1,2767)xF2917:C729"
5685,16156770,0,371953,8078385,0.0230,"F1373+(2q+1=863)+(8q+1=3449),q=431"
5686,16162455,0,8079806,8081227,0.4999,2x(2843:1421)diag+rot
5687,16168141,0,442270,8084070,0.0274,"F941+(2q+1=1187)+(6q+1=3559),q=593"
5688,16173828,0,3943836,8086914,0.2438,"AGL(1,2809)xF2879:C1439"
5689,16179516,1,16179516,16179516,1.0000,"AGL(1,5689) [exact]"
5690,16185205,0,2167807,8092602,0.1339,"AGL(1,2083)xF3607:C601"
5691,16190895,0,2096128,8095447,0.1295,"AGL(1,2048)xF3643:C607"
5692,16196586,0,3887866,8098293,0.2400,"AGL(1,2789)xF2903:C1451"
5693,16202278,1,16202278,16202278,1.0000,"AGL(1,5693) [exact]"
5694,16207971,0,3893445,8103985,0.2402,"AGL(1,2791)xF2903:C1451"
5695,16213665,0,325967,8106832,0.0201,"F1499+(6q+1=1399)+(12q+1=2797),q=233"
5696,16219360,0,2167807,8109680,0.1337,"AGL(1,2089)xF3607:C601"
5697,16225056,0,341129,8112528,0.0210,"AGL(1,1024)xF4673:C73"
5698,16230753,0,3971971,8115376,0.2447,"AGL(1,2819)xF2879:C1439"
5699,16236451,0,453628,8118225,0.0279,"F953+(2q+1=1187)+(6q+1=3559),q=593"
5700,16242150,0,3910206,8121075,0.2407,"AGL(1,2797)xF2903:C1451"
5701,16247850,1,16247850,16247850,1.0000,"AGL(1,5701) [exact]"
5702,16253551,0,8125350,8126775,0.4999,2x(2851:1425)diag+rot
5703,16259253,0,5417850,8129626,0.3332,3x(1901:1900)diag+rot
5704,16264956,0,3921400,8132478,0.2411,"AGL(1,2801)xF2903:C1451"
5705,16270660,0,556889,8135330,0.0342,"F1973+(4q+1=1493)+(6q+1=2239),q=373"
5706,16276365,0,3971971,8138182,0.2440,"AGL(1,2887)xF2819:C1409"
5707,16282071,0,1249833,8141035,0.0768,13x(439:438)diag+rot
5708,16287778,0,2126493,8143889,0.1306,"AGL(1,2791)xF2917:C729"
5709,16293486,0,343206,8146743,0.0211,"F829+(6q+1=1627)+(12q+1=3253),q=271"
5710,16299195,0,3673405,8149597,0.2254,"AGL(1,2711)xF2999:C1499"
5711,16304905,1,16304905,16304905,1.0000,"AGL(1,5711) [exact]"
5712,16310616,0,4011528,8155308,0.2459,"AGL(1,2833)xF2879:C1439"
5713,16316328,0,559874,8158164,0.0343,29x(197:196)diag+rot
5714,16322041,0,4079796,8161020,0.2500,2x(2857:2856)diag
5715,16327755,0,1309771,8163877,0.0802,"AGL(1,4096)xF1619:C809"
5716,16333470,0,4022866,8166735,0.2463,"AGL(1,2837)xF2879:C1439"
5717,16339186,1,16339186,16339186,1.0000,"AGL(1,5717) [exact]"
5718,16344903,0,3695121,8172451,0.2261,"AGL(1,2719)xF2999:C1499"
5719,16350621,0,1347257,8175310,0.0824,"AGL(1,2048)xF3671:C367"
5720,16356340,0,2390391,8178170,0.1461,"AGL(1,2187)xF3533:C883"
5721,16362060,0,5452113,8181030,0.3332,3x(1907:1906)diag+rot
5722,16367781,0,4091230,8183890,0.2500,2x(2861:2860)diag
5723,16373503,0,476776,8186751,0.0291,"F977+(2q+1=1187)+(6q+1=3559),q=593"
5724,16379226,0,3544453,8189613,0.2164,"AGL(1,3061)xF2663:C1331"
5725,16384950,0,2096128,8192475,0.1279,"AGL(1,2048)xF3677:C919"
5726,16390675,0,2168403,8195337,0.1323,"AGL(1,2083)xF3643:C607"
5727,16396401,0,523776,8198200,0.0319,"AGL(1,1024)xF4703:C2351"
5728,16402128,0,3971971,8201064,0.2422,"AGL(1,2909)xF2819:C1409"
5729,16407856,0,962472,8203928,0.0587,17x(337:336)diag+rot
5730,16413585,0,4062675,8206792,0.2475,"AGL(1,2851)xF2879:C1439"
5731,16419315,0,1490060,8209657,0.0908,11x(521:520)diag+rot
5732,16425046,0,2180916,8212523,0.1328,"AGL(1,2089)xF3643:C607"
5733,16430778,0,669533,8215389,0.0407,"AGL(1,4096)xF1637:C409"
5734,16436511,0,3673405,8218255,0.2235,"AGL(1,2711)xF3023:C1511"
5735,16442245,0,556889,8221122,0.0339,"F2003+(4q+1=1493)+(6q+1=2239),q=373"
5736,16447980,0,4079796,8223990,0.2480,"AGL(1,2857)xF2879:C1439"
5737,16453716,1,16453716,16453716,1.0000,"AGL(1,5737) [exact]"
5738,16459453,0,2167807,8229726,0.1317,"AGL(1,2131)xF3607:C601"
5739,16465191,0,5486484,8232595,0.3332,3x(1913:1912)diag+rot
5740,16470930,0,4091230,8235465,0.2484,"AGL(1,2861)xF2879:C1439"
5741,16476670,1,16476670,16476670,1.0000,"AGL(1,5741) [exact]"
5742,16482411,0,3695121,8241205,0.2242,"AGL(1,2719)xF3023:C1511"
5743,16488153,1,16488153,16488153,1.0000,"AGL(1,5743) [exact]"
5744,16493896,0,2167807,8246948,0.1314,"AGL(1,2137)xF3607:C601"
5745,16499640,0,371953,8249820,0.0225,"F1433+(2q+1=863)+(8q+1=3449),q=431"
5746,16505385,0,4039903,8252692,0.2448,"AGL(1,2843)xF2903:C1451"
5747,16511131,0,2356270,8255565,0.1427,7x(821:820)diag+rot
5748,16516878,0,3777126,8258439,0.2287,"AGL(1,2749)xF2999:C1499"
5749,16522626,1,16522626,16522626,1.0000,"AGL(1,5749) [exact]"
5750,16528375,0,2167807,8264187,0.1312,"AGL(1,2143)xF3607:C601"
5751,16534125,0,371953,8267062,0.0225,"F1439+(2q+1=863)+(8q+1=3449),q=431"
5752,16539876,0,3887866,8269938,0.2351,"AGL(1,2789)xF2963:C1481"
5753,16545628,0,1501533,8272814,0.0908,11x(523:522)diag+rot
5754,16551381,0,4062675,8275690,0.2455,"AGL(1,2851)xF2903:C1451"
5755,16557135,0,661825,8278567,0.0400,5x(1151:1150)diag
5756,16562890,0,2211301,8281445,0.1335,"AGL(1,2113)xF3643:C607"
5757,16568646,0,523776,8284323,0.0316,"AGL(1,1024)xF4733:C169"
5758,16574403,0,8285762,8287201,0.4999,2x(2879:1439)diag+rot
5759,16580161,0,556889,8290080,0.0336,"F2027+(4q+1=1493)+(6q+1=2239),q=373"
5760,16585920,0,4079796,8292960,0.2460,"AGL(1,2857)xF2903:C1451"
5761,16591680,0,2367771,8295840,0.1427,7x(823:822)diag+rot
5762,16597441,0,2110487,8298720,0.1272,"AGL(1,2203)xF3559:C593"
5763,16603203,0,389403,8301601,0.0235,"F883+(6q+1=1627)+(12q+1=3253),q=271"
5764,16608966,0,4091230,8304483,0.2463,"AGL(1,2861)xF2903:C1451"
5765,16614730,0,3320640,8307365,0.1999,5x(1153:1152)diag+rot
5766,16620495,0,4142881,8310247,0.2493,"AGL(1,2887)xF2879:C1439"
5767,16626261,0,628511,8313130,0.0378,"AGL(1,2048)xF3719:C169"
5768,16632028,0,2167807,8316014,0.1303,"AGL(1,2161)xF3607:C601"
5769,16637796,0,366796,8318898,0.0220,"F857+(2q+1=983)+(8q+1=3929),q=491"
5770,16643565,0,3324331,8321782,0.1997,"AGL(1,3191)xF2579:C1289"
5771,16649335,0,571329,8324667,0.0343,29x(199:198)diag+rot
5772,16655106,0,3971971,8327553,0.2385,"AGL(1,2953)xF2819:C1409"
5773,16660878,0,721625,8330439,0.0433,23x(251:250)diag+rot
5774,16666651,0,8331882,8333325,0.4999,2x(2887:1443)diag+rot
5775,16672425,0,523776,8336212,0.0314,"AGL(1,1024)xF4751:C125"
5776,16678200,0,4142881,8339100,0.2484,"AGL(1,2897)xF2879:C1439"
5777,16683976,0,530965,8341988,0.0318,"F1031+(2q+1=1187)+(6q+1=3559),q=593"
5778,16689753,0,3533811,8344876,0.2117,"AGL(1,2659)xF3119:C1559"
5779,16695531,1,16695531,16695531,1.0000,"AGL(1,5779) [exact]"
5780,16701310,0,2211301,8350655,0.1324,"AGL(1,2137)xF3643:C607"
5781,16707090,0,1160963,8353545,0.0695,"AGL(1,2048)xF3733:C311"
5782,16712871,0,4142881,8356435,0.2479,"AGL(1,2879)xF2903:C1451"
5783,16718653,1,16718653,16718653,1.0000,"AGL(1,5783) [exact]"
5784,16724436,0,3544453,8362218,0.2119,"AGL(1,3121)xF2663:C1331"
5785,16730220,0,556889,8365110,0.0333,"F2053+(4q+1=1493)+(6q+1=2239),q=373"
5786,16736005,0,2211301,8368002,0.1321,"AGL(1,2143)xF3643:C607"
5787,16741791,0,410871,8370895,0.0245,"F907+(6q+1=1627)+(12q+1=3253),q=271"
5788,16747578,0,4142881,8373789,0.2474,"AGL(1,2909)xF2879:C1439"
5789,16753366,0,440917,8376683,0.0263,"F1451+(6q+1=1627)+(10q+1=2711),q=271"
5790,16759155,0,4165941,8379577,0.2486,"AGL(1,2887)xF2903:C1451"
5791,16764945,1,16764945,16764945,1.0000,"AGL(1,5791) [exact]"
5792,16770736,0,1753128,8385368,0.1045,"AGL(1,1873)xF3919:C653"
5793,16776528,0,5590245,8388264,0.3332,3x(1931:1930)diag+rot
5794,16782321,0,4194856,8391160,0.2500,2x(2897:2896)diag
5795,16788115,0,556889,8394057,0.0332,"F2063+(4q+1=1493)+(6q+1=2239),q=373"
5796,16793910,0,4142881,8396955,0.2467,"AGL(1,2917)xF2879:C1439"
5797,16799706,0,551775,8399853,0.0328,"F1051+(2q+1=1187)+(6q+1=3559),q=593"
5798,16805503,0,2110487,8402751,0.1256,"AGL(1,2239)xF3559:C593"
5799,16811301,0,1867278,8405650,0.1111,3x(1933:1932)diag
5800,16817100,0,4194856,8408550,0.2494,"AGL(1,2897)xF2903:C1451"
5801,16822900,1,16822900,16822900,1.0000,"AGL(1,5801) [exact]"
5802,16828701,0,3927003,8414350,0.2334,"AGL(1,2803)xF2999:C1499"
5803,16834503,0,2402442,8417251,0.1427,7x(829:828)diag+rot
5804,16840306,0,2211301,8420153,0.1313,"AGL(1,2161)xF3643:C607"
5805,16846110,0,371953,8423055,0.0221,"F1493+(2q+1=863)+(8q+1=3449),q=431"
5806,16851915,0,8424506,8425957,0.4999,2x(2903:1451)diag+rot
5807,16857721,1,16857721,16857721,1.0000,"AGL(1,5807) [exact]"
5808,16863528,0,3943836,8431764,0.2339,"AGL(1,2809)xF2999:C1499"
5809,16869336,0,564453,8434668,0.0335,"F1063+(2q+1=1187)+(6q+1=3559),q=593"
5810,16875145,0,2390391,8437572,0.1417,"AGL(1,2187)xF3623:C1811"
5811,16880955,0,523776,8440477,0.0310,"AGL(1,1024)xF4787:C2393"
5812,16886766,0,4212253,8443383,0.2494,"AGL(1,2909)xF2903:C1451"
5813,16892578,1,16892578,16892578,1.0000,"AGL(1,5813) [exact]"
5814,16898391,0,4062675,8449195,0.2404,"AGL(1,2851)xF2963:C1481"
5815,16904205,0,3378515,8452102,0.1999,5x(1163:1162)diag+rot
5816,16910020,0,2167807,8455010,0.1282,"AGL(1,2209)xF3607:C601"
5817,16915836,0,591733,8457918,0.0350,"AGL(1,2048)xF3769:C157"
5818,16921653,0,4229686,8460826,0.2500,2x(2909:2908)diag
5819,16927471,0,556889,8463735,0.0329,"F2087+(4q+1=1493)+(6q+1=2239),q=373"
5820,16933290,0,4212253,8466645,0.2488,"AGL(1,2917)xF2903:C1451"
5821,16939110,1,16939110,16939110,1.0000,"AGL(1,5821) [exact]"
5822,16944931,0,2211301,8472465,0.1305,"AGL(1,2179)xF3643:C607"
5823,16950753,0,523776,8475376,0.0309,"AGL(1,1024)xF4799:C2399"
5824,16956576,0,4091230,8478288,0.2413,"AGL(1,2861)xF2963:C1481"
5825,16962400,0,440917,8481200,0.0260,"F1487+(6q+1=1627)+(10q+1=2711),q=271"
5826,16968225,0,3927003,8484112,0.2314,"AGL(1,2803)xF3023:C1511"
5827,16974051,1,16974051,16974051,1.0000,"AGL(1,5827) [exact]"
5828,16979878,0,2167807,8489939,0.1277,"AGL(1,2221)xF3607:C601"
5829,16985706,0,750389,8492853,0.0442,"AGL(1,4096)xF1733:C433"
5830,16991535,0,4212253,8495767,0.2479,"AGL(1,2927)xF2903:C1451"
5831,16997365,0,997101,8498682,0.0587,17x(343:342)diag+rot
5832,17003196,0,4142881,8501598,0.2437,"AGL(1,2953)xF2879:C1439"
5833,17009028,0,892449,8504514,0.0525,19x(307:306)diag+rot
5834,17014861,0,4252986,8507430,0.2500,2x(2917:2916)diag
5835,17020695,0,371953,8510347,0.0219,"F1523+(2q+1=863)+(8q+1=3449),q=431"
5836,17026530,0,4142881,8513265,0.2433,"AGL(1,2957)xF2879:C1439"
5837,17032366,0,1307488,8516183,0.0768,13x(449:448)diag+rot
5838,17038203,0,3971971,8519101,0.2331,"AGL(1,3019)xF2819:C1409"
5839,17044041,1,17044041,17044041,1.0000,"AGL(1,5839) [exact]"
5840,17049880,0,2211301,8524940,0.1297,"AGL(1,2197)xF3643:C607"
5841,17055720,0,440917,8527860,0.0259,"F961+(6q+1=1627)+(12q+1=3253),q=271"
5842,17061561,0,4212253,8530780,0.2469,"AGL(1,2939)xF2903:C1451"
5843,17067403,1,17067403,17067403,1.0000,"AGL(1,5843) [exact]"
5844,17073246,0,3581826,8536623,0.2098,"AGL(1,2677)xF3167:C1583"
5845,17079090,0,556889,8539545,0.0326,"F2113+(4q+1=1493)+(6q+1=2239),q=373"
5846,17084935,0,2211301,8542467,0.1294,"AGL(1,2203)xF3643:C607"
5847,17090781,0,5694978,8545390,0.3332,3x(1949:1948)diag+rot
5848,17096628,0,4142881,8548314,0.2423,"AGL(1,2969)xF2879:C1439"
5849,17102476,1,17102476,17102476,1.0000,"AGL(1,5849) [exact]"
5850,17108325,0,4165941,8554162,0.2435,"AGL(1,2887)xF2963:C1481"
5851,17114175,1,17114175,17114175,1.0000,"AGL(1,5851) [exact]"
5852,17120026,0,2211301,8560013,0.1292,"AGL(1,2209)xF3643:C607"
5853,17125878,0,1902225,8562939,0.1111,3x(1951:1950)diag
5854,17131731,0,8564402,8565865,0.4999,2x(2927:1463)diag+rot
5855,17137585,0,685035,8568792,0.0400,5x(1171:1170)diag
5856,17143440,0,4212253,8571720,0.2457,"AGL(1,2953)xF2903:C1451"
5857,17149296,1,17149296,17149296,1.0000,"AGL(1,5857) [exact]"
5858,17155153,0,2167807,8577576,0.1264,"AGL(1,2251)xF3607:C601"
5859,17161011,0,447931,8580505,0.0261,"F947+(2q+1=983)+(8q+1=3929),q=491"
5860,17166870,0,4212253,8583435,0.2454,"AGL(1,2957)xF2903:C1451"
5861,17172730,1,17172730,17172730,1.0000,"AGL(1,5861) [exact]"
5862,17178591,0,3533811,8589295,0.2057,"AGL(1,2659)xF3203:C1601"
5863,17184453,0,623286,8592226,0.0363,"F1117+(2q+1=1187)+(6q+1=3559),q=593"
5864,17190316,0,2390391,8595158,0.1391,"AGL(1,2187)xF3677:C919"
5865,17196180,0,453628,8598090,0.0264,"F953+(2q+1=983)+(8q+1=3929),q=491"
5866,17202045,0,4212253,8601022,0.2449,"AGL(1,2903)xF2963:C1481"
5867,17207911,1,17207911,17207911,1.0000,"AGL(1,5867) [exact]"
5868,17213778,0,3971971,8606889,0.2307,"AGL(1,3049)xF2819:C1409"
5869,17219646,1,17219646,17219646,1.0000,"AGL(1,5869) [exact]"
5870,17225515,0,2126493,8612757,0.1235,"AGL(1,2953)xF2917:C729"
5871,17231385,0,440917,8615692,0.0256,"F991+(6q+1=1627)+(12q+1=3253),q=271"
5872,17237256,0,4229686,8618628,0.2454,"AGL(1,2909)xF2963:C1481"
5873,17243128,0,2460787,8621564,0.1427,7x(839:838)diag+rot
5874,17249001,0,4212253,8624500,0.2442,"AGL(1,2971)xF2903:C1451"
5875,17254875,0,636756,8627437,0.0369,"F1129+(2q+1=1187)+(6q+1=3559),q=593"
5876,17260750,0,2167807,8630375,0.1256,"AGL(1,2269)xF3607:C601"
5877,17266626,0,440917,8633313,0.0255,"F997+(6q+1=1627)+(12q+1=3253),q=271"
5878,17272503,0,8634782,8636251,0.4999,2x(2939:1469)diag+rot
5879,17278381,1,17278381,17278381,1.0000,"AGL(1,5879) [exact]"
5880,17284260,0,4252986,8642130,0.2461,"AGL(1,2917)xF2963:C1481"
5881,17290140,1,17290140,17290140,1.0000,"AGL(1,5881) [exact]"
5882,17296021,0,2211301,8648010,0.1279,"AGL(1,2239)xF3643:C607"
5883,17301903,0,470935,8650951,0.0272,"F971+(2q+1=983)+(8q+1=3929),q=491"
5884,17307786,0,4091230,8653893,0.2364,"AGL(1,2861)xF3023:C1511"
5885,17313670,0,556889,8656835,0.0322,"F2153+(4q+1=1493)+(6q+1=2239),q=373"
5886,17319555,0,4165941,8659777,0.2405,"AGL(1,2887)xF2999:C1499"
5887,17325441,0,440917,8662720,0.0254,"F1549+(6q+1=1627)+(10q+1=2711),q=271"
5888,17331328,0,2167807,8665664,0.1251,"AGL(1,2281)xF3607:C601"
5889,17337216,0,476776,8668608,0.0275,"F977+(2q+1=983)+(8q+1=3929),q=491"
5890,17343105,0,4282201,8671552,0.2469,"AGL(1,2927)xF2963:C1481"
5891,17348995,0,530965,8674497,0.0306,"F1031+(6q+1=2083)+(8q+1=2777),q=347"
5892,17354886,0,3614016,8677443,0.2082,"AGL(1,2689)xF3203:C1601"
5893,17360778,0,556889,8680389,0.0321,"F2161+(4q+1=1493)+(6q+1=2239),q=373"
5894,17366671,0,2211301,8683335,0.1273,"AGL(1,2251)xF3643:C607"
5895,17372565,0,2096128,8686282,0.1207,"AGL(1,2048)xF3847:C641"
5896,17378460,0,4194856,8689230,0.2414,"AGL(1,2897)xF2999:C1499"
5897,17384356,1,17384356,17384356,1.0000,"AGL(1,5897) [exact]"
5898,17390253,0,4142881,8695126,0.2382,"AGL(1,3019)xF2879:C1439"
5899,17396151,0,1020527,8698075,0.0587,17x(347:346)diag+rot
5900,17402050,0,2167807,8701025,0.1246,"AGL(1,2293)xF3607:C601"
5901,17407950,0,440917,8703975,0.0253,"F1021+(6q+1=1627)+(12q+1=3253),q=271"
5902,17413851,0,4317391,8706925,0.2479,"AGL(1,2939)xF2963:C1481"
5903,17419753,1,17419753,17419753,1.0000,"AGL(1,5903) [exact]"
5904,17425656,0,4212253,8712828,0.2417,"AGL(1,3001)xF2903:C1451"
5905,17431560,0,696790,8715780,0.0400,5x(1181:1180)diag
5906,17437465,0,4358628,8718732,0.2500,2x(2953:2952)diag
5907,17443371,0,372683,8721685,0.0214,"F887+(10q+1=1931)+(16q+1=3089),q=193"
5908,17449278,0,4229686,8724639,0.2424,"AGL(1,2909)xF2999:C1499"
5909,17455186,0,915895,8727593,0.0525,19x(311:310)diag+rot
5910,17461095,0,4165941,8730547,0.2386,"AGL(1,2887)xF3023:C1511"
5911,17467005,0,2096128,8733502,0.1200,"AGL(1,2048)xF3863:C1931"
5912,17472916,0,2211301,8736458,0.1266,"AGL(1,2269)xF3643:C607"
5913,17478828,0,440917,8739414,0.0252,"F1033+(6q+1=1627)+(12q+1=3253),q=271"
5914,17484741,0,4370446,8742370,0.2500,2x(2957:2956)diag
5915,17490655,0,338253,8745327,0.0193,"F823+(2q+1=1019)+(8q+1=4073),q=509"
5916,17496570,0,4358628,8748285,0.2491,"AGL(1,2953)xF2963:C1481"
5917,17502486,0,685035,8751243,0.0391,"F1171+(2q+1=1187)+(6q+1=3559),q=593"
5918,17508403,0,2167807,8754201,0.1238,"AGL(1,2311)xF3607:C601"
5919,17514321,0,5836134,8757160,0.3332,3x(1973:1972)diag+rot
5920,17520240,0,4370446,8760120,0.2495,"AGL(1,2957)xF2963:C1481"
5921,17526160,0,562495,8763080,0.0321,31x(191:190)diag+rot
5922,17532081,0,4212253,8766040,0.2403,"AGL(1,3019)xF2903:C1451"
5923,17538003,1,17538003,17538003,1.0000,"AGL(1,5923) [exact]"
5924,17543926,0,2211301,8771963,0.1260,"AGL(1,2281)xF3643:C607"
5925,17549850,0,482653,8774925,0.0275,"F1013+(2q+1=983)+(8q+1=3929),q=491"
5926,17555775,0,8776406,8777887,0.4999,2x(2963:1481)diag+rot
5927,17561701,1,17561701,17561701,1.0000,"AGL(1,5927) [exact]"
5928,17567628,0,4142881,8783814,0.2358,"AGL(1,3049)xF2879:C1439"
5929,17573556,0,570846,8786778,0.0325,"F1069+(6q+1=2083)+(8q+1=2777),q=347"
5930,17579485,0,2211301,8789742,0.1258,"AGL(1,2287)xF3643:C607"
5931,17585415,0,482653,8792707,0.0274,"F1019+(2q+1=983)+(8q+1=3929),q=491"
5932,17591346,0,4388203,8795673,0.2495,"AGL(1,2969)xF2963:C1481"
5933,17597278,0,1032342,8798639,0.0587,17x(349:348)diag+rot
5934,17603211,0,4388203,8801605,0.2493,"AGL(1,2971)xF2963:C1481"
5935,17609145,0,3519455,8804572,0.1999,5x(1187:1186)diag+rot
5936,17615080,0,2211301,8807540,0.1255,"AGL(1,2293)xF3643:C607"
5937,17621016,0,5871693,8810508,0.3332,3x(1979:1978)diag+rot
5938,17626953,0,4405996,8813476,0.2500,2x(2969:2968)diag
5939,17632891,1,17632891,17632891,1.0000,"AGL(1,5939) [exact]"
5940,17638830,0,4252986,8819415,0.2411,"AGL(1,2917)xF3023:C1511"
5941,17644770,0,1354548,8822385,0.0768,13x(457:456)diag+rot
5942,17650711,0,8823870,8825355,0.4999,2x(2971:1485)diag+rot
5943,17656653,0,523776,8828326,0.0297,"AGL(1,1024)xF4919:C2459"
5944,17662596,0,4212253,8831298,0.2385,"AGL(1,3041)xF2903:C1451"
5945,17668540,0,556889,8834270,0.0315,"F2213+(4q+1=1493)+(6q+1=2239),q=373"
5946,17674485,0,4142881,8837242,0.2344,"AGL(1,3067)xF2879:C1439"
5947,17680431,0,927732,8840215,0.0525,19x(313:312)diag+rot
5948,17686378,0,2167807,8843189,0.1226,"AGL(1,2341)xF3607:C601"
5949,17692326,0,440917,8846163,0.0249,"F1069+(6q+1=1627)+(12q+1=3253),q=271"
5950,17698275,0,4282201,8849137,0.2420,"AGL(1,2927)xF3023:C1511"
5951,17704225,0,1606770,8852112,0.0908,11x(541:540)diag+rot
5952,17710176,0,4358628,8855088,0.2461,"AGL(1,2953)xF2999:C1499"
5953,17716128,1,17716128,17716128,1.0000,"AGL(1,5953) [exact]"
5954,17722081,0,2211301,8861040,0.1248,"AGL(1,2311)xF3643:C607"
5955,17728035,0,371953,8864017,0.0210,"F863+(2q+1=1019)+(8q+1=4073),q=509"
5956,17733990,0,4370446,8866995,0.2464,"AGL(1,2957)xF2999:C1499"
5957,17739946,0,601156,8869973,0.0339,"F1097+(6q+1=2083)+(8q+1=2777),q=347"
5958,17745903,0,4142881,8872951,0.2335,"AGL(1,3079)xF2879:C1439"
5959,17751861,0,703891,8875930,0.0397,"F1213+(2q+1=1187)+(6q+1=3559),q=593"
5960,17757820,0,2231328,8878910,0.1257,"AGL(1,2113)xF3847:C641"
5961,17763780,0,1973091,8881890,0.1111,3x(1987:1986)diag
5962,17769741,0,4388203,8884870,0.2469,"AGL(1,2963)xF2999:C1499"
5963,17775703,0,703891,8887851,0.0396,"F1217+(2q+1=1187)+(6q+1=3559),q=593"
5964,17781666,0,4388203,8890833,0.2468,"AGL(1,3001)xF2963:C1481"
5965,17787630,0,3555140,8893815,0.1999,5x(1193:1192)diag+rot
5966,17793595,0,2390391,8896797,0.1343,"AGL(1,2187)xF3779:C1889"
5967,17799561,0,2096128,8899780,0.1178,"AGL(1,2048)xF3919:C653"
5968,17805528,0,4405996,8902764,0.2475,"AGL(1,2969)xF2999:C1499"
5969,17811496,0,703891,8905748,0.0395,"F1223+(2q+1=1187)+(6q+1=3559),q=593"
5970,17817465,0,4411935,8908732,0.2476,"AGL(1,2971)xF2999:C1499"
5971,17823435,0,2543646,8911717,0.1427,7x(853:852)diag+rot
5972,17829406,0,2106378,8914703,0.1181,"AGL(1,2053)xF3919:C653"
5973,17835378,0,482653,8917689,0.0271,"F1061+(2q+1=983)+(8q+1=3929),q=491"
5974,17841351,0,4388203,8920675,0.2460,"AGL(1,3011)xF2963:C1481"
5975,17847325,0,703891,8923662,0.0394,"F1229+(2q+1=1187)+(6q+1=3559),q=593"
5976,17853300,0,4358628,8926650,0.2441,"AGL(1,2953)xF3023:C1511"
5977,17859276,0,1929139,8929638,0.1080,"AGL(1,2048)xF3929:C491"
5978,17865253,0,2269515,8932626,0.1270,"AGL(1,2131)xF3847:C641"
5979,17871231,0,1985028,8935615,0.1111,3x(1993:1992)diag
5980,17877210,0,4370446,8938605,0.2445,"AGL(1,2957)xF3023:C1511"
5981,17883190,1,17883190,17883190,1.0000,"AGL(1,5981) [exact]"
5982,17889171,0,4388203,8944585,0.2453,"AGL(1,3019)xF2963:C1481"
5983,17895153,0,703891,8947576,0.0393,"F1237+(2q+1=1187)+(6q+1=3559),q=593"
5984,17901136,0,2282316,8950568,0.1275,"AGL(1,2137)xF3847:C641"
5985,17907120,0,327791,8953560,0.0183,"F1277+(10q+1=1811)+(16q+1=2897),q=181"
5986,17913105,0,4388203,8956552,0.2450,"AGL(1,2963)xF3023:C1511"
5987,17919091,1,17919091,17919091,1.0000,"AGL(1,5987) [exact]"
5988,17925078,0,4142881,8962539,0.2311,"AGL(1,3109)xF2879:C1439"
5989,17931066,0,636756,8965533,0.0355,"F1129+(6q+1=2083)+(8q+1=2777),q=347"
5990,17937055,0,2390391,8968527,0.1333,"AGL(1,2187)xF3803:C1901"
5991,17943045,0,5979018,8971522,0.3332,3x(1997:1996)diag+rot
5992,17949036,0,4405996,8974518,0.2455,"AGL(1,2969)xF3023:C1511"
5993,17955028,0,1378390,8977514,0.0768,13x(461:460)diag+rot
5994,17961021,0,4411935,8980510,0.2456,"AGL(1,2971)xF3023:C1511"
5995,17967015,0,2096128,8983507,0.1167,"AGL(1,2048)xF3947:C1973"
5996,17973010,0,2167807,8986505,0.1206,"AGL(1,2389)xF3607:C601"
5997,17979006,0,1997001,8989503,0.1111,3x(1999:1998)diag
5998,17985003,0,8991002,8992501,0.4999,2x(2999:1499)diag+rot
5999,17991001,0,2567572,8995500,0.1427,7x(857:856)diag+rot
6000,17997000,0,4495501,8998500,0.2498,"AGL(1,3001)xF2999:C1499"
6001,18003000,0,1056176,9001500,0.0587,17x(353:352)diag+rot
6002,18009001,0,4501500,9004500,0.2500,2x(3001:3000)diag
6003,18015003,0,1817371,9007501,0.1009,"AGL(1,4096)xF1907:C953"
6004,18021006,0,4388203,9010503,0.2435,"AGL(1,3041)xF2963:C1481"
6005,18027010,0,720600,9013505,0.0400,5x(1201:1200)diag
6006,18033015,0,4165941,9016507,0.2310,"AGL(1,2887)xF3119:C1559"
6007,18039021,1,18039021,18039021,1.0000,"AGL(1,6007) [exact]"
6008,18045028,0,2333880,9022514,0.1293,"AGL(1,2161)xF3847:C641"
6009,18051036,0,6015009,9025518,0.3332,3x(2003:2002)diag+rot
6010,18057045,0,4495501,9028522,0.2490,"AGL(1,3011)xF2999:C1499"
6011,18063055,1,18063055,18063055,1.0000,"AGL(1,6011) [exact]"
6012,18069066,0,4388203,9034533,0.2429,"AGL(1,3049)xF2963:C1481"
6013,18075078,0,2579577,9037539,0.1427,7x(859:858)diag+rot
6014,18081091,0,2211301,9040545,0.1223,"AGL(1,2371)xF3643:C607"
6015,18087105,0,2096128,9043552,0.1159,"AGL(1,2048)xF3967:C661"
6016,18093120,0,4194856,9046560,0.2318,"AGL(1,2897)xF3119:C1559"
6017,18099136,0,1642641,9049568,0.0908,11x(547:546)diag+rot
6018,18105153,0,4495501,9052576,0.2483,"AGL(1,3019)xF2999:C1499"
6019,18111171,0,1390389,9055585,0.0768,13x(463:462)diag+rot
6020,18117190,0,2211301,9058595,0.1221,"AGL(1,2377)xF3643:C607"
6021,18123210,0,482653,9061605,0.0266,"F1109+(2q+1=983)+(8q+1=3929),q=491"
6022,18129231,0,9063110,9064615,0.4999,2x(3011:1505)diag+rot
6023,18135253,0,951634,9067626,0.0525,19x(317:316)diag+rot
6024,18141276,0,4501500,9070638,0.2481,"AGL(1,3001)xF3023:C1511"
6025,18147300,0,703891,9073650,0.0388,"F1279+(2q+1=1187)+(6q+1=3559),q=593"
6026,18153325,0,2372931,9076662,0.1307,"AGL(1,2179)xF3847:C641"
6027,18159351,0,372683,9079675,0.0205,"AGL(1,4096)xF1931:C193"
6028,18165378,0,4229686,9082689,0.2328,"AGL(1,2909)xF3119:C1559"
6029,18171406,1,18171406,18171406,1.0000,"AGL(1,6029) [exact]"
6030,18177435,0,4388203,9088717,0.2414,"AGL(1,3067)xF2963:C1481"
6031,18183465,0,685035,9091732,0.0377,"F1171+(6q+1=2083)+(8q+1=2777),q=347"
6032,18189496,0,2231328,9094748,0.1227,"AGL(1,2113)xF3919:C653"
6033,18195528,0,2021055,9097764,0.1111,3x(2011:2010)diag
6034,18201561,0,4531555,9100780,0.2490,"AGL(1,3011)xF3023:C1511"
6035,18207595,0,703891,9103797,0.0387,"F1289+(2q+1=1187)+(6q+1=3559),q=593"
6036,18213630,0,4495501,9106815,0.2468,"AGL(1,3037)xF2999:C1499"
6037,18219666,1,18219666,18219666,1.0000,"AGL(1,6037) [exact]"
6038,18225703,0,9111342,9112851,0.4999,2x(3019:1509)diag+rot
6039,18231741,0,447931,9115870,0.0246,"F947+(2q+1=1019)+(8q+1=4073),q=509"
6040,18237780,0,4495501,9118890,0.2465,"AGL(1,3041)xF2999:C1499"
6041,18243820,0,2603671,9121910,0.1427,7x(863:862)diag+rot
6042,18249861,0,4555671,9124930,0.2496,"AGL(1,3019)xF3023:C1511"
6043,18255903,1,18255903,18255903,1.0000,"AGL(1,6043) [exact]"
6044,18261946,0,2412306,9130973,0.1321,"AGL(1,2197)xF3847:C641"
6045,18267990,0,949163,9133995,0.0520,"AGL(1,4096)xF1949:C487"
6046,18274035,0,9135506,9137017,0.4999,2x(3023:1511)diag+rot
6047,18280081,1,18280081,18280081,1.0000,"AGL(1,6047) [exact]"
6048,18286128,0,4495501,9143064,0.2458,"AGL(1,3049)xF2999:C1499"
6049,18292176,0,792419,9146088,0.0433,23x(263:262)diag+rot
6050,18298225,0,2425503,9149112,0.1326,"AGL(1,2203)xF3847:C641"
6051,18304275,0,2033136,9152137,0.1111,3x(2017:2016)diag
6052,18310326,0,4388203,9155163,0.2397,"AGL(1,3089)xF2963:C1481"
6053,18316378,1,18316378,18316378,1.0000,"AGL(1,6053) [exact]"
6054,18322431,0,4165941,9161215,0.2274,"AGL(1,2887)xF3167:C1583"
6055,18328485,0,2096128,9164242,0.1144,"AGL(1,2048)xF4007:C2003"
6056,18334540,0,2438736,9167270,0.1330,"AGL(1,2209)xF3847:C641"
6057,18340596,0,325967,9170298,0.0178,"F1861+(6q+1=1399)+(12q+1=2797),q=233"
6058,18346653,0,4317391,9173326,0.2353,"AGL(1,2939)xF3119:C1559"
6059,18352711,0,467061,9176355,0.0254,"F967+(2q+1=1019)+(8q+1=4073),q=509"
6060,18358770,0,4567753,9179385,0.2488,"AGL(1,3037)xF3023:C1511"
6061,18364830,0,720600,9182415,0.0392,"F1201+(6q+1=2083)+(8q+1=2777),q=347"
6062,18370891,0,2295153,9185445,0.1249,"AGL(1,2143)xF3919:C653"
6063,18376953,0,523776,9188476,0.0285,"AGL(1,1024)xF5039:C229"
6064,18383016,0,4567753,9191508,0.2485,"AGL(1,3041)xF3023:C1511"
6065,18389080,0,3675390,9194540,0.1999,5x(1213:1212)diag+rot
6066,18395145,0,4495501,9197572,0.2444,"AGL(1,3067)xF2999:C1499"
6067,18401211,1,18401211,18401211,1.0000,"AGL(1,6067) [exact]"
6068,18407278,0,2465310,9203639,0.1339,"AGL(1,2221)xF3847:C641"
6069,18413346,0,476776,9206673,0.0259,"F977+(2q+1=1019)+(8q+1=4073),q=509"
6070,18419415,0,4212253,9209707,0.2287,"AGL(1,2903)xF3167:C1583"
6071,18425485,0,1414543,9212742,0.0768,13x(467:466)diag+rot
6072,18431556,0,4567753,9215778,0.2478,"AGL(1,3049)xF3023:C1511"
6073,18437628,1,18437628,18437628,1.0000,"AGL(1,6073) [exact]"
6074,18443701,0,4610166,9221850,0.2500,2x(3037:3036)diag
6075,18449775,0,510151,9224887,0.0277,"AGL(1,1024)xF5051:C101"
6076,18455850,0,4370446,9227925,0.2368,"AGL(1,2957)xF3119:C1559"
6077,18461926,0,722801,9230963,0.0392,"F1217+(6q+1=2083)+(8q+1=2777),q=347"
6078,18468003,0,4495501,9234001,0.2434,"AGL(1,3079)xF2999:C1499"
6079,18474081,1,18474081,18474081,1.0000,"AGL(1,6079) [exact]"
6080,18480160,0,2333880,9240080,0.1263,"AGL(1,2161)xF3919:C653"
6081,18486240,0,6160053,9243120,0.3332,3x(2027:2026)diag+rot
6082,18492321,0,4622320,9246160,0.2500,2x(3041:3040)diag
6083,18498403,0,722801,9249201,0.0391,"F1223+(6q+1=2083)+(8q+1=2777),q=347"
6084,18504486,0,4567753,9252243,0.2468,"AGL(1,3061)xF3023:C1511"
6085,18510570,0,3699680,9255285,0.1999,5x(1217:1216)diag+rot
6086,18516655,0,2465927,9258327,0.1332,"AGL(1,2239)xF3847:C641"
6087,18522741,0,2057406,9261370,0.1111,3x(2029:2028)diag
6088,18528828,0,4495501,9264414,0.2426,"AGL(1,3089)xF2999:C1499"
6089,18534916,1,18534916,18534916,1.0000,"AGL(1,6089) [exact]"
6090,18541005,0,4567753,9270502,0.2464,"AGL(1,3067)xF3023:C1511"
6091,18547095,1,18547095,18547095,1.0000,"AGL(1,6091) [exact]"
6092,18553186,0,1985028,9276593,0.1070,"AGL(1,1993)xF4099:C683"
6093,18559278,0,996503,9279639,0.0537,"AGL(1,4096)xF1997:C499"
6094,18565371,0,4282201,9282685,0.2307,"AGL(1,2927)xF3167:C1583"
6095,18571465,0,392941,9285732,0.0212,"F2549+(2q+1=887)+(6q+1=2659),q=443"
6096,18577560,0,4142881,9288780,0.2230,"AGL(1,3217)xF2879:C1439"
6097,18583656,0,722801,9291828,0.0389,"F1237+(6q+1=2083)+(8q+1=2777),q=347"
6098,18589753,0,4646676,9294876,0.2500,2x(3049:3048)diag
6099,18595851,0,482653,9297925,0.0260,"F1187+(2q+1=983)+(8q+1=3929),q=491"
6100,18601950,0,4388203,9300975,0.2359,"AGL(1,3137)xF2963:C1481"
6101,18608050,1,18608050,18608050,1.0000,"AGL(1,6101) [exact]"
6102,18614151,0,4567753,9307075,0.2454,"AGL(1,3079)xF3023:C1511"
6103,18620253,0,1092437,9310126,0.0587,17x(359:358)diag+rot
6104,18626356,0,2282316,9313178,0.1225,"AGL(1,2137)xF3967:C661"
6105,18632460,0,685633,9316230,0.0368,"AGL(1,2048)xF4057:C169"
6106,18638565,0,4567753,9319282,0.2451,"AGL(1,3083)xF3023:C1511"
6107,18644671,0,703891,9322335,0.0378,"F1361+(2q+1=1187)+(6q+1=3559),q=593"
6108,18650778,0,4495501,9325389,0.2410,"AGL(1,3109)xF2999:C1499"
6109,18656886,0,722801,9328443,0.0387,"F1249+(6q+1=2083)+(8q+1=2777),q=347"
6110,18662995,0,2295153,9331497,0.1230,"AGL(1,2143)xF3967:C661"
6111,18669105,0,523776,9334552,0.0281,"AGL(1,1024)xF5087:C2543"
6112,18675216,0,4567753,9337608,0.2446,"AGL(1,3089)xF3023:C1511"
6113,18681328,1,18681328,18681328,1.0000,"AGL(1,6113) [exact]"
6114,18687441,0,3501981,9343720,0.1874,"AGL(1,2647)xF3467:C1733"
6115,18693555,0,3736265,9346777,0.1999,5x(1223:1222)diag+rot
6116,18699670,0,2465927,9349835,0.1319,"AGL(1,2269)xF3847:C641"
6117,18705786,0,6233223,9352893,0.3332,3x(2039:2038)diag+rot
6118,18711903,0,4495501,9355951,0.2402,"AGL(1,2999)xF3119:C1559"
6119,18718021,0,722801,9359010,0.0386,"F1259+(6q+1=2083)+(8q+1=2777),q=347"
6120,18724140,0,4501500,9362070,0.2404,"AGL(1,3001)xF3119:C1559"
6121,18730260,1,18730260,18730260,1.0000,"AGL(1,6121) [exact]"
6122,18736381,0,4683330,9368190,0.2500,2x(3061:3060)diag
6123,18742503,0,2053351,9371251,0.1096,"AGL(1,4096)xF2027:C1013"
6124,18748626,0,4495501,9374313,0.2398,"AGL(1,3125)xF2999:C1499"
6125,18754750,0,556889,9377375,0.0297,"F2393+(4q+1=1493)+(6q+1=2239),q=373"
6126,18760875,0,4388203,9380437,0.2339,"AGL(1,3163)xF2963:C1481"
6127,18767001,0,2096128,9383500,0.1117,"AGL(1,2048)xF4079:C2039"
6128,18773128,0,2465927,9386564,0.1314,"AGL(1,2281)xF3847:C641"
6129,18779256,0,482653,9389628,0.0257,"F1217+(2q+1=983)+(8q+1=3929),q=491"
6130,18785385,0,4531555,9392692,0.2412,"AGL(1,3011)xF3119:C1559"
6131,18791515,1,18791515,18791515,1.0000,"AGL(1,6131) [exact]"
6132,18797646,0,4567753,9398823,0.2430,"AGL(1,3109)xF3023:C1511"
6133,18803778,1,18803778,18803778,1.0000,"AGL(1,6133) [exact]"
6134,18809911,0,9403422,9404955,0.4999,2x(3067:1533)diag+rot
6135,18816045,0,2077741,9408022,0.1104,"AGL(1,4096)xF2039:C1019"
6136,18822180,0,4495501,9411090,0.2388,"AGL(1,3137)xF2999:C1499"
6137,18828316,0,1104660,9414158,0.0587,17x(361:360)diag+rot
6138,18834453,0,4555671,9417226,0.2419,"AGL(1,3019)xF3119:C1559"
6139,18840591,0,2688882,9420295,0.1427,7x(877:876)diag+rot
6140,18846730,0,2465927,9423365,0.1308,"AGL(1,2293)xF3847:C641"
6141,18852870,0,518671,9426435,0.0275,"F1049+(2q+1=1019)+(8q+1=4073),q=509"
6142,18859011,0,4567753,9429505,0.2422,"AGL(1,3023)xF3119:C1559"
6143,18865153,1,18865153,18865153,1.0000,"AGL(1,6143) [exact]"
6144,18871296,0,6288384,9435648,0.3332,3x(2048:2047)diag+rot
6145,18877440,0,3773030,9438720,0.1999,5x(1229:1228)diag+rot
6146,18883585,0,2372931,9441792,0.1257,"AGL(1,2179)xF3967:C661"
6147,18889731,0,2096128,9444865,0.1110,"AGL(1,2048)xF4099:C683"
6148,18895878,0,4567753,9447939,0.2417,"AGL(1,3125)xF3023:C1511"
6149,18902026,0,722801,9451013,0.0382,"F1289+(6q+1=2083)+(8q+1=2777),q=347"
6150,18908175,0,4388203,9454087,0.2321,"AGL(1,3187)xF2963:C1481"
6151,18914325,1,18914325,18914325,1.0000,"AGL(1,6151) [exact]"
6152,18920476,0,2110487,9460238,0.1115,"AGL(1,2593)xF3559:C593"
6153,18926628,0,518671,9463314,0.0274,"F1061+(2q+1=1019)+(8q+1=4073),q=509"
6154,18932781,0,4388203,9466390,0.2318,"AGL(1,3191)xF2963:C1481"
6155,18938935,0,757065,9469467,0.0400,5x(1231:1230)diag
6156,18945090,0,4610166,9472545,0.2433,"AGL(1,3037)xF3119:C1559"
6157,18951246,0,722801,9475623,0.0381,"F1297+(6q+1=2083)+(8q+1=2777),q=347"
6158,18957403,0,9477162,9478701,0.4999,2x(3079:1539)diag+rot
6159,18963561,0,2126953,9481780,0.1122,"AGL(1,4096)xF2063:C1031"
6160,18969720,0,4622320,9484860,0.2437,"AGL(1,3041)xF3119:C1559"
6161,18975880,0,722801,9487940,0.0381,"F1301+(6q+1=2083)+(8q+1=2777),q=347"
6162,18982041,0,4495501,9491020,0.2368,"AGL(1,3163)xF2999:C1499"
6163,18988203,1,18988203,18988203,1.0000,"AGL(1,6163) [exact]"
6164,18994366,0,2412306,9497183,0.1270,"AGL(1,2197)xF3967:C661"
6165,19000530,0,290449,9500265,0.0153,"F829+(18q+1=2287)+(24q+1=3049),q=127"
6166,19006695,0,9501806,9503347,0.4999,2x(3083:1541)diag+rot
6167,19012861,0,2713480,9506430,0.1427,7x(881:880)diag+rot
6168,19019028,0,4646676,9509514,0.2443,"AGL(1,3049)xF3119:C1559"
6169,19025196,0,703891,9512598,0.0370,"F1423+(2q+1=1187)+(6q+1=3559),q=593"
6170,19031365,0,2532375,9515682,0.1331,"AGL(1,2251)xF3919:C653"
6171,19037535,0,482653,9518767,0.0254,"F1259+(2q+1=983)+(8q+1=3929),q=491"
6172,19043706,0,4405996,9521853,0.2314,"AGL(1,2969)xF3203:C1601"
6173,19049878,1,19049878,19049878,1.0000,"AGL(1,6173) [exact]"
6174,19056051,0,4411935,9528025,0.2315,"AGL(1,2971)xF3203:C1601"
6175,19062225,0,2096128,9531112,0.1100,"AGL(1,2048)xF4127:C2063"
6176,19068400,0,2438736,9534200,0.1279,"AGL(1,2209)xF3967:C661"
6177,19074576,0,440917,9537288,0.0231,"F1297+(6q+1=1627)+(12q+1=3253),q=271"
6178,19080753,0,4769416,9540376,0.2500,2x(3089:3088)diag
6179,19086931,0,722801,9543465,0.0379,"AGL(1,4096)xF2083:C347"
6180,19093110,0,4683330,9546555,0.2453,"AGL(1,3061)xF3119:C1559"
6181,19099290,0,2096128,9549645,0.1097,"AGL(1,2048)xF4133:C1033"
6182,19105471,0,2211301,9552735,0.1157,"AGL(1,2539)xF3643:C607"
6183,19111653,0,518671,9555826,0.0271,"F1091+(2q+1=1019)+(8q+1=4073),q=509"
6184,19117836,0,4388203,9558918,0.2295,"AGL(1,3221)xF2963:C1481"
6185,19124020,0,3822330,9562010,0.1999,5x(1237:1236)diag+rot
6186,19130205,0,4701711,9565102,0.2458,"AGL(1,3067)xF3119:C1559"
6187,19136391,0,2096128,9568195,0.1095,"AGL(1,2048)xF4139:C2069"
6188,19142578,0,2559107,9571289,0.1337,"AGL(1,2269)xF3919:C653"
6189,19148766,0,6380859,9574383,0.3332,3x(2063:2062)diag+rot
6190,19154955,0,4567753,9577477,0.2385,"AGL(1,3023)xF3167:C1583"
6191,19161145,0,722801,9580572,0.0377,"F1331+(6q+1=2083)+(8q+1=2777),q=347"
6192,19167336,0,4567753,9583668,0.2383,"AGL(1,3169)xF3023:C1511"
6193,19173528,0,1740233,9586764,0.0908,11x(563:562)diag+rot
6194,19179721,0,2465927,9589860,0.1286,"AGL(1,2347)xF3847:C641"
6195,19185915,0,2201851,9592957,0.1148,"AGL(1,4096)xF2099:C1049"
6196,19192110,0,3722356,9596055,0.1940,"AGL(1,2729)xF3467:C1733"
6197,19198306,1,19198306,19198306,1.0000,"AGL(1,6197) [exact]"
6198,19204503,0,4738581,9602251,0.2467,"AGL(1,3079)xF3119:C1559"
6199,19210701,1,19210701,19210701,1.0000,"AGL(1,6199) [exact]"
6200,19216900,0,2559107,9608450,0.1332,"AGL(1,2281)xF3919:C653"
6201,19223100,0,718469,9611550,0.0374,"AGL(1,2048)xF4153:C173"
6202,19229301,0,4750903,9614650,0.2471,"AGL(1,3083)xF3119:C1559"
6203,19235503,1,19235503,19235503,1.0000,"AGL(1,6203) [exact]"
6204,19241706,0,4610166,9620853,0.2396,"AGL(1,3037)xF3167:C1583"
6205,19247910,0,2096128,9623955,0.1089,"AGL(1,2048)xF4157:C1039"
6206,19254115,0,2559107,9627057,0.1329,"AGL(1,2287)xF3919:C653"
6207,19260321,0,6418038,9630160,0.3332,3x(2069:2068)diag+rot
6208,19266528,0,4769416,9633264,0.2475,"AGL(1,3089)xF3119:C1559"
6209,19272736,0,2750587,9636368,0.1427,7x(887:886)diag+rot
6210,19278945,0,4567753,9639472,0.2369,"AGL(1,3187)xF3023:C1511"
6211,19285155,1,19285155,19285155,1.0000,"AGL(1,6211) [exact]"
6212,19291366,0,2559107,9645683,0.1327,"AGL(1,2293)xF3919:C653"
6213,19297578,0,523776,9648789,0.0271,"AGL(1,1024)xF5189:C1297"
6214,19303791,0,4567753,9651895,0.2366,"AGL(1,3191)xF3023:C1511"
6215,19310005,0,518671,9655002,0.0269,"F1123+(2q+1=1019)+(8q+1=4073),q=509"
6216,19316220,0,4646676,9658110,0.2406,"AGL(1,3049)xF3167:C1583"
6217,19322436,1,19322436,19322436,1.0000,"AGL(1,6217) [exact]"
6218,19328653,0,4831386,9664326,0.2500,2x(3109:3108)diag
6219,19334871,0,482653,9667435,0.0250,"F1307+(2q+1=983)+(8q+1=3929),q=491"
6220,19341090,0,4495501,9670545,0.2324,"AGL(1,3221)xF2999:C1499"
6221,19347310,1,19347310,19347310,1.0000,"AGL(1,6221) [exact]"
6222,19353531,0,4555671,9676765,0.2354,"AGL(1,3019)xF3203:C1601"
6223,19359753,0,596778,9679876,0.0308,"F1093+(2q+1=1283)+(6q+1=3847),q=641"
6224,19365976,0,2465927,9682988,0.1273,"AGL(1,2377)xF3847:C641"
6225,19372200,0,371953,9686100,0.0192,"F1913+(2q+1=863)+(8q+1=3449),q=431"
6226,19378425,0,4567753,9689212,0.2357,"AGL(1,3023)xF3203:C1601"
6227,19384651,0,1488253,9692325,0.0768,13x(479:478)diag+rot
6228,19390878,0,4831386,9695439,0.2492,"AGL(1,3109)xF3119:C1559"
6229,19397106,1,19397106,19397106,1.0000,"AGL(1,6229) [exact]"
6230,19403335,0,2559107,9701667,0.1319,"AGL(1,2311)xF3919:C653"
6231,19409565,0,482653,9704782,0.0249,"F1319+(2q+1=983)+(8q+1=3929),q=491"
6232,19415796,0,4567753,9707898,0.2353,"AGL(1,3209)xF3023:C1511"
6233,19422028,0,841455,9711014,0.0433,23x(271:270)diag+rot
6234,19428261,0,4701711,9714130,0.2420,"AGL(1,3067)xF3167:C1583"
6235,19434495,0,703891,9717247,0.0362,"F1489+(2q+1=1187)+(6q+1=3559),q=593"
6236,19440730,0,2573046,9720365,0.1324,"AGL(1,2269)xF3967:C661"
6237,19446966,0,461280,9723483,0.0237,"F961+(6q+1=1759)+(12q+1=3517),q=293"
6238,19453203,0,9725042,9726601,0.4999,2x(3119:1559)diag+rot
6239,19459441,0,1141737,9729720,0.0587,17x(367:366)diag+rot
6240,19465680,0,4862521,9732840,0.2498,"AGL(1,3121)xF3119:C1559"
6241,19471920,1,19471920,19471920,1.0000,"AGL(1,6241) [exact]"
6242,19478161,0,4868760,9739080,0.2500,2x(3121:3120)diag
6243,19484403,0,6492720,9742201,0.3332,3x(2081:2080)diag+rot
6244,19490646,0,4862521,9745323,0.2495,"AGL(1,3125)xF3119:C1559"
6245,19496890,0,3896880,9748445,0.1999,5x(1249:1248)diag+rot
6246,19503135,0,4738581,9751567,0.2430,"AGL(1,3079)xF3167:C1583"
6247,19509381,1,19509381,19509381,1.0000,"AGL(1,6247) [exact]"
6248,19515628,0,2600340,9757814,0.1332,"AGL(1,2281)xF3967:C661"
6249,19521876,0,2168403,9760938,0.1111,3x(2083:2082)diag
6250,19528125,0,4881250,9764062,0.2500,2x(3125:3124)diag
6251,19534375,0,457207,9767187,0.0234,"F991+(8q+1=1913)+(14q+1=3347),q=239"
6252,19540626,0,4646676,9770313,0.2378,"AGL(1,3049)xF3203:C1601"
6253,19546878,0,630003,9773439,0.0322,"F1123+(2q+1=1283)+(6q+1=3847),q=641"
6254,19553131,0,2614041,9776565,0.1337,"AGL(1,2287)xF3967:C661"
6255,19559385,0,523776,9779692,0.0268,"AGL(1,1024)xF5231:C523"
6256,19565640,0,4862521,9782820,0.2485,"AGL(1,3137)xF3119:C1559"
6257,19571896,1,19571896,19571896,1.0000,"AGL(1,6257) [exact]"
6258,19578153,0,4495501,9789076,0.2296,"AGL(1,3259)xF2999:C1499"
6259,19584411,0,1777556,9792205,0.0908,11x(569:568)diag+rot
6260,19590670,0,2622187,9795335,0.1338,"AGL(1,2293)xF3967:C661"
6261,19596930,0,6530223,9798465,0.3332,3x(2087:2086)diag+rot
6262,19603191,0,4388203,9801595,0.2239,"AGL(1,3299)xF2963:C1481"
6263,19609453,1,19609453,19609453,1.0000,"AGL(1,6263) [exact]"
6264,19615716,0,4683330,9807858,0.2388,"AGL(1,3061)xF3203:C1601"
6265,19621980,0,539241,9810990,0.0275,"F1039+(2q+1=1307)+(6q+1=3919),q=653"
6266,19628245,0,2559107,9814122,0.1304,"AGL(1,2347)xF3919:C653"
6267,19634511,0,2180916,9817255,0.1111,3x(2089:2088)diag
6268,19640778,0,4142881,9820389,0.2109,"AGL(1,3389)xF2879:C1439"
6269,19647046,1,19647046,19647046,1.0000,"AGL(1,6269) [exact]"
6270,19653315,0,4701711,9826657,0.2392,"AGL(1,3067)xF3203:C1601"
6271,19659585,1,19659585,19659585,1.0000,"AGL(1,6271) [exact]"
6272,19665856,0,2110487,9832928,0.1073,"AGL(1,2713)xF3559:C593"
6273,19672128,0,518671,9836064,0.0264,"F1181+(2q+1=1019)+(8q+1=4073),q=509"
6274,19678401,0,4918816,9839200,0.2500,2x(3137:3136)diag
6275,19684675,0,556889,9842337,0.0283,"F2543+(4q+1=1493)+(6q+1=2239),q=373"
6276,19690950,0,4831386,9845475,0.2454,"AGL(1,3109)xF3167:C1583"
6277,19697226,1,19697226,19697226,1.0000,"AGL(1,6277) [exact]"
6278,19703503,0,2622187,9851751,0.1331,"AGL(1,2311)xF3967:C661"
6279,19709781,0,518671,9854890,0.0263,"F1187+(2q+1=1019)+(8q+1=4073),q=509"
6280,19716060,0,4567753,9858030,0.2317,"AGL(1,3257)xF3023:C1511"
6281,19722340,0,1790085,9861170,0.0908,11x(571:570)diag+rot
6282,19728621,0,4862521,9864310,0.2465,"AGL(1,3163)xF3119:C1559"
6283,19734903,0,722801,9867451,0.0366,"F1423+(6q+1=2083)+(8q+1=2777),q=347"
6284,19741186,0,2465927,9870593,0.1249,"AGL(1,2437)xF3847:C641"
6285,19747470,0,523776,9873735,0.0265,"AGL(1,1024)xF5261:C263"
6286,19753755,0,4862521,9876877,0.2462,"AGL(1,3119)xF3167:C1583"
6287,19760041,1,19760041,19760041,1.0000,"AGL(1,6287) [exact]"
6288,19766328,0,4868760,9883164,0.2463,"AGL(1,3121)xF3167:C1583"
6289,19772616,0,1037685,9886308,0.0525,19x(331:330)diag+rot
6290,19778905,0,2559107,9889452,0.1294,"AGL(1,2371)xF3919:C653"
6291,19785195,0,457207,9892597,0.0231,"F1031+(8q+1=1913)+(14q+1=3347),q=239"
6292,19791486,0,4881250,9895743,0.2466,"AGL(1,3125)xF3167:C1583"
6293,19797778,0,722801,9898889,0.0365,"F1433+(6q+1=2083)+(8q+1=2777),q=347"
6294,19804071,0,4567753,9902035,0.2306,"AGL(1,3271)xF3023:C1511"
6295,19810365,0,3959555,9905182,0.1999,5x(1259:1258)diag+rot
6296,19816660,0,2559107,9908330,0.1291,"AGL(1,2377)xF3919:C653"
6297,19822956,0,6605553,9911478,0.3332,3x(2099:2098)diag+rot
6298,19829253,0,4495501,9914626,0.2267,"AGL(1,3299)xF2999:C1499"
6299,19835551,1,19835551,19835551,1.0000,"AGL(1,6299) [exact]"
6300,19841850,0,4862521,9920925,0.2451,"AGL(1,3181)xF3119:C1559"
6301,19848150,1,19848150,19848150,1.0000,"AGL(1,6301) [exact]"
6302,19854451,0,2559107,9927225,0.1289,"AGL(1,2383)xF3919:C653"
6303,19860753,0,2434321,9930376,0.1226,"AGL(1,4096)xF2207:C1103"
6304,19867056,0,4918816,9933528,0.2476,"AGL(1,3137)xF3167:C1583"
6305,19873360,0,703891,9936680,0.0354,"F1559+(2q+1=1187)+(6q+1=3559),q=593"
6306,19879665,0,4862521,9939832,0.2446,"AGL(1,3187)xF3119:C1559"
6307,19885971,0,2096128,9942985,0.1054,"AGL(1,2048)xF4259:C2129"
6308,19892278,0,2622187,9946139,0.1318,"AGL(1,2341)xF3967:C661"
6309,19898586,0,518671,9949293,0.0261,"F1217+(2q+1=1019)+(8q+1=4073),q=509"
6310,19904895,0,4862521,9952447,0.2443,"AGL(1,3191)xF3119:C1559"
6311,19911205,1,19911205,19911205,1.0000,"AGL(1,6311) [exact]"
6312,19917516,0,4831386,9958758,0.2426,"AGL(1,3109)xF3203:C1601"
6313,19923828,0,722801,9961914,0.0363,"F1453+(6q+1=2083)+(8q+1=2777),q=347"
6314,19930141,0,2622187,9965070,0.1316,"AGL(1,2347)xF3967:C661"
6315,19936455,0,518671,9968227,0.0260,"F1223+(2q+1=1019)+(8q+1=4073),q=509"
6316,19942770,0,4212253,9971385,0.2112,"AGL(1,3413)xF2903:C1451"
6317,19949086,1,19949086,19949086,1.0000,"AGL(1,6317) [exact]"
6318,19955403,0,4495501,9977701,0.2253,"AGL(1,3319)xF2999:C1499"
6319,19961721,0,722801,9980860,0.0362,"F1459+(6q+1=2083)+(8q+1=2777),q=347"
6320,19968040,0,2559107,9984020,0.1282,"AGL(1,2401)xF3919:C653"
6321,19974360,0,523776,9987180,0.0262,"AGL(1,1024)xF5297:C331"
6322,19980681,0,4862521,9990340,0.2434,"AGL(1,3119)xF3203:C1601"
6323,19987003,1,19987003,19987003,1.0000,"AGL(1,6323) [exact]"
6324,19993326,0,4868760,9996663,0.2435,"AGL(1,3121)xF3203:C1601"
6325,19999650,0,703891,9999825,0.0352,"F1579+(2q+1=1187)+(6q+1=3559),q=593"
6326,20005975,0,10001406,10002987,0.4999,2x(3163:1581)diag+rot
6327,20012301,0,523776,10006150,0.0262,"AGL(1,1024)xF5303:C241"
6328,20018628,0,4881250,10009314,0.2438,"AGL(1,3125)xF3203:C1601"
6329,20024956,1,20024956,20024956,1.0000,"AGL(1,6329) [exact]"
6330,20031285,0,5000703,10015642,0.2496,"AGL(1,3163)xF3167:C1583"
6331,20037615,0,2096128,10018807,0.1046,"AGL(1,2048)xF4283:C2141"
6332,20043946,0,2211301,10021973,0.1103,"AGL(1,2689)xF3643:C607"
6333,20050278,0,6681315,10025139,0.3332,3x(2111:2110)diag+rot
6334,20056611,0,10026722,10028305,0.4999,2x(3167:1583)diag+rot
6335,20062945,0,835147,10031472,0.0416,"AGL(1,4096)xF2239:C373"
6336,20069280,0,5013361,10034640,0.2498,"AGL(1,3169)xF3167:C1583"
6337,20075616,1,20075616,20075616,1.0000,"AGL(1,6337) [exact]"
6338,20081953,0,5019696,10040976,0.2500,2x(3169:3168)diag
6339,20088291,0,2231328,10044145,0.1111,3x(2113:2112)diag
6340,20094630,0,4918816,10047315,0.2448,"AGL(1,3137)xF3203:C1601"
6341,20100970,0,1179426,10050485,0.0587,17x(373:372)diag+rot
6342,20107311,0,4567753,10053655,0.2272,"AGL(1,3319)xF3023:C1511"
6343,20113653,1,20113653,20113653,1.0000,"AGL(1,6343) [exact]"
6344,20119996,0,2622187,10059998,0.1303,"AGL(1,2377)xF3967:C661"
6345,20126340,0,769163,10063170,0.0382,"AGL(1,2048)xF4297:C179"
6346,20132685,0,4567753,10066342,0.2269,"AGL(1,3323)xF3023:C1511"
6347,20139031,0,1827936,10069515,0.0908,11x(577:576)diag+rot
6348,20145378,0,5013361,10072689,0.2489,"AGL(1,3181)xF3167:C1583"
6349,20151726,0,2876097,10075863,0.1427,7x(907:906)diag+rot
6350,20158075,0,2622187,10079037,0.1301,"AGL(1,2383)xF3967:C661"
6351,20164425,0,518671,10082212,0.0257,"F1259+(2q+1=1019)+(8q+1=4073),q=509"
6352,20170776,0,4567753,10085388,0.2265,"AGL(1,3329)xF3023:C1511"
6353,20177128,1,20177128,20177128,1.0000,"AGL(1,6353) [exact]"
6354,20183481,0,5013361,10091740,0.2484,"AGL(1,3187)xF3167:C1583"
6355,20189835,0,703891,10094917,0.0349,"F1609+(2q+1=1187)+(6q+1=3559),q=593"
6356,20196190,0,2622187,10098095,0.1298,"AGL(1,2389)xF3967:C661"
6357,20202546,0,457207,10101273,0.0226,"F1097+(8q+1=1913)+(14q+1=3347),q=239"
6358,20208903,0,5013361,10104451,0.2481,"AGL(1,3191)xF3167:C1583"
6359,20215261,1,20215261,20215261,1.0000,"AGL(1,6359) [exact]"
6360,20221620,0,4495501,10110810,0.2223,"AGL(1,3361)xF2999:C1499"
6361,20227980,1,20227980,20227980,1.0000,"AGL(1,6361) [exact]"
6362,20234341,0,5057790,10117170,0.2500,2x(3181:3180)diag
6363,20240703,0,515387,10120351,0.0255,"F1087+(6q+1=1759)+(12q+1=3517),q=293"
6364,20247066,0,4212253,10123533,0.2080,"AGL(1,3461)xF2903:C1451"
6365,20253430,0,703891,10126715,0.0348,"F1619+(2q+1=1187)+(6q+1=3559),q=593"
6366,20259795,0,5000703,10129897,0.2468,"AGL(1,3163)xF3203:C1601"
6367,20266161,1,20266161,20266161,1.0000,"AGL(1,6367) [exact]"
6368,20272528,0,2622187,10136264,0.1293,"AGL(1,2401)xF3967:C661"
6369,20278896,0,518671,10139448,0.0256,"F1277+(2q+1=1019)+(8q+1=4073),q=509"
6370,20285265,0,5013361,10142632,0.2471,"AGL(1,3167)xF3203:C1601"
6371,20291635,0,722801,10145817,0.0356,"F1511+(6q+1=2083)+(8q+1=2777),q=347"
6372,20298006,0,5019696,10149003,0.2473,"AGL(1,3169)xF3203:C1601"
6373,20304378,1,20304378,20304378,1.0000,"AGL(1,6373) [exact]"
6374,20310751,0,10153782,10155375,0.4999,2x(3187:1593)diag+rot
6375,20317125,0,523776,10158562,0.0258,"AGL(1,1024)xF5351:C107"
6376,20323500,0,5013361,10161750,0.2467,"AGL(1,3209)xF3167:C1583"
6377,20329876,0,661825,10164938,0.0326,"F1151+(2q+1=1307)+(6q+1=3919),q=653"
6378,20336253,0,4862521,10168126,0.2391,"AGL(1,3259)xF3119:C1559"
6379,20342631,1,20342631,20342631,1.0000,"AGL(1,6379) [exact]"
6380,20349010,0,2600340,10174505,0.1278,"AGL(1,2281)xF4099:C683"
6381,20355390,0,518671,10177695,0.0255,"F1289+(2q+1=1019)+(8q+1=4073),q=509"
6382,20361771,0,10179290,10180885,0.4999,2x(3191:1595)diag+rot
6383,20368153,0,1563835,10184076,0.0768,13x(491:490)diag+rot
6384,20374536,0,5057790,10187268,0.2482,"AGL(1,3181)xF3203:C1601"
6385,20380920,0,4073630,10190460,0.1999,5x(1277:1276)diag+rot
6386,20387305,0,2614041,10193652,0.1282,"AGL(1,2287)xF4099:C683"
6387,20393691,0,6795768,10196845,0.3332,3x(2129:2128)diag+rot
6388,20400078,0,5013361,10200039,0.2458,"AGL(1,3221)xF3167:C1583"
6389,20406466,1,20406466,20406466,1.0000,"AGL(1,6389) [exact]"
6390,20412855,0,5076891,10206427,0.2487,"AGL(1,3187)xF3203:C1601"
6391,20419245,0,722801,10209622,0.0354,"F1531+(6q+1=2083)+(8q+1=2777),q=347"
6392,20425636,0,2627778,10212818,0.1287,"AGL(1,2293)xF4099:C683"
6393,20432028,0,2269515,10216014,0.1111,3x(2131:2130)diag
6394,20438421,0,5089645,10219210,0.2490,"AGL(1,3191)xF3203:C1601"
6395,20444815,0,4086405,10222407,0.1999,5x(1279:1278)diag+rot
6396,20451210,0,5013361,10225605,0.2451,"AGL(1,3229)xF3167:C1583"
6397,20457606,1,20457606,20457606,1.0000,"AGL(1,6397) [exact]"
6398,20464003,0,2465927,10232001,0.1205,"AGL(1,2551)xF3847:C641"
6399,20470401,0,518671,10235200,0.0253,"F1307+(2q+1=1019)+(8q+1=4073),q=509"
6400,20476800,0,3971971,10238400,0.1940,"AGL(1,3581)xF2819:C1409"
6401,20483200,0,550486,10241600,0.0269,37x(173:172)diag+rot
6402,20489601,0,4212253,10244800,0.2056,"AGL(1,3499)xF2903:C1451"
6403,20496003,0,1075704,10248001,0.0525,19x(337:336)diag+rot
6404,20502406,0,2622187,10251203,0.1279,"AGL(1,2437)xF3967:C661"
6405,20508810,0,1332293,10254405,0.0650,"AGL(1,4096)xF2309:C577"
6406,20515215,0,10256006,10257607,0.4999,2x(3203:1601)diag+rot
6407,20521621,0,814726,10260810,0.0397,"F1277+(2q+1=1283)+(6q+1=3847),q=641"
6408,20528028,0,4142881,10264014,0.2018,"AGL(1,3529)xF2879:C1439"
6409,20534436,0,817281,10267218,0.0398,"F1279+(2q+1=1283)+(6q+1=3847),q=641"
6410,20540845,0,2669205,10270422,0.1299,"AGL(1,2311)xF4099:C683"
6411,20547255,0,2282316,10273627,0.1111,3x(2137:2136)diag
6412,20553666,0,5128003,10276833,0.2495,"AGL(1,3209)xF3203:C1601"
6413,20560078,0,822403,10280039,0.0400,"F1283+(2q+1=1283)+(6q+1=3847),q=641"
6414,20566491,0,4567753,10283245,0.2221,"AGL(1,3391)xF3023:C1511"
6415,20572905,0,4112015,10286452,0.1999,5x(1283:1282)diag+rot
6416,20579320,0,2167807,10289660,0.1053,"AGL(1,2809)xF3607:C601"
6417,20585736,0,523776,10292868,0.0254,"AGL(1,1024)xF5393:C337"
6418,20592153,0,5147236,10296076,0.2500,2x(3209:3208)diag
6419,20598571,0,822403,10299285,0.0399,"F1289+(2q+1=1283)+(6q+1=3847),q=641"
6420,20604990,0,5128003,10302495,0.2489,"AGL(1,3217)xF3203:C1601"
6421,20611410,1,20611410,20611410,1.0000,"AGL(1,6421) [exact]"
6422,20617831,0,2559107,10308915,0.1241,"AGL(1,2503)xF3919:C653"
6423,20624253,0,6872610,10312126,0.3332,3x(2141:2140)diag+rot
6424,20630676,0,5128003,10315338,0.2486,"AGL(1,3221)xF3203:C1601"
6425,20637100,0,556889,10318550,0.0270,"F2693+(4q+1=1493)+(6q+1=2239),q=373"
6426,20643525,0,5013361,10321762,0.2429,"AGL(1,3259)xF3167:C1583"
6427,20649951,1,20649951,20649951,1.0000,"AGL(1,6427) [exact]"
6428,20656378,0,2126493,10328189,0.1029,"AGL(1,3511)xF2917:C729"
6429,20662806,0,2295153,10331403,0.1111,3x(2143:2142)diag
6430,20669235,0,4567753,10334617,0.2210,"AGL(1,3407)xF3023:C1511"
6431,20675665,0,822403,10337832,0.0398,"F1301+(2q+1=1283)+(6q+1=3847),q=641"
6432,20682096,0,5128003,10341048,0.2479,"AGL(1,3229)xF3203:C1601"
6433,20688528,0,2952747,10344264,0.1427,7x(919:918)diag+rot
6434,20694961,0,5172936,10347480,0.2500,2x(3217:3216)diag
6435,20701395,0,482653,10350697,0.0233,"F1523+(2q+1=983)+(8q+1=3929),q=491"
6436,20707830,0,4567753,10353915,0.2206,"AGL(1,3413)xF3023:C1511"
6437,20714266,0,822403,10357133,0.0397,"F1307+(2q+1=1283)+(6q+1=3847),q=641"
6438,20720703,0,5013361,10360351,0.2419,"AGL(1,3271)xF3167:C1583"
6439,20727141,0,1927649,10363570,0.0930,"AGL(1,2048)xF4391:C439"
6440,20733580,0,2738970,10366790,0.1321,"AGL(1,2341)xF4099:C683"
6441,20740020,0,523776,10370010,0.0253,"AGL(1,1024)xF5417:C677"
6442,20746461,0,5185810,10373230,0.2500,2x(3221:3220)diag
6443,20752903,0,1217727,10376451,0.0587,17x(379:378)diag+rot
6444,20759346,0,4388203,10379673,0.2114,"AGL(1,3481)xF2963:C1481"
6445,20765790,0,4150580,10382895,0.1999,5x(1289:1288)diag+rot
6446,20772235,0,2753031,10386117,0.1325,"AGL(1,2347)xF4099:C683"
6447,20778681,0,515387,10389340,0.0248,"F1171+(6q+1=1759)+(12q+1=3517),q=293"
6448,20785128,0,4862521,10392564,0.2339,"AGL(1,3329)xF3119:C1559"
6449,20791576,1,20791576,20791576,1.0000,"AGL(1,6449) [exact]"
6450,20798025,0,4862521,10399012,0.2338,"AGL(1,3331)xF3119:C1559"
6451,20804475,1,20804475,20804475,1.0000,"AGL(1,6451) [exact]"
6452,20810926,0,2211301,10405463,0.1063,"AGL(1,2809)xF3643:C607"
6453,20817378,0,518671,10408689,0.0249,"F1361+(2q+1=1019)+(8q+1=4073),q=509"
6454,20823831,0,5128003,10411915,0.2463,"AGL(1,3251)xF3203:C1601"
6455,20830285,0,832695,10415142,0.0400,5x(1291:1290)diag
6456,20836740,0,5128003,10418370,0.2461,"AGL(1,3253)xF3203:C1601"
6457,20843196,0,1891901,10421598,0.0908,11x(587:586)diag+rot
6458,20849653,0,5211606,10424826,0.2500,2x(3229:3228)diag
6459,20856111,0,6949884,10428055,0.3332,3x(2153:2152)diag+rot
6460,20862570,0,5128003,10431285,0.2458,"AGL(1,3257)xF3203:C1601"
6461,20869030,0,822403,10434515,0.0394,"F1331+(2q+1=1283)+(6q+1=3847),q=641"
6462,20875491,0,5128003,10437745,0.2456,"AGL(1,3259)xF3203:C1601"
6463,20881953,0,904820,10440976,0.0433,23x(281:280)diag+rot
6464,20888416,0,2465927,10444208,0.1181,"AGL(1,2617)xF3847:C641"
6465,20894880,0,518671,10447440,0.0248,"F1373+(2q+1=1019)+(8q+1=4073),q=509"
6466,20901345,0,5013361,10450672,0.2399,"AGL(1,3299)xF3167:C1583"
6467,20907811,0,722801,10453905,0.0346,"F1607+(6q+1=2083)+(8q+1=2777),q=347"
6468,20914278,0,5013361,10457139,0.2397,"AGL(1,3301)xF3167:C1583"
6469,20920746,1,20920746,20920746,1.0000,"AGL(1,6469) [exact]"
6470,20927215,0,2799617,10463607,0.1338,"AGL(1,2371)xF4099:C683"
6471,20933685,0,482653,10466842,0.0231,"F1559+(2q+1=983)+(8q+1=3929),q=491"
6472,20940156,0,4567753,10470078,0.2181,"AGL(1,3449)xF3023:C1511"
6473,20946628,1,20946628,20946628,1.0000,"AGL(1,6473) [exact]"
6474,20953101,0,5128003,10476550,0.2447,"AGL(1,3271)xF3203:C1601"
6475,20959575,0,779376,10479787,0.0372,"F1249+(2q+1=1307)+(6q+1=3919),q=653"
6476,20966050,0,2799617,10483025,0.1335,"AGL(1,2377)xF4099:C683"
6477,20972526,0,515387,10486263,0.0246,"F1201+(6q+1=1759)+(12q+1=3517),q=293"
6478,20979003,0,4862521,10489501,0.2318,"AGL(1,3359)xF3119:C1559"
6479,20985481,0,946051,10492740,0.0451,"AGL(1,4096)xF2383:C397"
6480,20991960,0,5013361,10495980,0.2388,"AGL(1,3313)xF3167:C1583"
6481,20998440,1,20998440,20998440,1.0000,"AGL(1,6481) [exact]"
6482,21004921,0,2799617,10502460,0.1333,"AGL(1,2383)xF4099:C683"
6483,21011403,0,2333880,10505701,0.1111,3x(2161:2160)diag
6484,21017886,0,4567753,10508943,0.2173,"AGL(1,3461)xF3023:C1511"
6485,21024370,0,4202280,10512185,0.1999,5x(1297:1296)diag+rot
6486,21030855,0,5013361,10515427,0.2384,"AGL(1,3319)xF3167:C1583"
6487,21037341,0,1615263,10518670,0.0768,13x(499:498)diag+rot
6488,21043828,0,2799617,10521914,0.1330,"AGL(1,2389)xF4099:C683"
6489,21050316,0,515387,10525158,0.0245,"F1213+(6q+1=1759)+(12q+1=3517),q=293"
6490,21056805,0,5013361,10528402,0.2381,"AGL(1,3323)xF3167:C1583"
6491,21063295,1,21063295,21063295,1.0000,"AGL(1,6491) [exact]"
6492,21069786,0,4862521,10534893,0.2308,"AGL(1,3373)xF3119:C1559"
6493,21076278,0,703891,10538139,0.0334,"F1747+(2q+1=1187)+(6q+1=3559),q=593"
6494,21082771,0,2465927,10541385,0.1170,"AGL(1,2647)xF3847:C641"
6495,21089265,0,523776,10544632,0.0248,"AGL(1,1024)xF5471:C547"
6496,21095760,0,5013361,10547880,0.2376,"AGL(1,3329)xF3167:C1583"
6497,21102256,0,822403,10551128,0.0390,"F1367+(2q+1=1283)+(6q+1=3847),q=641"
6498,21108753,0,5013361,10554376,0.2375,"AGL(1,3331)xF3167:C1583"
6499,21115251,0,822403,10557625,0.0389,"F1369+(2q+1=1283)+(6q+1=3847),q=641"
6500,21121750,0,2799617,10560875,0.1325,"AGL(1,2401)xF4099:C683"
6501,21128250,0,523776,10564125,0.0248,"AGL(1,1024)xF5477:C1369"
6502,21134751,0,10565750,10567375,0.4999,2x(3251:1625)diag+rot
6503,21141253,0,3017392,10570626,0.1427,7x(929:928)diag+rot
6504,21147756,0,5128003,10573878,0.2425,"AGL(1,3301)xF3203:C1601"
6505,21154260,0,2096128,10577130,0.0991,"AGL(1,2048)xF4457:C557"
6506,21160765,0,5289378,10580382,0.2500,2x(3253:3252)diag
6507,21167271,0,581051,10583635,0.0275,"AGL(1,4096)xF2411:C241"
6508,21173778,0,4862521,10586889,0.2296,"AGL(1,3389)xF3119:C1559"
6509,21180286,0,917769,10590143,0.0433,23x(283:282)diag+rot
6510,21186795,0,5128003,10593397,0.2420,"AGL(1,3307)xF3203:C1601"
6511,21193305,0,1243601,10596652,0.0587,17x(383:382)diag+rot
6512,21199816,0,2559107,10599908,0.1207,"AGL(1,2593)xF3919:C653"
6513,21206328,0,515387,10603164,0.0243,"F1237+(6q+1=1759)+(12q+1=3517),q=293"
6514,21212841,0,5302396,10606420,0.2500,2x(3257:3256)diag
6515,21219355,0,4241265,10609677,0.1999,5x(1303:1302)diag+rot
6516,21225870,0,5128003,10612935,0.2416,"AGL(1,3313)xF3203:C1601"
6517,21232386,0,832695,10616193,0.0392,"F1291+(2q+1=1307)+(6q+1=3919),q=653"
6518,21238903,0,10617822,10619451,0.4999,2x(3259:1629)diag+rot
6519,21245421,0,518671,10622710,0.0244,"F1427+(2q+1=1019)+(8q+1=4073),q=509"
6520,21251940,0,4388203,10625970,0.2065,"AGL(1,3557)xF2963:C1481"
6521,21258460,1,21258460,21258460,1.0000,"AGL(1,6521) [exact]"
6522,21264981,0,5128003,10632490,0.2411,"AGL(1,3319)xF3203:C1601"
6523,21271503,0,1930808,10635751,0.0908,11x(593:592)diag+rot
6524,21278026,0,2622187,10639013,0.1232,"AGL(1,2557)xF3967:C661"
6525,21284550,0,523776,10642275,0.0246,"AGL(1,1024)xF5501:C125"
6526,21291075,0,5128003,10645537,0.2409,"AGL(1,3323)xF3203:C1601"
6527,21297601,0,845650,10648800,0.0397,"F1301+(2q+1=1307)+(6q+1=3919),q=653"
6528,21304128,0,5013361,10652064,0.2353,"AGL(1,3361)xF3167:C1583"
6529,21310656,1,21310656,21310656,1.0000,"AGL(1,6529) [exact]"
6530,21317185,0,2465927,10658592,0.1157,"AGL(1,2683)xF3847:C641"
6531,21323715,0,523776,10661857,0.0246,"AGL(1,1024)xF5507:C2753"
6532,21330246,0,5128003,10665123,0.2404,"AGL(1,3329)xF3203:C1601"
6533,21336778,0,853471,10668389,0.0400,"F1307+(2q+1=1307)+(6q+1=3919),q=653"
6534,21343311,0,5128003,10671655,0.2403,"AGL(1,3331)xF3203:C1601"
6535,21349845,0,4267355,10674922,0.1999,5x(1307:1306)diag+rot
6536,21356380,0,2799617,10678190,0.1311,"AGL(1,2437)xF4099:C683"
6537,21362916,0,2372931,10681458,0.1111,3x(2179:2178)diag
6538,21369453,0,5013361,10684726,0.2346,"AGL(1,3371)xF3167:C1583"
6539,21375991,0,1641289,10687995,0.0768,13x(503:502)diag+rot
6540,21382530,0,5013361,10691265,0.2345,"AGL(1,3373)xF3167:C1583"
6541,21389070,0,2096128,10694535,0.0980,"AGL(1,2048)xF4493:C1123"
6542,21395611,0,10696170,10697805,0.4999,2x(3271:1635)diag+rot
6543,21402153,0,2992681,10701076,0.1398,"AGL(1,4096)xF2447:C1223"
6544,21408696,0,4388203,10704348,0.2050,"AGL(1,3581)xF2963:C1481"
6545,21415240,0,853471,10707620,0.0399,"F1319+(2q+1=1307)+(6q+1=3919),q=653"
6546,21421785,0,5128003,10710892,0.2394,"AGL(1,3343)xF3203:C1601"
6547,21428331,1,21428331,21428331,1.0000,"AGL(1,6547) [exact]"
6548,21434878,0,2126493,10717439,0.0992,"AGL(1,3631)xF2917:C729"
6549,21441426,0,482653,10720713,0.0225,"F1637+(2q+1=983)+(8q+1=3929),q=491"
6550,21447975,0,5128003,10723987,0.2391,"AGL(1,3347)xF3203:C1601"
6551,21454525,1,21454525,21454525,1.0000,"AGL(1,6551) [exact]"
6552,21461076,0,4862521,10730538,0.2266,"AGL(1,3433)xF3119:C1559"
6553,21467628,1,21467628,21467628,1.0000,"AGL(1,6553) [exact]"
6554,21474181,0,2465927,10737090,0.1148,"AGL(1,2707)xF3847:C641"
6555,21480735,0,3022111,10740367,0.1407,"AGL(1,4096)xF2459:C1229"
6556,21487290,0,5013361,10743645,0.2333,"AGL(1,3389)xF3167:C1583"
6557,21493846,0,853471,10746923,0.0397,"F1331+(2q+1=1307)+(6q+1=3919),q=653"
6558,21500403,0,5013361,10750201,0.2332,"AGL(1,3391)xF3167:C1583"
6559,21506961,0,3069612,10753480,0.1427,7x(937:936)diag+rot
6560,21513520,0,2622187,10756760,0.1219,"AGL(1,2593)xF3967:C661"
6561,21520080,1,21520080,21520080,1.0000,"AGL(1,6561) [exact]"
6562,21526641,0,5128003,10763320,0.2382,"AGL(1,3359)xF3203:C1601"
6563,21533203,1,21533203,21533203,1.0000,"AGL(1,6563) [exact]"
6564,21539766,0,5128003,10769883,0.2381,"AGL(1,3361)xF3203:C1601"
6565,21546330,0,2096128,10773165,0.0973,"AGL(1,2048)xF4517:C1129"
6566,21552895,0,2799617,10776447,0.1299,"AGL(1,2467)xF4099:C683"
6567,21559461,0,1134269,10779730,0.0526,"AGL(1,2048)xF4519:C251"
6568,21566028,0,4862521,10783014,0.2255,"AGL(1,3449)xF3119:C1559"
6569,21572596,1,21572596,21572596,1.0000,"AGL(1,6569) [exact]"
6570,21579165,0,4567753,10789582,0.2117,"AGL(1,3547)xF3023:C1511"
6571,21585735,1,21585735,21585735,1.0000,"AGL(1,6571) [exact]"
6572,21592306,0,2799617,10796153,0.1297,"AGL(1,2473)xF4099:C683"
6573,21598878,0,1533263,10799439,0.0710,"AGL(1,4096)xF2477:C619"
6574,21605451,0,5128003,10802725,0.2373,"AGL(1,3371)xF3203:C1601"
6575,21612025,0,614386,10806012,0.0284,"F1109+(2q+1=1367)+(6q+1=4099),q=683"
6576,21618600,0,5128003,10809300,0.2372,"AGL(1,3373)xF3203:C1601"
6577,21625176,1,21625176,21625176,1.0000,"AGL(1,6577) [exact]"
6578,21631753,0,2559107,10815876,0.1183,"AGL(1,2659)xF3919:C653"
6579,21638331,0,518671,10819165,0.0240,"F1487+(2q+1=1019)+(8q+1=4073),q=509"
6580,21644910,0,5013361,10822455,0.2316,"AGL(1,3413)xF3167:C1583"
6581,21651490,1,21651490,21651490,1.0000,"AGL(1,6581) [exact]"
6582,21658071,0,4862521,10829035,0.2245,"AGL(1,3463)xF3119:C1559"
6583,21664653,0,822403,10832326,0.0380,"F1453+(2q+1=1283)+(6q+1=3847),q=641"
6584,21671236,0,2622187,10835618,0.1210,"AGL(1,2617)xF3967:C661"
6585,21677820,0,518671,10838910,0.0239,"F1493+(2q+1=1019)+(8q+1=4073),q=509"
6586,21684405,0,4862521,10842202,0.2242,"AGL(1,3119)xF3467:C1733"
6587,21690991,0,3095890,10845495,0.1427,7x(941:940)diag+rot
6588,21697578,0,4868760,10848789,0.2244,"AGL(1,3121)xF3467:C1733"
6589,21704166,0,1970111,10852083,0.0908,11x(599:598)diag+rot
6590,21710755,0,2559107,10855377,0.1179,"AGL(1,2671)xF3919:C653"
6591,21717345,0,2412306,10858672,0.1111,3x(2197:2196)diag
6592,21723936,0,5128003,10861968,0.2361,"AGL(1,3389)xF3203:C1601"
6593,21730528,0,1140589,10865264,0.0525,19x(347:346)diag+rot
6594,21737121,0,5128003,10868560,0.2359,"AGL(1,3391)xF3203:C1601"
6595,21743715,0,4346105,10871857,0.1999,5x(1319:1318)diag+rot
6596,21750310,0,2559107,10875155,0.1177,"AGL(1,2677)xF3919:C653"
6597,21756906,0,1724071,10878453,0.0792,"AGL(1,2048)xF4549:C379"
6598,21763503,0,10880102,10881751,0.4999,2x(3299:1649)diag+rot
6599,21770101,1,21770101,21770101,1.0000,"AGL(1,6599) [exact]"
6600,21776700,0,5013361,10888350,0.2302,"AGL(1,3433)xF3167:C1583"
6601,21783300,0,822403,10891650,0.0378,"F1471+(2q+1=1283)+(6q+1=3847),q=641"
6602,21789901,0,5446650,10894950,0.2500,2x(3301:3300)diag
6603,21796503,0,518671,10898251,0.0238,"F1511+(2q+1=1019)+(8q+1=4073),q=509"
6604,21803106,0,4918816,10901553,0.2256,"AGL(1,3137)xF3467:C1733"
6605,21809710,0,871860,10904855,0.0400,5x(1321:1320)diag
6606,21816315,0,4567753,10908157,0.2094,"AGL(1,3583)xF3023:C1511"
6607,21822921,1,21822921,21822921,1.0000,"AGL(1,6607) [exact]"
6608,21829528,0,2559107,10914764,0.1172,"AGL(1,2689)xF3919:C653"
6609,21836136,0,2425503,10918068,0.1111,3x(2203:2202)diag
6610,21842745,0,5128003,10921372,0.2348,"AGL(1,3407)xF3203:C1601"
6611,21849355,0,1983300,10924677,0.0908,11x(601:600)diag+rot
6612,21855966,0,4495501,10927983,0.2057,"AGL(1,3613)xF2999:C1499"
6613,21862578,0,1282922,10931289,0.0587,17x(389:388)diag+rot
6614,21869191,0,10932942,10934595,0.4999,2x(3307:1653)diag+rot
6615,21875805,0,2096128,10937902,0.0958,"AGL(1,2048)xF4567:C761"
6616,21882420,0,5128003,10941210,0.2343,"AGL(1,3413)xF3203:C1601"
6617,21889036,0,1680718,10944518,0.0768,13x(509:508)diag+rot
6618,21895653,0,4862521,10947826,0.2221,"AGL(1,3499)xF3119:C1559"
6619,21902271,1,21902271,21902271,1.0000,"AGL(1,6619) [exact]"
6620,21908890,0,2799617,10954445,0.1278,"AGL(1,2521)xF4099:C683"
6621,21915510,0,7302963,10957755,0.3332,3x(2207:2206)diag+rot
6622,21922131,0,4495501,10961065,0.2051,"AGL(1,2999)xF3623:C1811"
6623,21928753,0,822403,10964376,0.0375,"F1493+(2q+1=1283)+(6q+1=3847),q=641"
6624,21935376,0,5013361,10967688,0.2286,"AGL(1,3457)xF3167:C1583"
6625,21942000,0,853471,10971000,0.0389,"F1399+(2q+1=1307)+(6q+1=3919),q=653"
6626,21948625,0,5486328,10974312,0.2500,2x(3313:3312)diag
6627,21955251,0,2438736,10977625,0.1111,3x(2209:2208)diag
6628,21961878,0,5013361,10980939,0.2283,"AGL(1,3461)xF3167:C1583"
6629,21968506,0,3135517,10984253,0.1427,7x(947:946)diag+rot
6630,21975135,0,5013361,10987567,0.2281,"AGL(1,3463)xF3167:C1583"
6631,21981765,0,1153794,10990882,0.0525,19x(349:348)diag+rot
6632,21988396,0,2573046,10994198,0.1170,"AGL(1,2269)xF4363:C727"
6633,21995028,0,533028,10997514,0.0242,"F1033+(6q+1=1867)+(12q+1=3733),q=311"
6634,22001661,0,5013361,11000830,0.2279,"AGL(1,3167)xF3467:C1733"
6635,22008295,0,4399005,11004147,0.1999,5x(1327:1326)diag+rot
6636,22014930,0,5128003,11007465,0.2329,"AGL(1,3433)xF3203:C1601"
6637,22021566,1,22021566,22021566,1.0000,"AGL(1,6637) [exact]"
6638,22028203,0,11012442,11014101,0.4999,2x(3319:1659)diag+rot
6639,22034841,0,7342734,11017420,0.3332,3x(2213:2212)diag+rot
6640,22041480,0,4567753,11020740,0.2072,"AGL(1,3617)xF3023:C1511"
6641,22048120,0,822403,11024060,0.0373,"F1511+(2q+1=1283)+(6q+1=3847),q=641"
6642,22054761,0,4555671,11027380,0.2066,"AGL(1,3019)xF3623:C1811"
6643,22061403,0,722801,11030701,0.0328,"F1783+(6q+1=2083)+(8q+1=2777),q=347"
6644,22068046,0,2622187,11034023,0.1188,"AGL(1,2677)xF3967:C661"
6645,22074690,0,1760651,11037345,0.0798,"AGL(1,2048)xF4597:C383"
6646,22081335,0,11039006,11040667,0.4999,2x(3323:1661)diag+rot
6647,22087981,0,957168,11043990,0.0433,23x(289:288)diag+rot
6648,22094628,0,5057790,11047314,0.2289,"AGL(1,3181)xF3467:C1733"
6649,22101276,0,853471,11050638,0.0386,"F1423+(2q+1=1307)+(6q+1=3919),q=653"
6650,22107925,0,2799617,11053962,0.1266,"AGL(1,2551)xF4099:C683"
6651,22114575,0,551775,11057287,0.0250,"F1051+(6q+1=1867)+(12q+1=3733),q=311"
6652,22121226,0,5128003,11060613,0.2318,"AGL(1,3449)xF3203:C1601"
6653,22127878,1,22127878,22127878,1.0000,"AGL(1,6653) [exact]"
6654,22134531,0,5076891,11067265,0.2294,"AGL(1,3187)xF3467:C1733"
6655,22141185,0,885115,11070592,0.0400,5x(1331:1330)diag
6656,22147840,0,2799617,11073920,0.1264,"AGL(1,2557)xF4099:C683"
6657,22154496,0,515387,11077248,0.0233,"F1381+(6q+1=1759)+(12q+1=3517),q=293"
6658,22161153,0,5539456,11080576,0.2500,2x(3329:3328)diag
6659,22167811,1,22167811,22167811,1.0000,"AGL(1,6659) [exact]"
6660,22174470,0,5128003,11087235,0.2313,"AGL(1,3457)xF3203:C1601"
6661,22181130,1,22181130,22181130,1.0000,"AGL(1,6661) [exact]"
6662,22187791,0,11092230,11093895,0.4999,2x(3331:1665)diag+rot
6663,22194453,0,2465310,11097226,0.1111,3x(2221:2220)diag
6664,22201116,0,5128003,11100558,0.2310,"AGL(1,3461)xF3203:C1601"
6665,22207780,0,853471,11103890,0.0384,"F1439+(2q+1=1307)+(6q+1=3919),q=653"
6666,22214445,0,5128003,11107222,0.2308,"AGL(1,3463)xF3203:C1601"
6667,22221111,0,720600,11110555,0.0324,"F1201+(2q+1=1367)+(6q+1=4099),q=683"
6668,22227778,0,2559107,11113889,0.1151,"AGL(1,2749)xF3919:C653"
6669,22234446,0,570846,11117223,0.0257,"F1069+(6q+1=1867)+(12q+1=3733),q=311"
6670,22241115,0,5128003,11120557,0.2306,"AGL(1,3203)xF3467:C1733"
6671,22247785,0,722801,11123892,0.0325,"F1811+(6q+1=2083)+(8q+1=2777),q=347"
6672,22254456,0,5128003,11127228,0.2304,"AGL(1,3469)xF3203:C1601"
6673,22261128,1,22261128,22261128,1.0000,"AGL(1,6673) [exact]"
6674,22267801,0,2669205,11133900,0.1199,"AGL(1,2311)xF4363:C727"
6675,22274475,0,3324331,11137237,0.1492,"AGL(1,4096)xF2579:C1289"
6676,22281150,0,5147236,11140575,0.2310,"AGL(1,3209)xF3467:C1733"
6677,22287826,0,2023131,11143913,0.0908,11x(607:606)diag+rot
6678,22294503,0,5013361,11147251,0.2249,"AGL(1,3511)xF3167:C1583"
6679,22301181,1,22301181,22301181,1.0000,"AGL(1,6679) [exact]"
6680,22307860,0,2622187,11153930,0.1175,"AGL(1,2713)xF3967:C661"
6681,22314540,0,523776,11157270,0.0235,"AGL(1,1024)xF5657:C101"
6682,22321221,0,4567753,11160610,0.2046,"AGL(1,3659)xF3023:C1511"
6683,22327903,0,822403,11163951,0.0368,"F1553+(2q+1=1283)+(6q+1=3847),q=641"
6684,22334586,0,5172936,11167293,0.2316,"AGL(1,3217)xF3467:C1733"
6685,22341270,0,853471,11170635,0.0382,"F1459+(2q+1=1307)+(6q+1=3919),q=653"
6686,22347955,0,11172306,11173977,0.4999,2x(3343:1671)diag+rot
6687,22354641,0,2096128,11177320,0.0938,"AGL(1,2048)xF4639:C773"
6688,22361328,0,5185810,11180664,0.2319,"AGL(1,3221)xF3467:C1733"
6689,22368016,1,22368016,22368016,1.0000,"AGL(1,6689) [exact]"
6690,22374705,0,4862521,11187352,0.2173,"AGL(1,3571)xF3119:C1559"
6691,22381395,1,22381395,22381395,1.0000,"AGL(1,6691) [exact]"
6692,22388086,0,2799617,11194043,0.1250,"AGL(1,2593)xF4099:C683"
6693,22394778,0,580637,11197389,0.0259,"F1093+(6q+1=1867)+(12q+1=3733),q=311"
6694,22401471,0,11199062,11200735,0.4999,2x(3347:1673)diag+rot
6695,22408165,0,754606,11204082,0.0337,"F1229+(2q+1=1367)+(6q+1=4099),q=683"
6696,22414860,0,5211606,11207430,0.2325,"AGL(1,3229)xF3467:C1733"
6697,22421556,0,853471,11210778,0.0381,"F1471+(2q+1=1307)+(6q+1=3919),q=653"
6698,22428253,0,2622187,11214126,0.1169,"AGL(1,2731)xF3967:C661"
6699,22434951,0,518671,11217475,0.0231,"F1607+(2q+1=1019)+(8q+1=4073),q=509"
6700,22441650,0,5013361,11220825,0.2234,"AGL(1,3533)xF3167:C1583"
6701,22448350,1,22448350,22448350,1.0000,"AGL(1,6701) [exact]"
6702,22455051,0,5128003,11227525,0.2284,"AGL(1,3499)xF3203:C1601"
6703,22461753,1,22461753,22461753,1.0000,"AGL(1,6703) [exact]"
6704,22468456,0,2738970,11234228,0.1219,"AGL(1,2341)xF4363:C727"
6705,22475160,0,518671,11237580,0.0231,"F1613+(2q+1=1019)+(8q+1=4073),q=509"
6706,22481865,0,5013361,11240932,0.2230,"AGL(1,3539)xF3167:C1583"
6707,22488571,0,1180432,11244285,0.0525,19x(353:352)diag+rot
6708,22495278,0,5013361,11247639,0.2229,"AGL(1,3541)xF3167:C1583"
6709,22501986,1,22501986,22501986,1.0000,"AGL(1,6709) [exact]"
6710,22508695,0,2753031,11254347,0.1223,"AGL(1,2347)xF4363:C727"
6711,22515405,0,7502898,11257702,0.3332,3x(2237:2236)diag+rot
6712,22522116,0,4862521,11261058,0.2159,"AGL(1,3593)xF3119:C1559"
6713,22528828,0,853471,11264414,0.0379,"F1487+(2q+1=1307)+(6q+1=3919),q=653"
6714,22535541,0,5128003,11267770,0.2276,"AGL(1,3511)xF3203:C1601"
6715,22542255,0,853471,11271127,0.0379,"F1489+(2q+1=1307)+(6q+1=3919),q=653"
6716,22548970,0,2799617,11274485,0.1242,"AGL(1,2617)xF4099:C683"
6717,22555686,0,2505441,11277843,0.1111,3x(2239:2238)diag
6718,22562403,0,11279522,11281201,0.4999,2x(3359:1679)diag+rot
6719,22569121,1,22569121,22569121,1.0000,"AGL(1,6719) [exact]"
6720,22575840,0,5289378,11287920,0.2343,"AGL(1,3253)xF3467:C1733"
6721,22582560,0,722801,11291280,0.0320,"F1861+(6q+1=2083)+(8q+1=2777),q=347"
6722,22589281,0,5646480,11294640,0.2500,2x(3361:3360)diag
6723,22596003,0,580637,11298001,0.0257,"F1123+(6q+1=1867)+(12q+1=3733),q=311"
6724,22602726,0,5302396,11301363,0.2346,"AGL(1,3257)xF3467:C1733"
6725,22609450,0,853471,11304725,0.0377,"F1499+(2q+1=1307)+(6q+1=3919),q=653"
6726,22616175,0,5308911,11308087,0.2347,"AGL(1,3259)xF3467:C1733"
6727,22622901,0,3228960,11311450,0.1427,7x(961:960)diag+rot
6728,22629628,0,2559107,11314814,0.1131,"AGL(1,2809)xF3919:C653"
6729,22636356,0,7543209,11318178,0.3332,3x(2243:2242)diag+rot
6730,22643085,0,5128003,11321542,0.2265,"AGL(1,3527)xF3203:C1601"
6731,22649815,0,822403,11324907,0.0363,"F1601+(2q+1=1283)+(6q+1=3847),q=641"
6732,22656546,0,5128003,11328273,0.2263,"AGL(1,3529)xF3203:C1601"
6733,22663278,1,22663278,22663278,1.0000,"AGL(1,6733) [exact]"
6734,22670011,0,2809635,11335005,0.1239,"AGL(1,2371)xF4363:C727"
6735,22676745,0,523776,11338372,0.0231,"AGL(1,1024)xF5711:C571"
6736,22683480,0,5128003,11341740,0.2261,"AGL(1,3533)xF3203:C1601"
6737,22690216,1,22690216,22690216,1.0000,"AGL(1,6737) [exact]"
6738,22696953,0,5348085,11348476,0.2356,"AGL(1,3271)xF3467:C1733"
6739,22703691,0,983894,11351845,0.0433,23x(293:292)diag+rot
6740,22710430,0,2823876,11355215,0.1243,"AGL(1,2377)xF4363:C727"
6741,22717170,0,523776,11358585,0.0231,"AGL(1,1024)xF5717:C1429"
6742,22723911,0,11360270,11361955,0.4999,2x(3371:1685)diag+rot
6743,22730653,0,2063358,11365326,0.0908,11x(613:612)diag+rot
6744,22737396,0,5128003,11368698,0.2255,"AGL(1,3541)xF3203:C1601"
6745,22744140,0,817281,11372070,0.0359,"F1279+(2q+1=1367)+(6q+1=4099),q=683"
6746,22750885,0,5686878,11375442,0.2500,2x(3373:3372)diag
6747,22757631,0,518671,11378815,0.0228,"F1019+(4q+1=1637)+(10q+1=4091),q=409"
6748,22764378,0,5013361,11382189,0.2202,"AGL(1,3581)xF3167:C1583"
6749,22771126,0,1336302,11385563,0.0587,17x(397:396)diag+rot
6750,22777875,0,5128003,11388937,0.2251,"AGL(1,3547)xF3203:C1601"
6751,22784625,0,2096128,11392312,0.0920,"AGL(1,2048)xF4703:C2351"
6752,22791376,0,2852466,11395688,0.1252,"AGL(1,2389)xF4363:C727"
6753,22798128,0,2532375,11399064,0.1111,3x(2251:2250)diag
6754,22804881,0,4212253,11402440,0.1847,"AGL(1,3851)xF2903:C1451"
6755,22811635,0,1177937,11405817,0.0516,"AGL(1,4096)xF2659:C443"
6756,22818390,0,4862521,11409195,0.2131,"AGL(1,3637)xF3119:C1559"
6757,22825146,0,853471,11412573,0.0374,"F1531+(2q+1=1307)+(6q+1=3919),q=653"
6758,22831903,0,2799617,11415951,0.1226,"AGL(1,2659)xF4099:C683"
6759,22838661,0,3544453,11419330,0.1552,"AGL(1,4096)xF2663:C1331"
6760,22845420,0,5128003,11422710,0.2245,"AGL(1,3557)xF3203:C1601"
6761,22852180,1,22852180,22852180,1.0000,"AGL(1,6761) [exact]"
6762,22858941,0,5128003,11429470,0.2243,"AGL(1,3559)xF3203:C1601"
6763,22865703,1,22865703,22865703,1.0000,"AGL(1,6763) [exact]"
6764,22872466,0,2881200,11436233,0.1260,"AGL(1,2401)xF4363:C727"
6765,22879230,0,515387,11439615,0.0225,"F1489+(6q+1=1759)+(12q+1=3517),q=293"
6766,22885995,0,5440051,11442997,0.2377,"AGL(1,3299)xF3467:C1733"
6767,22892761,0,845650,11446380,0.0369,"F1301+(2q+1=1367)+(6q+1=4099),q=683"
6768,22899528,0,5446650,11449764,0.2378,"AGL(1,3301)xF3467:C1733"
6769,22906296,0,853471,11453148,0.0373,"F1543+(2q+1=1307)+(6q+1=3919),q=653"
6770,22913065,0,2799617,11456532,0.1222,"AGL(1,2671)xF4099:C683"
6771,22919835,0,2096128,11459917,0.0915,"AGL(1,2048)xF4723:C787"
6772,22926606,0,4405996,11463303,0.1922,"AGL(1,2969)xF3803:C1901"
6773,22933378,0,853471,11466689,0.0372,"F1307+(2q+1=1367)+(6q+1=4099),q=683"
6774,22940151,0,5466471,11470075,0.2383,"AGL(1,3307)xF3467:C1733"
6775,22946925,0,853471,11473462,0.0372,"F1549+(2q+1=1307)+(6q+1=3919),q=653"
6776,22953700,0,2799617,11476850,0.1220,"AGL(1,2677)xF4099:C683"
6777,22960476,0,931613,11480238,0.0406,"AGL(1,2048)xF4729:C197"
6778,22967253,0,5740966,11483626,0.2500,2x(3389:3388)diag
6779,22974031,1,22974031,22974031,1.0000,"AGL(1,6779) [exact]"
6780,22980810,0,5486328,11490405,0.2387,"AGL(1,3313)xF3467:C1733"
6781,22987590,1,22987590,22987590,1.0000,"AGL(1,6781) [exact]"
6782,22994371,0,11495490,11497185,0.4999,2x(3391:1695)diag+rot
6783,23001153,0,482653,11500576,0.0210,"F1871+(2q+1=983)+(8q+1=3929),q=491"
6784,23007936,0,5128003,11503968,0.2229,"AGL(1,3581)xF3203:C1601"
6785,23014720,0,869221,11507360,0.0378,"F1319+(2q+1=1367)+(6q+1=4099),q=683"
6786,23021505,0,5506221,11510752,0.2392,"AGL(1,3319)xF3467:C1733"
6787,23028291,0,871860,11514145,0.0379,"F1321+(2q+1=1367)+(6q+1=4099),q=683"
6788,23035078,0,2799617,11517539,0.1215,"AGL(1,2689)xF4099:C683"
6789,23041866,0,1812389,11520933,0.0787,"AGL(1,4096)xF2693:C673"
6790,23048655,0,5519503,11524327,0.2395,"AGL(1,3323)xF3467:C1733"
6791,23055445,1,23055445,23055445,1.0000,"AGL(1,6791) [exact]"
6792,23062236,0,5019696,11531118,0.2177,"AGL(1,3169)xF3623:C1811"
6793,23069028,1,23069028,23069028,1.0000,"AGL(1,6793) [exact]"
6794,23075821,0,2614041,11537910,0.1133,"AGL(1,2287)xF4507:C751"
6795,23082615,0,414505,11541307,0.0180,"F911+(14q+1=2423)+(20q+1=3461),q=173"
6796,23089410,0,5539456,11544705,0.2399,"AGL(1,3329)xF3467:C1733"
6797,23096206,0,3296545,11548103,0.1427,7x(971:970)diag+rot
6798,23103003,0,5546115,11551501,0.2401,"AGL(1,3331)xF3467:C1733"
6799,23109801,0,1774539,11554900,0.0768,13x(523:522)diag+rot
6800,23116600,0,2968266,11558300,0.1284,"AGL(1,2437)xF4363:C727"
6801,23123400,0,7705533,11561700,0.3332,3x(2267:2266)diag+rot
6802,23130201,0,4567753,11565100,0.1975,"AGL(1,3023)xF3779:C1889"
6803,23137003,1,23137003,23137003,1.0000,"AGL(1,6803) [exact]"
6804,23143806,0,5057790,11571903,0.2185,"AGL(1,3181)xF3623:C1811"
6805,23150610,0,925480,11575305,0.0400,5x(1361:1360)diag
6806,23157415,0,2799617,11578707,0.1209,"AGL(1,2707)xF4099:C683"
6807,23164221,0,2573046,11582110,0.1111,3x(2269:2268)diag
6808,23171028,0,4142881,11585514,0.1788,"AGL(1,3929)xF2879:C1439"
6809,23177836,0,2103981,11588918,0.0908,11x(619:618)diag+rot
6810,23184645,0,5586153,11592322,0.2409,"AGL(1,3343)xF3467:C1733"
6811,23191455,0,822403,11595727,0.0355,"F1681+(2q+1=1283)+(6q+1=3847),q=641"
6812,23198266,0,2799617,11599133,0.1207,"AGL(1,2713)xF4099:C683"
6813,23205078,0,580637,11602539,0.0250,"F1213+(6q+1=1867)+(12q+1=3733),q=311"
6814,23211891,0,11604242,11605945,0.4999,2x(3407:1703)diag+rot
6815,23218705,0,703891,11609352,0.0303,"F2069+(2q+1=1187)+(6q+1=3559),q=593"
6816,23225520,0,5128003,11612760,0.2208,"AGL(1,3613)xF3203:C1601"
6817,23232336,0,1363400,11616168,0.0587,17x(401:400)diag+rot
6818,23239153,0,2799617,11619576,0.1205,"AGL(1,2719)xF4099:C683"
6819,23245971,0,7746384,11622985,0.3332,3x(2273:2272)diag+rot
6820,23252790,0,5128003,11626395,0.2205,"AGL(1,3617)xF3203:C1601"
6821,23259610,0,1220959,11629805,0.0525,19x(359:358)diag+rot
6822,23266431,0,4555671,11633215,0.1958,"AGL(1,3019)xF3803:C1901"
6823,23273253,1,23273253,23273253,1.0000,"AGL(1,6823) [exact]"
6824,23280076,0,2622187,11640038,0.1126,"AGL(1,2857)xF3967:C661"
6825,23286900,0,601156,11643450,0.0258,"F1097+(4q+1=1637)+(10q+1=4091),q=409"
6826,23293725,0,5822578,11646862,0.2500,2x(3413:3412)diag
6827,23300551,1,23300551,23300551,1.0000,"AGL(1,6827) [exact]"
6828,23307378,0,5646480,11653689,0.2423,"AGL(1,3361)xF3467:C1733"
6829,23314206,1,23314206,23314206,1.0000,"AGL(1,6829) [exact]"
6830,23321035,0,3041811,11660517,0.1304,"AGL(1,2467)xF4363:C727"
6831,23327865,0,2096128,11663932,0.0899,"AGL(1,2048)xF4783:C797"
6832,23334696,0,5147236,11667348,0.2206,"AGL(1,3209)xF3623:C1811"
6833,23341528,1,23341528,23341528,1.0000,"AGL(1,6833) [exact]"
6834,23348361,0,5128003,11674180,0.2196,"AGL(1,3631)xF3203:C1601"
6835,23355195,0,4668305,11677597,0.1999,5x(1367:1366)diag+rot
6836,23362030,0,3056628,11681015,0.1308,"AGL(1,2473)xF4363:C727"
6837,23368866,0,614386,11684433,0.0263,"F1109+(4q+1=1637)+(10q+1=4091),q=409"
6838,23375703,0,5680135,11687851,0.2430,"AGL(1,3371)xF3467:C1733"
6839,23382541,0,3337432,11691270,0.1427,7x(977:976)diag+rot
6840,23389380,0,5686878,11694690,0.2431,"AGL(1,3373)xF3467:C1733"
6841,23396220,1,23396220,23396220,1.0000,"AGL(1,6841) [exact]"
6842,23403061,0,2425503,11701530,0.1036,"AGL(1,2203)xF4639:C773"
6843,23409903,0,2600340,11704951,0.1111,3x(2281:2280)diag
6844,23416746,0,5185810,11708373,0.2215,"AGL(1,3221)xF3623:C1811"
6845,23423590,0,4681980,11711795,0.1999,5x(1369:1368)diag+rot
6846,23430435,0,5128003,11715217,0.2189,"AGL(1,3643)xF3203:C1601"
6847,23437281,0,2096128,11718640,0.0894,"AGL(1,2048)xF4799:C2399"
6848,23444128,0,2799617,11722064,0.1194,"AGL(1,2749)xF4099:C683"
6849,23450976,0,580637,11725488,0.0248,"F1249+(6q+1=1867)+(12q+1=3733),q=311"
6850,23457825,0,4495501,11728912,0.1916,"AGL(1,3851)xF2999:C1499"
6851,23464675,0,822403,11732337,0.0350,"F1721+(2q+1=1283)+(6q+1=3847),q=641"
6852,23471526,0,5211606,11735763,0.2220,"AGL(1,3229)xF3623:C1811"
6853,23478378,0,853471,11739189,0.0364,"F1627+(2q+1=1307)+(6q+1=3919),q=653"
6854,23485231,0,2753031,11742615,0.1172,"AGL(1,2347)xF4507:C751"
6855,23492085,0,515387,11746042,0.0219,"F1579+(6q+1=1759)+(12q+1=3517),q=293"
6856,23498940,0,5740966,11749470,0.2443,"AGL(1,3389)xF3467:C1733"
6857,23505796,1,23505796,23505796,1.0000,"AGL(1,6857) [exact]"
6858,23512653,0,5747745,11756326,0.2445,"AGL(1,3391)xF3467:C1733"
6859,23519511,1,23519511,23519511,1.0000,"AGL(1,6859) [exact]"
6860,23526370,0,2627778,11763185,0.1117,"AGL(1,2293)xF4567:C761"
6861,23533230,0,2614041,11766615,0.1111,3x(2287:2286)diag
6862,23540091,0,5128003,11770045,0.2178,"AGL(1,3659)xF3203:C1601"
6863,23546953,1,23546953,23546953,1.0000,"AGL(1,6863) [exact]"
6864,23553816,0,5013361,11776908,0.2128,"AGL(1,3697)xF3167:C1583"
6865,23560680,0,4709390,11780340,0.1999,5x(1373:1372)diag+rot
6866,23567545,0,5891028,11783772,0.2500,2x(3433:3432)diag
6867,23574411,0,523776,11787205,0.0222,"AGL(1,1024)xF5843:C127"
6868,23581278,0,5013361,11790639,0.2126,"AGL(1,3701)xF3167:C1583"
6869,23588146,1,23588146,23588146,1.0000,"AGL(1,6869) [exact]"
6870,23595015,0,4701711,11797507,0.1993,"AGL(1,3067)xF3803:C1901"
6871,23601885,1,23601885,23601885,1.0000,"AGL(1,6871) [exact]"
6872,23608756,0,2559107,11804378,0.1084,"AGL(1,2953)xF3919:C653"
6873,23615628,0,963619,11807814,0.0408,"AGL(1,4096)xF2777:C347"
6874,23622501,0,5802121,11811250,0.2456,"AGL(1,3407)xF3467:C1733"
6875,23629375,0,2145000,11814687,0.0908,11x(625:624)diag+rot
6876,23636250,0,5289378,11818125,0.2238,"AGL(1,3253)xF3623:C1811"
6877,23643126,0,1815528,11821563,0.0768,13x(529:528)diag+rot
6878,23650003,0,2809635,11825001,0.1188,"AGL(1,2371)xF4507:C751"
6879,23656881,0,2627778,11828440,0.1111,3x(2293:2292)diag
6880,23663760,0,5822578,11831880,0.2461,"AGL(1,3413)xF3467:C1733"
6881,23670640,0,3378571,11835320,0.1427,7x(983:982)diag+rot
6882,23677521,0,5308911,11838760,0.2242,"AGL(1,3259)xF3623:C1811"
6883,23684403,1,23684403,23684403,1.0000,"AGL(1,6883) [exact]"
6884,23691286,0,3171901,11845643,0.1339,"AGL(1,2521)xF4363:C727"
6885,23698170,0,523776,11849085,0.0221,"AGL(1,1024)xF5861:C293"
6886,23705055,0,5013361,11852527,0.2115,"AGL(1,3719)xF3167:C1583"
6887,23711941,0,722801,11855970,0.0305,"F2027+(6q+1=2083)+(8q+1=2777),q=347"
6888,23718828,0,5013361,11859414,0.2114,"AGL(1,3721)xF3167:C1583"
6889,23725716,1,23725716,23725716,1.0000,"AGL(1,6889) [exact]"
6890,23732605,0,2838153,11866302,0.1196,"AGL(1,2383)xF4507:C751"
6891,23739495,0,7910868,11869747,0.3332,3x(2297:2296)diag+rot
6892,23746386,0,4769416,11873193,0.2008,"AGL(1,3089)xF3803:C1901"
6893,23753278,0,933661,11876639,0.0393,"F1427+(2q+1=1367)+(6q+1=4099),q=683"
6894,23760171,0,5348085,11880085,0.2251,"AGL(1,3271)xF3623:C1811"
6895,23767065,0,933661,11883532,0.0393,"F1429+(2q+1=1367)+(6q+1=4099),q=683"
6896,23773960,0,2852466,11886980,0.1200,"AGL(1,2389)xF4507:C751"
6897,23780856,0,580637,11890428,0.0244,"F1297+(6q+1=1867)+(12q+1=3733),q=311"
6898,23787753,0,5946076,11893876,0.2500,2x(3449:3448)diag
6899,23794651,1,23794651,23794651,1.0000,"AGL(1,6899) [exact]"
6900,23801550,0,5891028,11900775,0.2475,"AGL(1,3433)xF3467:C1733"
6901,23808450,0,636756,11904225,0.0267,"F1129+(4q+1=2309)+(6q+1=3463),q=577"
6902,23815351,0,3171901,11907675,0.1332,"AGL(1,2539)xF4363:C727"
6903,23822253,0,580637,11911126,0.0244,"F1303+(6q+1=1867)+(12q+1=3733),q=311"
6904,23829156,0,5128003,11914578,0.2152,"AGL(1,3701)xF3203:C1601"
6905,23836060,0,952890,11918030,0.0400,5x(1381:1380)diag
6906,23842965,0,5013361,11921482,0.2103,"AGL(1,3739)xF3167:C1583"
6907,23849871,1,23849871,23849871,1.0000,"AGL(1,6907) [exact]"
6908,23856778,0,2881200,11928389,0.1208,"AGL(1,2401)xF4507:C751"
6909,23863686,0,1181223,11931843,0.0495,"AGL(1,2048)xF4861:C243"
6910,23870595,0,4495501,11935297,0.1883,"AGL(1,3911)xF2999:C1499"
6911,23877505,1,23877505,23877505,1.0000,"AGL(1,6911) [exact]"
6912,23884416,0,5128003,11942208,0.2147,"AGL(1,3709)xF3203:C1601"
6913,23891328,0,933661,11945664,0.0391,"F1447+(2q+1=1367)+(6q+1=4099),q=683"
6914,23898241,0,5973696,11949120,0.2500,2x(3457:3456)diag
6915,23905155,0,3971971,11952577,0.1662,"AGL(1,4096)xF2819:C1409"
6916,23912070,0,5946076,11956035,0.2487,"AGL(1,3449)xF3467:C1733"
6917,23918986,1,23918986,23918986,1.0000,"AGL(1,6917) [exact]"
6918,23925903,0,4495501,11962951,0.1879,"AGL(1,3919)xF2999:C1499"
6919,23932821,0,2096128,11966410,0.0876,"AGL(1,2048)xF4871:C487"
6920,23939740,0,3171901,11969870,0.1325,"AGL(1,2557)xF4363:C727"
6921,23946660,0,669533,11973330,0.0280,"F1193+(4q+1=1637)+(10q+1=4091),q=409"
6922,23953581,0,5987530,11976790,0.2500,2x(3461:3460)diag
6923,23960503,0,853471,11980251,0.0356,"F1697+(2q+1=1307)+(6q+1=3919),q=653"
6924,23967426,0,5973696,11983713,0.2492,"AGL(1,3457)xF3467:C1733"
6925,23974350,0,933661,11987175,0.0389,"F1459+(2q+1=1367)+(6q+1=4099),q=683"
6926,23981275,0,11988906,11990637,0.4999,2x(3463:1731)diag+rot
6927,23988201,0,7993758,11994100,0.3332,3x(2309:2308)diag+rot
6928,23995128,0,5987530,11997564,0.2495,"AGL(1,3461)xF3467:C1733"
6929,24002056,0,722801,12001028,0.0301,"F2069+(6q+1=2083)+(8q+1=2777),q=347"
6930,24008985,0,5994453,12004492,0.2497,"AGL(1,3463)xF3467:C1733"
6931,24015915,0,824789,12007957,0.0343,29x(239:238)diag+rot
6932,24022846,0,2799617,12011423,0.1165,"AGL(1,2833)xF4099:C683"
6933,24029778,0,2669205,12014889,0.1111,3x(2311:2310)diag
6934,24036711,0,12016622,12018355,0.4999,2x(3467:1733)diag+rot
6935,24043645,0,853471,12021822,0.0355,"F1709+(2q+1=1307)+(6q+1=3919),q=653"
6936,24050580,0,6008311,12025290,0.2498,"AGL(1,3469)xF3467:C1733"
6937,24057516,0,3433815,12028758,0.1427,7x(991:990)diag+rot
6938,24064453,0,6015246,12032226,0.2500,2x(3469:3468)diag
6939,24071391,0,518671,12035695,0.0215,"F1847+(2q+1=1019)+(8q+1=4073),q=509"
6940,24078330,0,4918816,12039165,0.2043,"AGL(1,3137)xF3803:C1901"
6941,24085270,0,2186415,12042635,0.0908,11x(631:630)diag+rot
6942,24092211,0,5506221,12046105,0.2285,"AGL(1,3319)xF3623:C1811"
6943,24099153,0,722801,12049576,0.0300,"F2083+(6q+1=2083)+(8q+1=2777),q=347"
6944,24106096,0,2968266,12053048,0.1231,"AGL(1,2437)xF4507:C751"
6945,24113040,0,669533,12056520,0.0278,"F1217+(4q+1=1637)+(10q+1=4091),q=409"
6946,24119985,0,5519503,12059992,0.2288,"AGL(1,3323)xF3623:C1811"
6947,24126931,1,24126931,24126931,1.0000,"AGL(1,6947) [exact]"
6948,24133878,0,6008311,12066939,0.2490,"AGL(1,3481)xF3467:C1733"
6949,24140826,1,24140826,24140826,1.0000,"AGL(1,6949) [exact]"
6950,24147775,0,2838153,12073887,0.1175,"AGL(1,2383)xF4567:C761"
6951,24154725,0,669533,12077362,0.0277,"F1223+(4q+1=1637)+(10q+1=4091),q=409"
6952,24161676,0,5539456,12080838,0.2293,"AGL(1,3329)xF3623:C1811"
6953,24168628,0,933661,12084314,0.0386,"F1487+(2q+1=1367)+(6q+1=4099),q=683"
6954,24175581,0,5546115,12087790,0.2294,"AGL(1,3331)xF3623:C1811"
6955,24182535,0,933661,12091267,0.0386,"F1489+(2q+1=1367)+(6q+1=4099),q=683"
6956,24189490,0,3171901,12094745,0.1311,"AGL(1,2593)xF4363:C727"
6957,24196446,0,2007781,12098223,0.0830,"AGL(1,2048)xF4909:C409"
6958,24203403,0,6008311,12101701,0.2482,"AGL(1,3491)xF3467:C1733"
6959,24210361,1,24210361,24210361,1.0000,"AGL(1,6959) [exact]"
6960,24217320,0,5057790,12108660,0.2089,"AGL(1,3181)xF3779:C1889"
6961,24224280,1,24224280,24224280,1.0000,"AGL(1,6961) [exact]"
6962,24231241,0,6056940,12115620,0.2500,2x(3481:3480)diag
6963,24238203,0,523776,12119101,0.0216,"AGL(1,1024)xF5939:C2969"
6964,24245166,0,5128003,12122583,0.2115,"AGL(1,3761)xF3203:C1601"
6965,24252130,0,933661,12126065,0.0385,"F1499+(2q+1=1367)+(6q+1=4099),q=683"
6966,24259095,0,6008311,12129547,0.2477,"AGL(1,3499)xF3467:C1733"
6967,24266061,1,24266061,24266061,1.0000,"AGL(1,6967) [exact]"
6968,24273028,0,2881200,12136514,0.1187,"AGL(1,2401)xF4567:C761"
6969,24279996,0,580637,12139998,0.0239,"F1369+(6q+1=1867)+(12q+1=3733),q=311"
6970,24286965,0,5599531,12143482,0.2306,"AGL(1,3347)xF3623:C1811"
6971,24293935,1,24293935,24293935,1.0000,"AGL(1,6971) [exact]"
6972,24300906,0,5128003,12150453,0.2110,"AGL(1,3769)xF3203:C1601"
6973,24307878,0,1276059,12153939,0.0525,19x(367:366)diag+rot
6974,24314851,0,3041811,12157425,0.1251,"AGL(1,2467)xF4507:C751"
6975,24321825,0,4142881,12160912,0.1703,"AGL(1,4096)xF2879:C1439"
6976,24328800,0,4405996,12164400,0.1811,"AGL(1,2969)xF4007:C2003"
6977,24335776,1,24335776,24335776,1.0000,"AGL(1,6977) [exact]"
6978,24342753,0,6008311,12171376,0.2468,"AGL(1,3511)xF3467:C1733"
6979,24349731,0,3475542,12174865,0.1427,7x(997:996)diag+rot
6980,24356710,0,3171901,12178355,0.1302,"AGL(1,2617)xF4363:C727"
6981,24363690,0,675821,12181845,0.0277,"AGL(1,2048)xF4933:C137"
6982,24370671,0,12183590,12185335,0.4999,2x(3491:1745)diag+rot
6983,24377653,1,24377653,24377653,1.0000,"AGL(1,6983) [exact]"
6984,24384636,0,6008311,12192318,0.2464,"AGL(1,3517)xF3467:C1733"
6985,24391620,0,2096128,12195810,0.0859,"AGL(1,2048)xF4937:C617"
6986,24398605,0,2799617,12199302,0.1147,"AGL(1,2887)xF4099:C683"
6987,24405591,0,669533,12202795,0.0274,"F1259+(4q+1=1637)+(10q+1=4091),q=409"
6988,24412578,0,5147236,12206289,0.2108,"AGL(1,3209)xF3779:C1889"
6989,24419566,0,933661,12209783,0.0382,"F1523+(2q+1=1367)+(6q+1=4099),q=683"
6990,24426555,0,5076891,12213277,0.2078,"AGL(1,3187)xF3803:C1901"
6991,24433545,1,24433545,24433545,1.0000,"AGL(1,6991) [exact]"
6992,24440536,0,2573046,12220268,0.1053,"AGL(1,2269)xF4723:C787"
6993,24447528,0,524357,12223764,0.0214,"AGL(1,4096)xF2897:C181"
6994,24454521,0,6008311,12227260,0.2457,"AGL(1,3527)xF3467:C1733"
6995,24461515,0,4889505,12230757,0.1999,5x(1399:1398)diag+rot
6996,24468510,0,6008311,12234255,0.2456,"AGL(1,3529)xF3467:C1733"
6997,24475506,1,24475506,24475506,1.0000,"AGL(1,6997) [exact]"
6998,24482503,0,12239502,12241251,0.4999,2x(3499:1749)diag+rot
6999,24489501,0,8160834,12244750,0.3332,3x(2333:2332)diag+rot
7000,24496500,0,6008311,12248250,0.2453,"AGL(1,3533)xF3467:C1733"
7001,24503500,1,24503500,24503500,1.0000,"AGL(1,7001) [exact]"
7002,24510501,0,4495501,12255250,0.1834,"AGL(1,4003)xF2999:C1499"
7003,24517503,0,853471,12258751,0.0348,"F1777+(2q+1=1307)+(6q+1=3919),q=653"
7004,24524506,0,2968266,12262253,0.1210,"AGL(1,2437)xF4567:C761"
7005,24531510,0,2114843,12265755,0.0862,"AGL(1,4096)xF2909:C727"
7006,24538515,0,6008311,12269257,0.2449,"AGL(1,3539)xF3467:C1733"
7007,24545521,0,822403,12272760,0.0335,"F1877+(2q+1=1283)+(6q+1=3847),q=641"
7008,24552528,0,6008311,12276264,0.2447,"AGL(1,3541)xF3467:C1733"
7009,24559536,0,933661,12279768,0.0380,"F1543+(2q+1=1367)+(6q+1=4099),q=683"
7010,24566545,0,3171901,12283272,0.1291,"AGL(1,2647)xF4363:C727"
7011,24573555,0,669533,12286777,0.0272,"F1283+(4q+1=1637)+(10q+1=4091),q=409"
7012,24580566,0,5740966,12290283,0.2336,"AGL(1,3389)xF3623:C1811"
7013,24587578,1,24587578,24587578,1.0000,"AGL(1,7013) [exact]"
7014,24594591,0,6008311,12297295,0.2443,"AGL(1,3547)xF3467:C1733"
7015,24601605,0,948697,12300802,0.0386,"AGL(1,2048)xF4967:C191"
7016,24608620,0,2823876,12304310,0.1148,"AGL(1,2377)xF4639:C773"
7017,24615636,0,8202873,12307818,0.3332,3x(2339:2338)diag+rot
7018,24622653,0,5013361,12311326,0.2036,"AGL(1,3851)xF3167:C1583"
7019,24629671,1,24629671,24629671,1.0000,"AGL(1,7019) [exact]"
7020,24636690,0,5172936,12318345,0.2100,"AGL(1,3217)xF3803:C1901"
7021,24643710,0,779376,12321855,0.0316,"F1249+(4q+1=2309)+(6q+1=3463),q=577"
7022,24650731,0,12323610,12325365,0.4999,2x(3511:1755)diag+rot
7023,24657753,0,2738970,12328876,0.1111,3x(2341:2340)diag
7024,24664776,0,6008311,12332388,0.2436,"AGL(1,3557)xF3467:C1733"
7025,24671800,0,933661,12335900,0.0378,"F1559+(2q+1=1367)+(6q+1=4099),q=683"
7026,24678825,0,6008311,12339412,0.2435,"AGL(1,3559)xF3467:C1733"
7027,24685851,1,24685851,24685851,1.0000,"AGL(1,7027) [exact]"
7028,24692878,0,3176460,12346439,0.1286,"AGL(1,2521)xF4507:C751"
7029,24699906,0,669533,12349953,0.0271,"F1301+(4q+1=1637)+(10q+1=4091),q=409"
7030,24706935,0,5802121,12353467,0.2348,"AGL(1,3407)xF3623:C1811"
7031,24713965,0,822403,12356982,0.0333,"F1901+(2q+1=1283)+(6q+1=3847),q=641"
7032,24720996,0,5289378,12360498,0.2140,"AGL(1,3253)xF3779:C1889"
7033,24728028,0,1898910,12364014,0.0768,13x(541:540)diag+rot
7034,24735061,0,6182886,12367530,0.2500,2x(3517:3516)diag
7035,24742095,0,1381399,12371047,0.0558,"AGL(1,2048)xF4987:C277"
7036,24749130,0,5822578,12374565,0.2353,"AGL(1,3413)xF3623:C1811"
7037,24756166,0,933661,12378083,0.0377,"F1571+(2q+1=1367)+(6q+1=4099),q=683"
7038,24763203,0,6008311,12381601,0.2426,"AGL(1,3571)xF3467:C1733"
7039,24770241,1,24770241,24770241,1.0000,"AGL(1,7039) [exact]"
7040,24777280,0,3171901,12388640,0.1280,"AGL(1,2677)xF4363:C727"
7041,24784320,0,2753031,12392160,0.1111,3x(2347:2346)diag
7042,24791361,0,4862521,12395680,0.1961,"AGL(1,3923)xF3119:C1559"
7043,24798403,1,24798403,24798403,1.0000,"AGL(1,7043) [exact]"
7044,24805446,0,5057790,12402723,0.2039,"AGL(1,3181)xF3863:C1931"
7045,24812490,0,4959680,12406245,0.1999,5x(1409:1408)diag+rot
7046,24819535,0,3221991,12409767,0.1298,"AGL(1,2539)xF4507:C751"
7047,24826581,0,852687,12413290,0.0343,29x(243:242)diag+rot
7048,24833628,0,6008311,12416814,0.2419,"AGL(1,3581)xF3467:C1733"
7049,24840676,0,933661,12420338,0.0376,"F1583+(2q+1=1367)+(6q+1=4099),q=683"
7050,24847725,0,6008311,12423862,0.2418,"AGL(1,3583)xF3467:C1733"
7051,24854775,0,2256320,12427387,0.0908,11x(641:640)diag+rot
7052,24861826,0,3171901,12430913,0.1276,"AGL(1,2689)xF4363:C727"
7053,24868878,0,8287275,12434439,0.3332,3x(2351:2350)diag+rot
7054,24875931,0,12436202,12437965,0.4999,2x(3527:1763)diag+rot
7055,24882985,0,822403,12441492,0.0331,"F1283+(4q+1=2309)+(6q+1=3463),q=577"
7056,24890040,0,5891028,12445020,0.2367,"AGL(1,3433)xF3623:C1811"
7057,24897096,1,24897096,24897096,1.0000,"AGL(1,7057) [exact]"
7058,24904153,0,6225156,12452076,0.2500,2x(3529:3528)diag
7059,24911211,0,4388203,12455605,0.1762,"AGL(1,4096)xF2963:C1481"
7060,24918270,0,6008311,12459135,0.2411,"AGL(1,3593)xF3467:C1733"
7061,24925330,0,1080333,12462665,0.0433,23x(307:306)diag+rot
7062,24932391,0,5308911,12466195,0.2129,"AGL(1,3259)xF3803:C1901"
7063,24939453,0,933661,12469726,0.0374,"F1597+(2q+1=1367)+(6q+1=4099),q=683"
7064,24946516,0,3267846,12473258,0.1310,"AGL(1,2557)xF4507:C751"
7065,24953580,0,518671,12476790,0.0208,"F1973+(2q+1=1019)+(8q+1=4073),q=509"
7066,24960645,0,6239278,12480322,0.2500,2x(3533:3532)diag
7067,24967711,0,933661,12483855,0.0374,"F1601+(2q+1=1367)+(6q+1=4099),q=683"
7068,24974778,0,4868760,12487389,0.1949,"AGL(1,3121)xF3947:C1973"
7069,24981846,1,24981846,24981846,1.0000,"AGL(1,7069) [exact]"
7070,24988915,0,3171901,12494457,0.1269,"AGL(1,2707)xF4363:C727"
7071,24995985,0,8329638,12497992,0.3332,3x(2357:2356)diag+rot
7072,25003056,0,5946076,12501528,0.2378,"AGL(1,3449)xF3623:C1811"
7073,25010128,0,2270433,12505064,0.0908,11x(643:642)diag+rot
7074,25017201,0,6008311,12508600,0.2402,"AGL(1,3607)xF3467:C1733"
7075,25024275,0,933661,12512137,0.0373,"F1609+(2q+1=1367)+(6q+1=4099),q=683"
7076,25031350,0,3171901,12515675,0.1267,"AGL(1,2713)xF4363:C727"
7077,25038426,0,523776,12519213,0.0209,"AGL(1,1024)xF6053:C89"
7078,25045503,0,12520982,12522751,0.4999,2x(3539:1769)diag+rot
7079,25052581,1,25052581,25052581,1.0000,"AGL(1,7079) [exact]"
7080,25059660,0,6008311,12529830,0.2398,"AGL(1,3613)xF3467:C1733"
7081,25066740,0,822403,12533370,0.0328,"F1951+(2q+1=1283)+(6q+1=3847),q=641"
7082,25073821,0,6267570,12536910,0.2500,2x(3541:3540)diag
7083,25080903,0,580637,12540451,0.0232,"F1483+(6q+1=1867)+(12q+1=3733),q=311"
7084,25087986,0,6008311,12543993,0.2395,"AGL(1,3617)xF3467:C1733"
7085,25095070,0,933661,12547535,0.0372,"F1619+(2q+1=1367)+(6q+1=4099),q=683"
7086,25102155,0,5994453,12551077,0.2388,"AGL(1,3463)xF3623:C1811"
7087,25109241,0,1318182,12554620,0.0525,19x(373:372)diag+rot
7088,25116328,0,3176460,12558164,0.1265,"AGL(1,2521)xF4567:C761"
7089,25123416,0,669533,12561708,0.0266,"F1361+(4q+1=1637)+(10q+1=4091),q=409"
7090,25130505,0,6008311,12565252,0.2391,"AGL(1,3467)xF3623:C1811"
7091,25137595,0,3588046,12568797,0.1427,7x(1013:1012)diag+rot
7092,25144686,0,6015246,12572343,0.2392,"AGL(1,3469)xF3623:C1811"
7093,25151778,0,933661,12575889,0.0371,"F1627+(2q+1=1367)+(6q+1=4099),q=683"
7094,25158871,0,12577662,12579435,0.4999,2x(3547:1773)diag+rot
7095,25165965,0,4495501,12582982,0.1786,"AGL(1,4096)xF2999:C1499"
7096,25173060,0,5013361,12586530,0.1992,"AGL(1,3929)xF3167:C1583"
7097,25180156,0,853471,12590078,0.0339,"F1871+(2q+1=1307)+(6q+1=3919),q=653"
7098,25187253,0,6008311,12593626,0.2385,"AGL(1,3631)xF3467:C1733"
7099,25194351,0,879801,12597175,0.0349,"F1327+(4q+1=2309)+(6q+1=3463),q=577"
7100,25201450,0,3360528,12600725,0.1333,"AGL(1,2593)xF4507:C751"
7101,25208550,0,669533,12604275,0.0266,"F1373+(4q+1=1637)+(10q+1=4091),q=409"
7102,25215651,0,5519503,12607825,0.2189,"AGL(1,3323)xF3779:C1889"
7103,25222753,1,25222753,25222753,1.0000,"AGL(1,7103) [exact]"
7104,25229856,0,6056940,12614928,0.2401,"AGL(1,3481)xF3623:C1811"
7105,25236960,0,853471,12618480,0.0338,"F1879+(2q+1=1307)+(6q+1=3919),q=653"
7106,25244065,0,3221991,12622032,0.1276,"AGL(1,2539)xF4567:C761"
7107,25251171,0,1421579,12625585,0.0563,"AGL(1,2048)xF5059:C281"
7108,25258278,0,5539456,12629139,0.2193,"AGL(1,3329)xF3779:C1889"
7109,25265386,1,25265386,25265386,1.0000,"AGL(1,7109) [exact]"
7110,25272495,0,6008311,12636247,0.2377,"AGL(1,3643)xF3467:C1733"
7111,25279605,0,764466,12639802,0.0302,"F1237+(6q+1=2203)+(10q+1=3671),q=367"
7112,25286716,0,3171901,12643358,0.1254,"AGL(1,2749)xF4363:C727"
7113,25293828,0,2809635,12646914,0.1111,3x(2371:2370)diag
7114,25300941,0,6324346,12650470,0.2500,2x(3557:3556)diag
7115,25308055,0,5058765,12654027,0.1999,5x(1423:1422)diag+rot
7116,25315170,0,5486328,12657585,0.2167,"AGL(1,3313)xF3803:C1901"
7117,25322286,0,2298791,12661143,0.0908,11x(647:646)diag+rot
7118,25329403,0,12662922,12664701,0.4999,2x(3559:1779)diag+rot
7119,25336521,0,4567753,12668260,0.1803,"AGL(1,4096)xF3023:C1511"
7120,25343640,0,5302396,12671820,0.2092,"AGL(1,3257)xF3863:C1931"
7121,25350760,1,25350760,25350760,1.0000,"AGL(1,7121) [exact]"
7122,25357881,0,6119751,12678940,0.2413,"AGL(1,3499)xF3623:C1811"
7123,25365003,0,1488707,12682501,0.0587,17x(419:418)diag+rot
7124,25372126,0,3384757,12686063,0.1334,"AGL(1,2617)xF4507:C751"
7125,25379250,0,515387,12689625,0.0203,"F1849+(6q+1=1759)+(12q+1=3517),q=293"
7126,25386375,0,6008311,12693187,0.2367,"AGL(1,3659)xF3467:C1733"
7127,25393501,1,25393501,25393501,1.0000,"AGL(1,7127) [exact]"
7128,25400628,0,5057790,12700314,0.1991,"AGL(1,3181)xF3947:C1973"
7129,25407756,1,25407756,25407756,1.0000,"AGL(1,7129) [exact]"
7130,25414885,0,3171901,12707442,0.1248,"AGL(1,2767)xF4363:C727"
7131,25422015,0,2823876,12711007,0.1111,3x(2377:2376)diag
7132,25429146,0,5539456,12714573,0.2178,"AGL(1,3329)xF3803:C1901"
7133,25436278,0,3630697,12718139,0.1427,7x(1019:1018)diag+rot
7134,25443411,0,6161805,12721705,0.2422,"AGL(1,3511)xF3623:C1811"
7135,25450545,0,5087255,12725272,0.1999,5x(1427:1426)diag+rot
7136,25457680,0,2799617,12728840,0.1100,"AGL(1,3037)xF4099:C683"
7137,25464816,0,669533,12732408,0.0263,"F1409+(4q+1=1637)+(10q+1=4091),q=409"
7138,25471953,0,6008311,12735976,0.2359,"AGL(1,3671)xF3467:C1733"
7139,25479091,0,933661,12739545,0.0366,"F1367+(4q+1=2309)+(6q+1=3463),q=577"
7140,25486230,0,6182886,12743115,0.2426,"AGL(1,3517)xF3623:C1811"
7141,25493370,0,936396,12746685,0.0367,"F1369+(4q+1=2309)+(6q+1=3463),q=577"
7142,25500511,0,12748470,12750255,0.4999,2x(3571:1785)diag+rot
7143,25507653,0,8500170,12753826,0.3332,3x(2381:2380)diag+rot
7144,25514796,0,6008311,12757398,0.2355,"AGL(1,3677)xF3467:C1733"
7145,25521940,0,5101530,12760970,0.1999,5x(1429:1428)diag+rot
7146,25529085,0,5586153,12764542,0.2188,"AGL(1,3343)xF3803:C1901"
7147,25536231,0,3644970,12768115,0.1427,7x(1021:1020)diag+rot
7148,25543378,0,2799617,12771689,0.1096,"AGL(1,3049)xF4099:C683"
7149,25550526,0,2838153,12775263,0.1111,3x(2383:2382)diag
7150,25557675,0,6218101,12778837,0.2433,"AGL(1,3527)xF3623:C1811"
7151,25564825,1,25564825,25564825,1.0000,"AGL(1,7151) [exact]"
7152,25571976,0,6225156,12785988,0.2434,"AGL(1,3529)xF3623:C1811"
7153,25579128,0,1108715,12789564,0.0433,23x(311:310)diag+rot
7154,25586281,0,3384757,12793140,0.1323,"AGL(1,2647)xF4507:C751"
7155,25593435,0,669533,12796717,0.0262,"F1427+(4q+1=1637)+(10q+1=4091),q=409"
7156,25600590,0,6239278,12800295,0.2437,"AGL(1,3533)xF3623:C1811"
7157,25607746,0,1502970,12803873,0.0587,17x(421:420)diag+rot
7158,25614903,0,6008311,12807451,0.2346,"AGL(1,3691)xF3467:C1733"
7159,25622061,1,25622061,25622061,1.0000,"AGL(1,7159) [exact]"
7160,25629220,0,3360528,12814610,0.1311,"AGL(1,2593)xF4567:C761"
7161,25636380,0,669533,12818190,0.0261,"F1433+(4q+1=1637)+(10q+1=4091),q=409"
7162,25643541,0,6409990,12821770,0.2500,2x(3581:3580)diag
7163,25650703,0,933661,12825351,0.0364,"F1697+(2q+1=1367)+(6q+1=4099),q=683"
7164,25657866,0,6267570,12828933,0.2443,"AGL(1,3541)xF3623:C1811"
7165,25665030,0,5130140,12832515,0.1999,5x(1433:1432)diag+rot
7166,25672195,0,12834306,12836097,0.4999,2x(3583:1791)diag+rot
7167,25679361,0,2852466,12839680,0.1111,3x(2389:2388)diag
7168,25686528,0,6008311,12843264,0.2339,"AGL(1,3701)xF3467:C1733"
7169,25693696,0,822403,12846848,0.0320,"F2039+(2q+1=1283)+(6q+1=3847),q=641"
7170,25700865,0,6288831,12850432,0.2447,"AGL(1,3547)xF3623:C1811"
7171,25708035,0,977901,12854017,0.0380,"F1399+(4q+1=2309)+(6q+1=3463),q=577"
7172,25715206,0,3171901,12857603,0.1233,"AGL(1,2809)xF4363:C727"
7173,25722378,0,518671,12861189,0.0202,"F2081+(2q+1=1019)+(8q+1=4073),q=509"
7174,25729551,0,5680135,12864775,0.2208,"AGL(1,3371)xF3803:C1901"
7175,25736725,0,933661,12868362,0.0363,"F1709+(2q+1=1367)+(6q+1=4099),q=683"
7176,25743900,0,6008311,12871950,0.2334,"AGL(1,3709)xF3467:C1733"
7177,25751076,1,25751076,25751076,1.0000,"AGL(1,7177) [exact]"
7178,25758253,0,3384757,12879126,0.1314,"AGL(1,2671)xF4507:C751"
7179,25765431,0,8586084,12882715,0.3332,3x(2393:2392)diag+rot
7180,25772610,0,6324346,12886305,0.2454,"AGL(1,3557)xF3623:C1811"
7181,25779790,0,991936,12889895,0.0385,"F1409+(4q+1=2309)+(6q+1=3463),q=577"
7182,25786971,0,6331461,12893485,0.2455,"AGL(1,3559)xF3623:C1811"
7183,25794153,0,2341658,12897076,0.0908,11x(653:652)diag+rot
7184,25801336,0,3423036,12900668,0.1327,"AGL(1,2617)xF4567:C761"
7185,25808520,0,596177,12904260,0.0231,"AGL(1,4096)xF3089:C193"
7186,25815705,0,6453028,12907852,0.2500,2x(3593:3592)diag
7187,25822891,1,25822891,25822891,1.0000,"AGL(1,7187) [exact]"
7188,25830078,0,6008311,12915039,0.2326,"AGL(1,3721)xF3467:C1733"
7189,25837266,0,933661,12918633,0.0361,"F1723+(2q+1=1367)+(6q+1=4099),q=683"
7190,25844455,0,3384757,12922227,0.1310,"AGL(1,2683)xF4507:C751"
7191,25851645,0,518671,12925822,0.0201,"F2099+(2q+1=1019)+(8q+1=4073),q=509"
7192,25858836,0,5822578,12929418,0.2252,"AGL(1,3413)xF3779:C1889"
7193,25866028,1,25866028,25866028,1.0000,"AGL(1,7193) [exact]"
7194,25873221,0,6374235,12936610,0.2464,"AGL(1,3571)xF3623:C1811"
7195,25880415,0,5173205,12940207,0.1999,5x(1439:1438)diag+rot
7196,25887610,0,3384757,12943805,0.1307,"AGL(1,2689)xF4507:C751"
7197,25894806,0,8629203,12947403,0.3332,3x(2399:2398)diag+rot
7198,25902003,0,5282875,12951001,0.2040,"AGL(1,3251)xF3947:C1973"
7199,25909201,0,1123044,12954600,0.0433,23x(313:312)diag+rot
7200,25916400,0,6008311,12958200,0.2318,"AGL(1,3733)xF3467:C1733"
7201,25923600,0,1360989,12961800,0.0525,19x(379:378)diag+rot
7202,25930801,0,2211301,12965400,0.0853,"AGL(1,3559)xF3643:C607"
7203,25938003,0,2881200,12969001,0.1111,3x(2401:2400)diag
7204,25945206,0,6409990,12972603,0.2471,"AGL(1,3581)xF3623:C1811"
7205,25952410,0,1026028,12976205,0.0395,"F1433+(4q+1=2309)+(6q+1=3463),q=577"
7206,25959615,0,6417153,12979807,0.2472,"AGL(1,3583)xF3623:C1811"
7207,25966821,1,25966821,25966821,1.0000,"AGL(1,7207) [exact]"
7208,25974028,0,2799617,12987014,0.1078,"AGL(1,3109)xF4099:C683"
7209,25981236,0,669533,12990618,0.0258,"F1481+(4q+1=1637)+(10q+1=4091),q=409"
7210,25988445,0,5802121,12994222,0.2233,"AGL(1,3407)xF3803:C1901"
7211,25995655,1,25995655,25995655,1.0000,"AGL(1,7211) [exact]"
7212,26002866,0,5891028,13001433,0.2266,"AGL(1,3433)xF3779:C1889"
7213,26010078,1,26010078,26010078,1.0000,"AGL(1,7213) [exact]"
7214,26017291,0,13006842,13008645,0.4999,2x(3607:1803)diag+rot
7215,26024505,0,4862521,13012252,0.1868,"AGL(1,4096)xF3119:C1559"
7216,26031720,0,6453028,13015860,0.2479,"AGL(1,3593)xF3623:C1811"
7217,26038936,0,3716755,13019468,0.1427,7x(1031:1030)diag+rot
7218,26046153,0,5348085,13023076,0.2053,"AGL(1,3271)xF3947:C1973"
7219,26053371,1,26053371,26053371,1.0000,"AGL(1,7219) [exact]"
7220,26060590,0,3384757,13030295,0.1299,"AGL(1,2713)xF4507:C751"
7221,26067810,0,669533,13033905,0.0257,"F1493+(4q+1=1637)+(10q+1=4091),q=409"
7222,26075031,0,5639761,13037515,0.2163,"AGL(1,3359)xF3863:C1931"
7223,26082253,0,1051975,13041126,0.0403,"F1451+(4q+1=2309)+(6q+1=3463),q=577"
7224,26089476,0,5646480,13044738,0.2164,"AGL(1,3361)xF3863:C1931"
7225,26096700,0,1054878,13048350,0.0404,"F1453+(4q+1=2309)+(6q+1=3463),q=577"
7226,26103925,0,6525078,13051962,0.2500,2x(3613:3612)diag
7227,26111151,0,2096128,13055575,0.0803,"AGL(1,2048)xF5179:C863"
7228,26118378,0,6008311,13059189,0.2300,"AGL(1,3761)xF3467:C1733"
7229,26125606,1,26125606,26125606,1.0000,"AGL(1,7229) [exact]"
7230,26132835,0,6503421,13066417,0.2489,"AGL(1,3607)xF3623:C1811"
7231,26140065,0,3731196,13070032,0.1427,7x(1033:1032)diag+rot
7232,26147296,0,3360528,13073648,0.1285,"AGL(1,2593)xF4639:C773"
7233,26154528,0,8715765,13077264,0.3332,3x(2411:2410)diag+rot
7234,26161761,0,6539536,13080880,0.2500,2x(3617:3616)diag
7235,26168995,0,5230905,13084497,0.1999,5x(1447:1446)diag+rot
7236,26176230,0,6525078,13088115,0.2493,"AGL(1,3613)xF3623:C1811"
7237,26183466,1,26183466,26183466,1.0000,"AGL(1,7237) [exact]"
7238,26190703,0,3475487,13095351,0.1327,"AGL(1,2671)xF4567:C761"
7239,26197941,0,669533,13098970,0.0256,"F1511+(4q+1=1637)+(10q+1=4091),q=409"
7240,26205180,0,6539536,13102590,0.2496,"AGL(1,3617)xF3623:C1811"
7241,26212420,0,2012998,13106210,0.0768,13x(557:556)diag+rot
7242,26219661,0,5994453,13109830,0.2286,"AGL(1,3463)xF3779:C1889"
7243,26226903,1,26226903,26226903,1.0000,"AGL(1,7243) [exact]"
7244,26234146,0,3475487,13117073,0.1325,"AGL(1,2677)xF4567:C761"
7245,26241390,0,2096128,13120695,0.0799,"AGL(1,2048)xF5197:C433"
7246,26248635,0,13122506,13124317,0.4999,2x(3623:1811)diag+rot
7247,26255881,1,26255881,26255881,1.0000,"AGL(1,7247) [exact]"
7248,26263128,0,6015246,13131564,0.2290,"AGL(1,3469)xF3779:C1889"
7249,26270376,0,2384921,13135188,0.0908,11x(659:658)diag+rot
7250,26277625,0,3475487,13138812,0.1323,"AGL(1,2683)xF4567:C761"
7251,26284875,0,8759208,13142437,0.3332,3x(2417:2416)diag+rot
7252,26292126,0,5946076,13146063,0.2262,"AGL(1,3449)xF3803:C1901"
7253,26299378,1,26299378,26299378,1.0000,"AGL(1,7253) [exact]"
7254,26306631,0,6561253,13153315,0.2494,"AGL(1,3631)xF3623:C1811"
7255,26313885,0,1098903,13156942,0.0418,"F1483+(4q+1=2309)+(6q+1=3463),q=577"
7256,26321140,0,3475487,13160570,0.1320,"AGL(1,2689)xF4567:C761"
7257,26328396,0,580637,13164198,0.0221,"F1657+(6q+1=1867)+(12q+1=3733),q=311"
7258,26335653,0,5282875,13167826,0.2006,"AGL(1,3251)xF4007:C2003"
7259,26342911,0,1104841,13171455,0.0419,"F1487+(4q+1=2309)+(6q+1=3463),q=577"
7260,26350170,0,6561253,13175085,0.2490,"AGL(1,3637)xF3623:C1811"
7261,26357430,0,1107816,13178715,0.0420,"F1489+(4q+1=2309)+(6q+1=3463),q=577"
7262,26364691,0,13180530,13182345,0.4999,2x(3631:1815)diag+rot
7263,26371953,0,5013361,13185976,0.1901,"AGL(1,4096)xF3167:C1583"
7264,26379216,0,6008311,13189608,0.2278,"AGL(1,3797)xF3467:C1733"
7265,26386480,0,5274390,13193240,0.1999,5x(1453:1452)diag+rot
7266,26393745,0,6561253,13196872,0.2486,"AGL(1,3643)xF3623:C1811"
7267,26401011,0,933661,13200505,0.0354,"F1801+(2q+1=1367)+(6q+1=4099),q=683"
7268,26408278,0,2799617,13204139,0.1060,"AGL(1,3169)xF4099:C683"
7269,26415546,0,8802759,13207773,0.3332,3x(2423:2422)diag+rot
7270,26422815,0,6091795,13211407,0.2306,"AGL(1,3491)xF3779:C1889"
7271,26430085,0,1122751,13215042,0.0425,"F1499+(4q+1=2309)+(6q+1=3463),q=577"
7272,26437356,0,6015246,13218678,0.2275,"AGL(1,3469)xF3803:C1901"
7273,26444628,0,3774687,13222314,0.1427,7x(1039:1038)diag+rot
7274,26451901,0,6612066,13225950,0.2500,2x(3637:3636)diag
7275,26459175,0,515387,13229587,0.0195,"F1999+(6q+1=1759)+(12q+1=3517),q=293"
7276,26466450,0,5822578,13233225,0.2200,"AGL(1,3413)xF3863:C1931"
7277,26473726,0,1389907,13236863,0.0525,19x(383:382)diag+rot
7278,26481003,0,6119751,13240501,0.2311,"AGL(1,3499)xF3779:C1889"
7279,26488281,0,2096128,13244140,0.0791,"AGL(1,2048)xF5231:C523"
7280,26495560,0,3475487,13247780,0.1312,"AGL(1,2713)xF4567:C761"
7281,26502840,0,669533,13251420,0.0253,"F1553+(4q+1=1637)+(10q+1=4091),q=409"
7282,26510121,0,6561253,13255060,0.2475,"AGL(1,3659)xF3623:C1811"
7283,26517403,1,26517403,26517403,1.0000,"AGL(1,7283) [exact]"
7284,26524686,0,6056940,13262343,0.2284,"AGL(1,3481)xF3803:C1901"
7285,26531970,0,734681,13265985,0.0277,"F1321+(10q+1=2711)+(12q+1=3253),q=271"
7286,26539255,0,13267806,13269627,0.4999,2x(3643:1821)diag+rot
7287,26546541,0,669533,13273270,0.0252,"F1559+(4q+1=1637)+(10q+1=4091),q=409"
7288,26553828,0,6008311,13276914,0.2263,"AGL(1,3821)xF3467:C1733"
7289,26561116,0,933661,13280558,0.0352,"F1823+(2q+1=1367)+(6q+1=4099),q=683"
7290,26568405,0,6161805,13284202,0.2319,"AGL(1,3511)xF3779:C1889"
7291,26575695,0,1151978,13287847,0.0433,23x(317:316)diag+rot
7292,26582986,0,2559107,13291493,0.0963,"AGL(1,3373)xF3919:C653"
7293,26590278,0,580637,13295139,0.0218,"F1693+(6q+1=1867)+(12q+1=3733),q=311"
7294,26597571,0,6561253,13298785,0.2467,"AGL(1,3671)xF3623:C1811"
7295,26604865,0,5318055,13302432,0.1999,5x(1459:1458)diag+rot
7296,26612160,0,6561253,13306080,0.2466,"AGL(1,3673)xF3623:C1811"
7297,26619456,1,26619456,26619456,1.0000,"AGL(1,7297) [exact]"
7298,26626753,0,3533811,13313376,0.1327,"AGL(1,2659)xF4639:C773"
7299,26634051,0,5128003,13317025,0.1925,"AGL(1,4096)xF3203:C1601"
7300,26641350,0,6561253,13320675,0.2463,"AGL(1,3677)xF3623:C1811"
7301,26648650,0,808501,13324325,0.0303,"F1427+(6q+1=2203)+(10q+1=3671),q=367"
7302,26655951,0,6119751,13327975,0.2296,"AGL(1,3499)xF3803:C1901"
7303,26663253,0,1171215,13331626,0.0439,"F1531+(4q+1=2309)+(6q+1=3463),q=577"
7304,26670556,0,3384757,13335278,0.1269,"AGL(1,2797)xF4507:C751"
7305,26677860,0,1286809,13338930,0.0482,"AGL(1,4096)xF3209:C401"
7306,26685165,0,6218101,13342582,0.2330,"AGL(1,3527)xF3779:C1889"
7307,26692471,1,26692471,26692471,1.0000,"AGL(1,7307) [exact]"
7308,26699778,0,6225156,13349889,0.2332,"AGL(1,3529)xF3779:C1889"
7309,26707086,1,26707086,26707086,1.0000,"AGL(1,7309) [exact]"
7310,26714395,0,3565785,13357197,0.1335,"AGL(1,2671)xF4639:C773"
7311,26721705,0,2968266,13360852,0.1111,3x(2437:2436)diag
7312,26729016,0,6239278,13364508,0.2334,"AGL(1,3533)xF3779:C1889"
7313,26736328,0,933661,13368164,0.0349,"F1847+(2q+1=1367)+(6q+1=4099),q=683"
7314,26743641,0,6561253,13371820,0.2453,"AGL(1,3691)xF3623:C1811"
7315,26750955,0,1189653,13375477,0.0445,"F1543+(4q+1=2309)+(6q+1=3463),q=577"
7316,26758270,0,3581826,13379135,0.1339,"AGL(1,2677)xF4639:C773"
7317,26765586,0,822403,13382793,0.0307,"F2187+(2q+1=1283)+(6q+1=3847),q=641"
7318,26772903,0,13384622,13386451,0.4999,2x(3659:1829)diag+rot
7319,26780221,0,2056639,13390110,0.0768,13x(563:562)diag+rot
7320,26787540,0,6561253,13393770,0.2449,"AGL(1,3697)xF3623:C1811"
7321,26794860,1,26794860,26794860,1.0000,"AGL(1,7321) [exact]"
7322,26802181,0,3585947,13401090,0.1338,"AGL(1,2683)xF4639:C773"
7323,26809503,0,8934060,13404751,0.3332,3x(2441:2440)diag+rot
7324,26816826,0,6561253,13408413,0.2447,"AGL(1,3701)xF3623:C1811"
7325,26824150,0,1205128,13412075,0.0449,"F1553+(4q+1=2309)+(6q+1=3463),q=577"
7326,26831475,0,6288831,13415737,0.2344,"AGL(1,3547)xF3779:C1889"
7327,26838801,0,1575305,13419400,0.0587,17x(431:430)diag+rot
7328,26846128,0,3585947,13423064,0.1336,"AGL(1,2689)xF4639:C773"
7329,26853456,0,669533,13426728,0.0249,"F1601+(4q+1=1637)+(10q+1=4091),q=409"
7330,26860785,0,6218101,13430392,0.2315,"AGL(1,3527)xF3803:C1901"
7331,26868115,1,26868115,26868115,1.0000,"AGL(1,7331) [exact]"
7332,26875446,0,6561253,13437723,0.2441,"AGL(1,3709)xF3623:C1811"
7333,26882778,1,26882778,26882778,1.0000,"AGL(1,7333) [exact]"
7334,26890111,0,3475487,13445055,0.1292,"AGL(1,2767)xF4567:C761"
7335,26897445,0,669533,13448722,0.0249,"F1607+(4q+1=1637)+(10q+1=4091),q=409"
7336,26904780,0,6324346,13452390,0.2351,"AGL(1,3557)xF3779:C1889"
7337,26912116,0,933661,13456058,0.0347,"F1871+(2q+1=1367)+(6q+1=4099),q=683"
7338,26919453,0,6331461,13459726,0.2352,"AGL(1,3559)xF3779:C1889"
7339,26926791,0,1226961,13463395,0.0456,"F1567+(4q+1=2309)+(6q+1=3463),q=577"
7340,26934130,0,3423036,13467065,0.1271,"AGL(1,2617)xF4723:C787"
7341,26941470,0,8978043,13470735,0.3332,3x(2447:2446)diag+rot
7342,26948811,0,13472570,13474405,0.4999,2x(3671:1835)diag+rot
7343,26956153,0,3847732,13478076,0.1427,7x(1049:1048)diag+rot
7344,26963496,0,6561253,13481748,0.2433,"AGL(1,3721)xF3623:C1811"
7345,26970840,0,1753307,13485420,0.0650,"AGL(1,2048)xF5297:C331"
7346,26978185,0,6743628,13489092,0.2500,2x(3673:3672)diag
7347,26985531,0,669533,13492765,0.0248,"F1619+(4q+1=1637)+(10q+1=4091),q=409"
7348,26992878,0,6008311,13496439,0.2226,"AGL(1,3881)xF3467:C1733"
7349,27000226,1,27000226,27000226,1.0000,"AGL(1,7349) [exact]"
7350,27007575,0,6561253,13503787,0.2429,"AGL(1,3727)xF3623:C1811"
7351,27014925,1,27014925,27014925,1.0000,"AGL(1,7351) [exact]"
7352,27022276,0,3585947,13511138,0.1327,"AGL(1,2713)xF4639:C773"
7353,27029628,0,580637,13514814,0.0215,"F1753+(6q+1=1867)+(12q+1=3733),q=311"
7354,27036981,0,6758326,13518490,0.2500,2x(3677:3676)diag
7355,27044335,0,1252153,13522167,0.0463,"F1583+(4q+1=2309)+(6q+1=3463),q=577"
7356,27051690,0,6561253,13525845,0.2425,"AGL(1,3733)xF3623:C1811"
7357,27059046,0,2096128,13529523,0.0775,"AGL(1,2048)xF5309:C1327"
7358,27066403,0,3585947,13533201,0.1325,"AGL(1,2719)xF4639:C773"
7359,27073761,0,580637,13536880,0.0214,"F1759+(6q+1=1867)+(12q+1=3733),q=311"
7360,27081120,0,6409990,13540560,0.2367,"AGL(1,3581)xF3779:C1889"
7361,27088480,0,1589976,13544240,0.0587,17x(433:432)diag+rot
7362,27095841,0,6561253,13547920,0.2421,"AGL(1,3739)xF3623:C1811"
7363,27103203,0,853471,13551601,0.0315,"F2137+(2q+1=1307)+(6q+1=3919),q=653"
7364,27110566,0,3475487,13555283,0.1282,"AGL(1,2797)xF4567:C761"
7365,27117930,0,669533,13558965,0.0247,"F1637+(4q+1=1637)+(10q+1=4091),q=409"
7366,27125295,0,5639761,13562647,0.2079,"AGL(1,3359)xF4007:C2003"
7367,27132661,0,933661,13566330,0.0344,"F1901+(2q+1=1367)+(6q+1=4099),q=683"
7368,27140028,0,5646480,13570014,0.2080,"AGL(1,3361)xF4007:C2003"
7369,27147396,1,27147396,27147396,1.0000,"AGL(1,7369) [exact]"
7370,27154765,0,3585947,13577382,0.1321,"AGL(1,2731)xF4639:C773"
7371,27162135,0,2096128,13581067,0.0772,"AGL(1,2048)xF5323:C887"
7372,27169506,0,6453028,13584753,0.2375,"AGL(1,3593)xF3779:C1889"
7373,27176878,0,1280800,13588439,0.0471,"F1601+(4q+1=2309)+(6q+1=3463),q=577"
7374,27184251,0,6374235,13592125,0.2345,"AGL(1,3571)xF3803:C1901"
7375,27191625,0,579157,13595812,0.0213,"F1993+(8q+1=2153)+(12q+1=3229),q=269"
7376,27199000,0,3475487,13599500,0.1278,"AGL(1,2809)xF4567:C761"
7377,27206376,0,9066333,13603188,0.3332,3x(2459:2458)diag+rot
7378,27213753,0,6008311,13606876,0.2208,"AGL(1,3911)xF3467:C1733"
7379,27221131,0,1290421,13610565,0.0474,"F1607+(4q+1=2309)+(6q+1=3463),q=577"
7380,27228510,0,6182886,13614255,0.2271,"AGL(1,3517)xF3863:C1931"
7381,27235890,0,1293636,13617945,0.0475,"F1609+(4q+1=2309)+(6q+1=3463),q=577"
7382,27243271,0,13619790,13621635,0.4999,2x(3691:1845)diag+rot
7383,27250653,0,580637,13625326,0.0213,"F1783+(6q+1=1867)+(12q+1=3733),q=311"
7384,27258036,0,6561253,13629018,0.2407,"AGL(1,3761)xF3623:C1811"
7385,27265420,0,1300078,13632710,0.0477,"F1613+(4q+1=2309)+(6q+1=3463),q=577"
7386,27272805,0,6503421,13636402,0.2385,"AGL(1,3607)xF3779:C1889"
7387,27280191,0,853471,13640095,0.0313,"F2161+(2q+1=1307)+(6q+1=3919),q=653"
7388,27287578,0,3585947,13643789,0.1314,"AGL(1,2749)xF4639:C773"
7389,27294966,0,580637,13647483,0.0213,"F1789+(6q+1=1867)+(12q+1=3733),q=311"
7390,27302355,0,6561253,13651177,0.2403,"AGL(1,3767)xF3623:C1811"
7391,27309745,0,1433854,13654872,0.0525,19x(389:388)diag+rot
7392,27317136,0,6561253,13658568,0.2402,"AGL(1,3769)xF3623:C1811"
7393,27324528,1,27324528,27324528,1.0000,"AGL(1,7393) [exact]"
7394,27331921,0,6832056,13665960,0.2500,2x(3697:3696)diag
7395,27339315,0,1299321,13669657,0.0475,"AGL(1,2048)xF5347:C243"
7396,27346710,0,6539536,13673355,0.2391,"AGL(1,3617)xF3779:C1889"
7397,27354106,0,2100748,13677053,0.0768,13x(569:568)diag+rot
7398,27361503,0,6008311,13680751,0.2196,"AGL(1,3931)xF3467:C1733"
7399,27368901,0,1322751,13684450,0.0483,"F1627+(4q+1=2309)+(6q+1=3463),q=577"
7400,27376300,0,3581826,13688150,0.1308,"AGL(1,2677)xF4723:C787"
7401,27383700,0,3041811,13691850,0.1111,3x(2467:2466)diag
7402,27391101,0,6846850,13695550,0.2500,2x(3701:3700)diag
7403,27398503,0,2487408,13699251,0.0908,11x(673:672)diag+rot
7404,27405906,0,6267570,13702953,0.2287,"AGL(1,3541)xF3863:C1931"
7405,27413310,0,1095940,13706655,0.0400,5x(1481:1480)diag
7406,27420715,0,3597903,13710357,0.1312,"AGL(1,2683)xF4723:C787"
7407,27428121,0,579157,13714060,0.0211,"F1487+(8q+1=2153)+(14q+1=3767),q=269"
7408,27435528,0,5987530,13717764,0.2182,"AGL(1,3461)xF3947:C1973"
7409,27442936,0,1332293,13721468,0.0485,"F1637+(4q+1=2309)+(6q+1=3463),q=577"
7410,27450345,0,6590265,13725172,0.2401,"AGL(1,3631)xF3779:C1889"
7411,27457755,1,27457755,27457755,1.0000,"AGL(1,7411) [exact]"
7412,27465166,0,3614016,13732583,0.1316,"AGL(1,2689)xF4723:C787"
7413,27472578,0,853471,13736289,0.0311,"F2187+(2q+1=1307)+(6q+1=3919),q=653"
7414,27479991,0,6008311,13739995,0.2186,"AGL(1,3467)xF3947:C1973"
7415,27487405,0,5494515,13743702,0.1999,5x(1483:1482)diag+rot
7416,27494820,0,6612066,13747410,0.2405,"AGL(1,3637)xF3779:C1889"
7417,27502236,1,27502236,27502236,1.0000,"AGL(1,7417) [exact]"
7418,27509653,0,6876486,13754826,0.2500,2x(3709:3708)diag
7419,27517071,0,3056628,13758535,0.1111,3x(2473:2472)diag
7420,27524490,0,6561253,13762245,0.2384,"AGL(1,3797)xF3623:C1811"
7421,27531910,0,885115,13765955,0.0321,"F1331+(2q+1=1523)+(6q+1=4567),q=761"
7422,27539331,0,6633903,13769665,0.2409,"AGL(1,3643)xF3779:C1889"
7423,27546753,0,2115555,13773376,0.0768,13x(571:570)diag+rot
7424,27554176,0,3475487,13777088,0.1261,"AGL(1,2857)xF4567:C761"
7425,27561600,0,669533,13780800,0.0243,"F1697+(4q+1=1637)+(10q+1=4091),q=409"
7426,27569025,0,6561253,13784512,0.2380,"AGL(1,3623)xF3803:C1901"
7427,27576451,0,3936310,13788225,0.1427,7x(1061:1060)diag+rot
7428,27583878,0,6056940,13791939,0.2196,"AGL(1,3481)xF3947:C1973"
7429,27591306,0,1447489,13795653,0.0525,"AGL(1,2048)xF5381:C269"
7430,27598735,0,3662571,13799367,0.1327,"AGL(1,2707)xF4723:C787"
7431,27606165,0,9199578,13803082,0.3332,3x(2477:2476)diag+rot
7432,27613596,0,5128003,13806798,0.1857,"AGL(1,4229)xF3203:C1601"
7433,27621028,1,27621028,27621028,1.0000,"AGL(1,7433) [exact]"
7434,27628461,0,6590265,13814230,0.2385,"AGL(1,3631)xF3803:C1901"
7435,27635895,0,5524205,13817947,0.1999,5x(1487:1486)diag+rot
7436,27643330,0,3678828,13821665,0.1331,"AGL(1,2713)xF4723:C787"
7437,27650766,0,669533,13825383,0.0242,"F1709+(4q+1=1637)+(10q+1=4091),q=409"
7438,27658203,0,13827242,13829101,0.4999,2x(3719:1859)diag+rot
7439,27665641,0,1862051,13832820,0.0673,"AGL(1,4096)xF3343:C557"
7440,27673080,0,6612066,13836540,0.2389,"AGL(1,3637)xF3803:C1901"
7441,27680520,0,3951171,13840260,0.1427,7x(1063:1062)diag+rot
7442,27687961,0,6921060,13843980,0.2500,2x(3721:3720)diag
7443,27695403,0,799933,13847701,0.0289,"AGL(1,4096)xF3347:C239"
7444,27702846,0,6561253,13851423,0.2368,"AGL(1,3821)xF3623:C1811"
7445,27710290,0,5539080,13855145,0.1999,5x(1489:1488)diag+rot
7446,27717735,0,6633903,13858867,0.2393,"AGL(1,3643)xF3803:C1901"
7447,27725181,0,2517086,13862590,0.0908,11x(677:676)diag+rot
7448,27732628,0,3585947,13866314,0.1293,"AGL(1,2809)xF4639:C773"
7449,27740076,0,669533,13870038,0.0241,"F1721+(4q+1=1637)+(10q+1=4091),q=409"
7450,27747525,0,6736285,13873762,0.2428,"AGL(1,3671)xF3779:C1889"
7451,27754975,1,27754975,27754975,1.0000,"AGL(1,7451) [exact]"
7452,27762426,0,6743628,13881213,0.2429,"AGL(1,3673)xF3779:C1889"
7453,27769878,0,1332293,13884939,0.0480,"F1681+(4q+1=2309)+(6q+1=3463),q=577"
7454,27777331,0,13886802,13888665,0.4999,2x(3727:1863)diag+rot
7455,27784785,0,515387,13892392,0.0185,"F2179+(6q+1=1759)+(12q+1=3517),q=293"
7456,27792240,0,6758326,13896120,0.2432,"AGL(1,3677)xF3779:C1889"
7457,27799696,1,27799696,27799696,1.0000,"AGL(1,7457) [exact]"
7458,27807153,0,6161805,13903576,0.2216,"AGL(1,3511)xF3947:C1973"
7459,27814611,1,27814611,27814611,1.0000,"AGL(1,7459) [exact]"
7460,27822070,0,3581826,13911035,0.1287,"AGL(1,2677)xF4783:C797"
7461,27829530,0,669533,13914765,0.0241,"F1733+(4q+1=1637)+(10q+1=4091),q=409"
7462,27836991,0,6692311,13918495,0.2404,"AGL(1,3659)xF3803:C1901"
7463,27844453,0,1634397,13922226,0.0587,17x(439:438)diag+rot
7464,27851916,0,6182886,13925958,0.2220,"AGL(1,3517)xF3947:C1973"
7465,27859380,0,5568890,13929690,0.1999,5x(1493:1492)diag+rot
7466,27866845,0,6965778,13933422,0.2500,2x(3733:3732)diag
7467,27874311,0,1136027,13937155,0.0408,"AGL(1,4096)xF3371:C337"
7468,27881778,0,6008311,13940889,0.2155,"AGL(1,4001)xF3467:C1733"
7469,27889246,0,1332293,13944623,0.0478,"F1697+(4q+1=2309)+(6q+1=3463),q=577"
7470,27896715,0,6809895,13948357,0.2441,"AGL(1,3691)xF3779:C1889"
7471,27904185,0,1332293,13952092,0.0477,"F1699+(4q+1=2309)+(6q+1=3463),q=577"
7472,27911656,0,3717001,13955828,0.1332,"AGL(1,2749)xF4723:C787"
7473,27919128,0,580637,13959564,0.0208,"F1873+(6q+1=1867)+(12q+1=3733),q=311"
7474,27926601,0,6736285,13963300,0.2412,"AGL(1,3671)xF3803:C1901"
7475,27934075,0,808501,13967037,0.0289,"F1601+(6q+1=2203)+(10q+1=3671),q=367"
7476,27941550,0,6832056,13970775,0.2445,"AGL(1,3697)xF3779:C1889"
7477,27949026,1,27949026,27949026,1.0000,"AGL(1,7477) [exact]"
7478,27956503,0,13976382,13978251,0.4999,2x(3739:1869)diag+rot
7479,27963981,0,983011,13981990,0.0352,"AGL(1,2048)xF5431:C181"
7480,27971460,0,6846850,13985730,0.2448,"AGL(1,3701)xF3779:C1889"
7481,27978940,1,27978940,27978940,1.0000,"AGL(1,7481) [exact]"
7482,27986421,0,5586153,13993210,0.1996,"AGL(1,3343)xF4139:C2069"
7483,27993903,0,3995922,13996951,0.1427,7x(1069:1068)diag+rot
7484,28001386,0,3475487,14000693,0.1241,"AGL(1,2917)xF4567:C761"
7485,28008870,0,820987,14004435,0.0293,"AGL(1,2048)xF5437:C151"
7486,28016355,0,6561253,14008177,0.2342,"AGL(1,3623)xF3863:C1931"
7487,28023841,1,28023841,28023841,1.0000,"AGL(1,7487) [exact]"
7488,28031328,0,6876486,14015664,0.2453,"AGL(1,3709)xF3779:C1889"
7489,28038816,1,28038816,28038816,1.0000,"AGL(1,7489) [exact]"
7490,28046305,0,3717001,14023152,0.1325,"AGL(1,2767)xF4723:C787"
7491,28053795,0,2096128,14026897,0.0747,"AGL(1,2048)xF5443:C907"
7492,28061286,0,5822578,14030643,0.2075,"AGL(1,3413)xF4079:C2039"
7493,28068778,0,1332293,14034389,0.0475,"F1721+(4q+1=2309)+(6q+1=3463),q=577"
7494,28076271,0,6809895,14038135,0.2425,"AGL(1,3691)xF3803:C1901"
7495,28083765,0,5613755,14041882,0.1999,5x(1499:1498)diag+rot
7496,28091260,0,3678828,14045630,0.1310,"AGL(1,2713)xF4783:C797"
7497,28098756,0,1236923,14049378,0.0440,"AGL(1,2048)xF5449:C227"
7498,28106253,0,6913621,14053126,0.2460,"AGL(1,3719)xF3779:C1889"
7499,28113751,1,28113751,28113751,1.0000,"AGL(1,7499) [exact]"
7500,28121250,0,6921060,14060625,0.2461,"AGL(1,3721)xF3779:C1889"
7501,28128750,0,2160288,14064375,0.0768,13x(577:576)diag+rot
7502,28136251,0,3695121,14068125,0.1313,"AGL(1,2719)xF4783:C797"
7503,28143753,0,579157,14071876,0.0206,"F1583+(8q+1=2153)+(14q+1=3767),q=269"
7504,28151256,0,6846850,14075628,0.2432,"AGL(1,3701)xF3803:C1901"
7505,28158760,0,1332293,14079380,0.0473,"F1733+(4q+1=2309)+(6q+1=3463),q=577"
7506,28166265,0,6943401,14083132,0.2465,"AGL(1,3727)xF3779:C1889"
7507,28173771,1,28173771,28173771,1.0000,"AGL(1,7507) [exact]"
7508,28181278,0,3384757,14090639,0.1201,"AGL(1,3001)xF4507:C751"
7509,28188786,0,3131253,14094393,0.1111,3x(2503:2502)diag
7510,28196295,0,5680135,14098147,0.2014,"AGL(1,3371)xF4139:C2069"
7511,28203805,0,822403,14101902,0.0292,"F2381+(2q+1=1283)+(6q+1=3847),q=641"
7512,28211316,0,6965778,14105658,0.2469,"AGL(1,3733)xF3779:C1889"
7513,28218828,0,1332293,14109414,0.0472,"F1741+(4q+1=2309)+(6q+1=3463),q=577"
7514,28226341,0,3727815,14113170,0.1321,"AGL(1,2731)xF4783:C797"
7515,28233855,0,669533,14116927,0.0237,"F1787+(4q+1=1637)+(10q+1=4091),q=409"
7516,28241370,0,6008311,14120685,0.2127,"AGL(1,4049)xF3467:C1733"
7517,28248886,1,28248886,28248886,1.0000,"AGL(1,7517) [exact]"
7518,28256403,0,6988191,14128201,0.2473,"AGL(1,3739)xF3779:C1889"
7519,28263921,0,2096128,14131960,0.0742,"AGL(1,2048)xF5471:C547"
7520,28271440,0,3717001,14135720,0.1315,"AGL(1,2797)xF4723:C787"
7521,28278960,0,579157,14139480,0.0205,"F1601+(8q+1=2153)+(14q+1=3767),q=269"
7522,28286481,0,7070680,14143240,0.2500,2x(3761:3760)diag
7523,28294003,1,28294003,28294003,1.0000,"AGL(1,7523) [exact]"
7524,28301526,0,6921060,14150763,0.2445,"AGL(1,3721)xF3803:C1901"
7525,28309050,0,2096128,14154525,0.0740,"AGL(1,2048)xF5477:C1369"
7526,28316575,0,3717001,14158287,0.1313,"AGL(1,2803)xF4723:C787"
7527,28324101,0,579157,14162050,0.0204,"F1607+(8q+1=2153)+(14q+1=3767),q=269"
7528,28331628,0,6409990,14165814,0.2262,"AGL(1,3581)xF3947:C1973"
7529,28339156,1,28339156,28339156,1.0000,"AGL(1,7529) [exact]"
7530,28346685,0,6943401,14173342,0.2449,"AGL(1,3727)xF3803:C1901"
7531,28354215,0,2096128,14177107,0.0739,"AGL(1,2048)xF5483:C2741"
7532,28361746,0,3777126,14180873,0.1332,"AGL(1,2749)xF4783:C797"
7533,28369278,0,911493,14184639,0.0321,31x(243:242)diag+rot
7534,28376811,0,14186522,14188405,0.4999,2x(3767:1883)diag+rot
7535,28384345,0,933661,14192172,0.0329,"F2069+(2q+1=1367)+(6q+1=4099),q=683"
7536,28391880,0,6965778,14195940,0.2453,"AGL(1,3733)xF3803:C1901"
7537,28399416,1,28399416,28399416,1.0000,"AGL(1,7537) [exact]"
7538,28406953,0,7100796,14203476,0.2500,2x(3769:3768)diag
7539,28414491,0,669533,14207245,0.0236,"F1811+(4q+1=1637)+(10q+1=4091),q=409"
7540,28422030,0,7070680,14211015,0.2488,"AGL(1,3761)xF3779:C1889"
7541,28429570,1,28429570,28429570,1.0000,"AGL(1,7541) [exact]"
7542,28437111,0,6988191,14218555,0.2457,"AGL(1,3739)xF3803:C1901"
7543,28444653,0,1493514,14222326,0.0525,19x(397:396)diag+rot
7544,28452196,0,3384757,14226098,0.1190,"AGL(1,3037)xF4507:C751"
7545,28459740,0,1486519,14229870,0.0522,"AGL(1,4096)xF3449:C431"
7546,28467285,0,7093261,14233642,0.2492,"AGL(1,3767)xF3779:C1889"
7547,28474831,1,28474831,28474831,1.0000,"AGL(1,7547) [exact]"
7548,28482378,0,7100796,14241189,0.2493,"AGL(1,3769)xF3779:C1889"
7549,28489926,1,28489926,28489926,1.0000,"AGL(1,7549) [exact]"
7550,28497475,0,3812051,14248737,0.1338,"AGL(1,2767)xF4783:C797"
7551,28505025,0,720893,14252512,0.0253,"AGL(1,2048)xF5503:C131"
7552,28512576,0,6561253,14256288,0.2301,"AGL(1,3929)xF3623:C1811"
7553,28520128,0,933661,14260064,0.0327,"F2087+(2q+1=1367)+(6q+1=4099),q=683"
7554,28527681,0,6809895,14263840,0.2387,"AGL(1,3691)xF3863:C1931"
7555,28535235,0,2096128,14267617,0.0735,"AGL(1,2048)xF5507:C2753"
7556,28542790,0,3717001,14271395,0.1302,"AGL(1,2833)xF4723:C787"
7557,28550346,0,598753,14275173,0.0210,"AGL(1,4096)xF3461:C173"
7558,28557903,0,14277062,14278951,0.4999,2x(3779:1889)diag+rot
7559,28565461,1,28565461,28565461,1.0000,"AGL(1,7559) [exact]"
7560,28573020,0,6832056,14286510,0.2391,"AGL(1,3697)xF3863:C1931"
7561,28580580,1,28580580,28580580,1.0000,"AGL(1,7561) [exact]"
7562,28588141,0,2838153,14294070,0.0993,"AGL(1,2383)xF5179:C863"
7563,28595703,0,6008311,14297851,0.2101,"AGL(1,4096)xF3467:C1733"
7564,28603266,0,7070680,14301633,0.2472,"AGL(1,3761)xF3803:C1901"
7565,28610830,0,1002541,14305415,0.0350,"AGL(1,4096)xF3469:C289"
7566,28618395,0,6561253,14309197,0.2293,"AGL(1,3943)xF3623:C1811"
7567,28625961,0,853471,14312980,0.0298,"F2341+(2q+1=1307)+(6q+1=3919),q=653"
7568,28633528,0,3475487,14316764,0.1214,"AGL(1,3001)xF4567:C761"
7569,28641096,0,579157,14320548,0.0202,"F2187+(8q+1=2153)+(12q+1=3229),q=269"
7570,28648665,0,7093261,14324332,0.2476,"AGL(1,3767)xF3803:C1901"
7571,28656235,0,1095940,14328117,0.0382,"F1481+(2q+1=1523)+(6q+1=4567),q=761"
7572,28663806,0,7138531,14331903,0.2490,"AGL(1,3793)xF3779:C1889"
7573,28671378,1,28671378,28671378,1.0000,"AGL(1,7573) [exact]"
7574,28678951,0,3812051,14339475,0.1329,"AGL(1,2791)xF4783:C797"
7575,28686525,0,1696789,14343262,0.0591,"AGL(1,2048)xF5527:C307"
7576,28694100,0,7138531,14347050,0.2488,"AGL(1,3797)xF3779:C1889"
7577,28701676,1,28701676,28701676,1.0000,"AGL(1,7577) [exact]"
7578,28709253,0,6590265,14354626,0.2296,"AGL(1,3631)xF3947:C1973"
7579,28716831,0,1107816,14358415,0.0386,"F1489+(2q+1=1523)+(6q+1=4567),q=761"
7580,28724410,0,3812051,14362205,0.1327,"AGL(1,2797)xF4783:C797"
7581,28731990,0,475411,14365995,0.0165,"F1609+(12q+1=2389)+(18q+1=3583),q=199"
7582,28739571,0,7138531,14369785,0.2484,"AGL(1,3779)xF3803:C1901"
7583,28747153,1,28747153,28747153,1.0000,"AGL(1,7583) [exact]"
7584,28754736,0,6921060,14377368,0.2407,"AGL(1,3721)xF3863:C1931"
7585,28762320,0,734681,14381160,0.0255,"F1621+(10q+1=2711)+(12q+1=3253),q=271"
7586,28769905,0,7191528,14384952,0.2500,2x(3793:3792)diag
7587,28777491,0,1218359,14388745,0.0423,"AGL(1,4096)xF3491:C349"
7588,28785078,0,6409990,14392539,0.2227,"AGL(1,3581)xF4007:C2003"
7589,28792666,1,28792666,28792666,1.0000,"AGL(1,7589) [exact]"
7590,28800255,0,6943401,14400127,0.2411,"AGL(1,3727)xF3863:C1931"
7591,28807845,1,28807845,28807845,1.0000,"AGL(1,7591) [exact]"
7592,28815436,0,3812051,14407718,0.1323,"AGL(1,2809)xF4783:C797"
7593,28823028,0,9605145,14411514,0.3332,3x(2531:2530)diag+rot
7594,28830621,0,7206706,14415310,0.2500,2x(3797:3796)diag
7595,28838215,0,1332293,14419107,0.0462,"F1823+(4q+1=2309)+(6q+1=3463),q=577"
7596,28845810,0,7191528,14422905,0.2493,"AGL(1,3793)xF3803:C1901"
7597,28853406,0,933661,14426703,0.0324,"F2131+(2q+1=1367)+(6q+1=4099),q=683"
7598,28861003,0,2799617,14430501,0.0970,"AGL(1,3499)xF4099:C683"
7599,28868601,0,669533,14434300,0.0232,"F1871+(4q+1=1637)+(10q+1=4091),q=409"
7600,28876200,0,7206706,14438100,0.2496,"AGL(1,3797)xF3803:C1901"
7601,28883800,0,2622345,14441900,0.0908,11x(691:690)diag+rot
7602,28891401,0,7138531,14445700,0.2471,"AGL(1,3823)xF3779:C1889"
7603,28899003,1,28899003,28899003,1.0000,"AGL(1,7603) [exact]"
7604,28906606,0,3475487,14453303,0.1202,"AGL(1,3037)xF4567:C761"
7605,28914210,0,2096128,14457105,0.0725,"AGL(1,2048)xF5557:C463"
7606,28921815,0,14459006,14460907,0.4999,2x(3803:1901)diag+rot
7607,28929421,1,28929421,28929421,1.0000,"AGL(1,7607) [exact]"
7608,28937028,0,6225156,14468514,0.2151,"AGL(1,3529)xF4079:C2039"
7609,28944636,0,4131687,14472318,0.1427,7x(1087:1086)diag+rot
7610,28952245,0,3717001,14476122,0.1284,"AGL(1,2887)xF4723:C787"
7611,28959855,0,580637,14479927,0.0200,"F2011+(6q+1=1867)+(12q+1=3733),q=311"
7612,28967466,0,7138531,14483733,0.2464,"AGL(1,3833)xF3779:C1889"
7613,28975078,0,1256145,14487539,0.0434,23x(331:330)diag+rot
7614,28982691,0,6503421,14491345,0.2244,"AGL(1,3607)xF4007:C2003"
7615,28990305,0,5795015,14495152,0.1999,5x(1523:1522)diag+rot
7616,28997920,0,3812051,14498960,0.1315,"AGL(1,2833)xF4783:C797"
7617,29005536,0,3221991,14502768,0.1111,3x(2539:2538)diag
7618,29013153,0,6736285,14506576,0.2322,"AGL(1,3671)xF3947:C1973"
7619,29020771,0,1523800,14510385,0.0525,19x(401:400)diag+rot
7620,29028390,0,6743628,14514195,0.2323,"AGL(1,3673)xF3947:C1973"
7621,29036010,1,29036010,29036010,1.0000,"AGL(1,7621) [exact]"
7622,29043631,0,3171901,14521815,0.1092,"AGL(1,3259)xF4363:C727"
7623,29051253,0,530965,14525626,0.0183,"F1031+(2q+1=1319)+(8q+1=5273),q=659"
7624,29058876,0,7229503,14529438,0.2488,"AGL(1,3821)xF3803:C1901"
7625,29066500,0,853471,14533250,0.0294,"F2399+(2q+1=1307)+(6q+1=3919),q=653"
7626,29074125,0,7229503,14537062,0.2487,"AGL(1,3823)xF3803:C1901"
7627,29081751,0,999137,14540875,0.0344,29x(263:262)diag+rot
7628,29089378,0,3475487,14544689,0.1195,"AGL(1,3061)xF4567:C761"
7629,29097006,0,9696459,14548503,0.3332,3x(2543:2542)diag+rot
7630,29104635,0,7138531,14552317,0.2453,"AGL(1,3851)xF3779:C1889"
7631,29112265,0,2235883,14556132,0.0768,13x(587:586)diag+rot
7632,29119896,0,7138531,14559948,0.2451,"AGL(1,3853)xF3779:C1889"
7633,29127528,0,1709792,14563764,0.0587,17x(449:448)diag+rot
7634,29135161,0,3812051,14567580,0.1308,"AGL(1,2851)xF4783:C797"
7635,29142795,0,669533,14571397,0.0230,"F1907+(4q+1=1637)+(10q+1=4091),q=409"
7636,29150430,0,7229503,14575215,0.2480,"AGL(1,3833)xF3803:C1901"
7637,29158066,0,4162165,14579033,0.1427,7x(1091:1090)diag+rot
7638,29165703,0,6809895,14582851,0.2335,"AGL(1,3691)xF3947:C1973"
7639,29173341,1,29173341,29173341,1.0000,"AGL(1,7639) [exact]"
7640,29180980,0,3812051,14590490,0.1306,"AGL(1,2857)xF4783:C797"
7641,29188620,0,669533,14594310,0.0229,"F1913+(4q+1=1637)+(10q+1=4091),q=409"
7642,29196261,0,7298110,14598130,0.2500,2x(3821:3820)diag
7643,29203903,1,29203903,29203903,1.0000,"AGL(1,7643) [exact]"
7644,29211546,0,6832056,14605773,0.2339,"AGL(1,3697)xF3947:C1973"
7645,29219190,0,1332293,14609595,0.0456,"F1873+(4q+1=2309)+(6q+1=3463),q=577"
7646,29226835,0,14611506,14613417,0.4999,2x(3823:1911)diag+rot
7647,29234481,0,9742278,14617240,0.3332,3x(2549:2548)diag+rot
7648,29242128,0,6846850,14621064,0.2341,"AGL(1,3701)xF3947:C1973"
7649,29249776,1,29249776,29249776,1.0000,"AGL(1,7649) [exact]"
7650,29257425,0,7229503,14628712,0.2471,"AGL(1,3847)xF3803:C1901"
7651,29265075,0,1332293,14632537,0.0455,"F1879+(4q+1=2309)+(6q+1=3463),q=577"
7652,29272726,0,3056628,14636363,0.1044,"AGL(1,2473)xF5179:C863"
7653,29280378,0,3252525,14640189,0.1111,3x(2551:2550)diag
7654,29288031,0,7229503,14644015,0.2468,"AGL(1,3851)xF3803:C1901"
7655,29295685,0,2110487,14647842,0.0720,"AGL(1,4096)xF3559:C593"
7656,29303340,0,7229503,14651670,0.2467,"AGL(1,3853)xF3803:C1901"
7657,29310996,0,1159003,14655498,0.0395,"F1567+(2q+1=1523)+(6q+1=4567),q=761"
7658,29318653,0,3585947,14659326,0.1223,"AGL(1,3019)xF4639:C773"
7659,29326311,0,669533,14663155,0.0228,"F1931+(4q+1=1637)+(10q+1=4091),q=409"
7660,29333970,0,7206706,14666985,0.2457,"AGL(1,3797)xF3863:C1931"
7661,29341630,0,1332293,14670815,0.0454,"F1889+(4q+1=2309)+(6q+1=3463),q=577"
7662,29349291,0,6417153,14674645,0.2186,"AGL(1,3583)xF4079:C2039"
7663,29356953,0,933661,14678476,0.0318,"F2197+(2q+1=1367)+(6q+1=4099),q=683"
7664,29364616,0,3171901,14682308,0.1080,"AGL(1,3301)xF4363:C727"
7665,29372280,0,515387,14686140,0.0175,"F2389+(6q+1=1759)+(12q+1=3517),q=293"
7666,29379945,0,7344028,14689972,0.2500,2x(3833:3832)diag
7667,29387611,0,853471,14693805,0.0290,"F2441+(2q+1=1307)+(6q+1=3919),q=653"
7668,29395278,0,7138531,14697639,0.2428,"AGL(1,3889)xF3779:C1889"
7669,29402946,1,29402946,29402946,1.0000,"AGL(1,7669) [exact]"
7670,29410615,0,3812051,14705307,0.1296,"AGL(1,2887)xF4783:C797"
7671,29418285,0,3267846,14709142,0.1111,3x(2557:2556)diag
7672,29425956,0,6561253,14712978,0.2230,"AGL(1,4049)xF3623:C1811"
7673,29433628,1,29433628,29433628,1.0000,"AGL(1,7673) [exact]"
7674,29441301,0,6943401,14720650,0.2358,"AGL(1,3727)xF3947:C1973"
7675,29448975,0,933661,14724487,0.0317,"F2209+(2q+1=1367)+(6q+1=4099),q=683"
7676,29456650,0,3717001,14728325,0.1262,"AGL(1,2953)xF4723:C787"
7677,29464326,0,669533,14732163,0.0227,"F1949+(4q+1=1637)+(10q+1=4091),q=409"
7678,29472003,0,6736285,14736001,0.2286,"AGL(1,3671)xF4007:C2003"
7679,29479681,0,4208092,14739840,0.1427,7x(1097:1096)diag+rot
7680,29487360,0,7229503,14743680,0.2452,"AGL(1,3877)xF3803:C1901"
7681,29495040,1,29495040,29495040,1.0000,"AGL(1,7681) [exact]"
7682,29502721,0,3171901,14751360,0.1075,"AGL(1,3319)xF4363:C727"
7683,29510403,0,594595,14755201,0.0201,"F1091+(2q+1=1319)+(8q+1=5273),q=659"
7684,29518086,0,7298110,14759043,0.2472,"AGL(1,3821)xF3863:C1931"
7685,29525770,0,1332293,14762885,0.0451,"F1913+(4q+1=2309)+(6q+1=3463),q=577"
7686,29533455,0,7305753,14766727,0.2474,"AGL(1,3823)xF3863:C1931"
7687,29541141,1,29541141,29541141,1.0000,"AGL(1,7687) [exact]"
7688,29548828,0,3585947,14774414,0.1214,"AGL(1,3049)xF4639:C773"
7689,29556516,0,1613257,14778258,0.0546,"AGL(1,4096)xF3593:C449"
7690,29564205,0,7138531,14782102,0.2415,"AGL(1,3911)xF3779:C1889"
7691,29571895,1,29571895,29571895,1.0000,"AGL(1,7691) [exact]"
7692,29579586,0,7229503,14789793,0.2444,"AGL(1,3889)xF3803:C1901"
7693,29587278,0,853471,14793639,0.0288,"F2467+(2q+1=1307)+(6q+1=3919),q=653"
7694,29594971,0,14795562,14797485,0.4999,2x(3847:1923)diag+rot
7695,29602665,0,2096128,14801332,0.0708,"AGL(1,2048)xF5647:C941"
7696,29610360,0,7344028,14805180,0.2480,"AGL(1,3833)xF3863:C1931"
7697,29618056,0,1159003,14809028,0.0391,"F1607+(2q+1=1523)+(6q+1=4567),q=761"
7698,29625753,0,7138531,14812876,0.2410,"AGL(1,3919)xF3779:C1889"
7699,29633451,1,29633451,29633451,1.0000,"AGL(1,7699) [exact]"
7700,29641150,0,3812051,14820575,0.1286,"AGL(1,2917)xF4783:C797"
7701,29648850,0,887521,14824425,0.0299,"AGL(1,2048)xF5653:C157"
7702,29656551,0,14826350,14828275,0.4999,2x(3851:1925)diag+rot
7703,29664253,1,29664253,29664253,1.0000,"AGL(1,7703) [exact]"
7704,29671956,0,6832056,14835978,0.2303,"AGL(1,3697)xF4007:C2003"
7705,29679660,0,1332293,14839830,0.0449,"F1933+(4q+1=2309)+(6q+1=3463),q=577"
7706,29687365,0,7420878,14843682,0.2500,2x(3853:3852)diag
7707,29695071,0,669533,14847535,0.0225,"F1979+(4q+1=1637)+(10q+1=4091),q=409"
7708,29702778,0,7138531,14851389,0.2403,"AGL(1,3929)xF3779:C1889"
7709,29710486,0,2281864,14855243,0.0768,13x(593:592)diag+rot
7710,29718195,0,7397781,14859097,0.2489,"AGL(1,3847)xF3863:C1931"
7711,29725905,0,2698850,14862952,0.0908,11x(701:700)diag+rot
7712,29733616,0,3360528,14866808,0.1130,"AGL(1,2593)xF5119:C853"
7713,29741328,0,580637,14870664,0.0195,"F2113+(6q+1=1867)+(12q+1=3733),q=311"
7714,29749041,0,7413175,14874520,0.2492,"AGL(1,3851)xF3863:C1931"
7715,29756755,0,5948265,14878377,0.1999,5x(1543:1542)diag+rot
7716,29764470,0,7420878,14882235,0.2493,"AGL(1,3853)xF3863:C1931"
7717,29772186,1,29772186,29772186,1.0000,"AGL(1,7717) [exact]"
7718,29779903,0,3585947,14889951,0.1204,"AGL(1,3079)xF4639:C773"
7719,29787621,0,6561253,14893810,0.2203,"AGL(1,4096)xF3623:C1811"
7720,29795340,0,7229503,14897670,0.2426,"AGL(1,3917)xF3803:C1901"
7721,29803060,0,4254271,14901530,0.1427,7x(1103:1102)diag+rot
7722,29810781,0,7229503,14905390,0.2425,"AGL(1,3919)xF3803:C1901"
7723,29818503,1,29818503,29818503,1.0000,"AGL(1,7723) [exact]"
7724,29826226,0,3717001,14913113,0.1246,"AGL(1,3001)xF4723:C787"
7725,29833950,0,669533,14916975,0.0224,"F1997+(4q+1=1637)+(10q+1=4091),q=409"
7726,29841675,0,14918906,14920837,0.4999,2x(3863:1931)diag+rot
7727,29849401,1,29849401,29849401,1.0000,"AGL(1,7727) [exact]"
7728,29857128,0,6921060,14928564,0.2318,"AGL(1,3721)xF4007:C2003"
7729,29864856,0,853471,14932428,0.0286,"F2503+(2q+1=1307)+(6q+1=3919),q=653"
7730,29872585,0,3475487,14936292,0.1163,"AGL(1,3163)xF4567:C761"
7731,29880315,0,2096128,14940157,0.0702,"AGL(1,2048)xF5683:C947"
7732,29888046,0,7229503,14944023,0.2419,"AGL(1,3929)xF3803:C1901"
7733,29895778,0,933661,14947889,0.0312,"F2267+(2q+1=1367)+(6q+1=4099),q=683"
7734,29903511,0,7229503,14951755,0.2418,"AGL(1,3931)xF3803:C1901"
7735,29911245,0,933661,14955622,0.0312,"F2269+(2q+1=1367)+(6q+1=4099),q=683"
7736,29918980,0,3812051,14959490,0.1274,"AGL(1,2953)xF4783:C797"
7737,29926716,0,9972993,14963358,0.3332,3x(2579:2578)diag+rot
7738,29934453,0,6692311,14967226,0.2236,"AGL(1,3659)xF4079:C2039"
7739,29942191,0,2211301,14971095,0.0739,"AGL(1,4096)xF3643:C607"
7740,29949930,0,7459453,14974965,0.2491,"AGL(1,3877)xF3863:C1931"
7741,29957670,1,29957670,29957670,1.0000,"AGL(1,7741) [exact]"
7742,29965411,0,3717001,14982705,0.1240,"AGL(1,3019)xF4723:C787"
7743,29973153,0,661825,14986576,0.0221,"F1151+(2q+1=1319)+(8q+1=5273),q=659"
7744,29980896,0,7459453,14990448,0.2488,"AGL(1,3881)xF3863:C1931"
7745,29988640,0,5994630,14994320,0.1999,5x(1549:1548)diag+rot
7746,29996385,0,7229503,14998192,0.2410,"AGL(1,3943)xF3803:C1901"
7747,30004131,0,1159003,15002065,0.0386,"F1657+(2q+1=1523)+(6q+1=4567),q=761"
7748,30011878,0,3585947,15005939,0.1195,"AGL(1,3109)xF4639:C773"
7749,30019626,0,518671,15009813,0.0173,"F2657+(2q+1=1019)+(8q+1=4073),q=509"
7750,30027375,0,7229503,15013687,0.2408,"AGL(1,3803)xF3947:C1973"
7751,30035125,0,1332293,15017562,0.0444,"F1979+(4q+1=2309)+(6q+1=3463),q=577"
7752,30042876,0,7459453,15021438,0.2483,"AGL(1,3889)xF3863:C1931"
7753,30050628,1,30050628,30050628,1.0000,"AGL(1,7753) [exact]"
7754,30058381,0,7513626,15029190,0.2500,2x(3877:3876)diag
7755,30066135,0,675703,15033067,0.0225,"F1163+(2q+1=1319)+(8q+1=5273),q=659"
7756,30073890,0,6758326,15036945,0.2247,"AGL(1,3677)xF4079:C2039"
7757,30081646,1,30081646,30081646,1.0000,"AGL(1,7757) [exact]"
7758,30089403,0,6590265,15044701,0.2190,"AGL(1,3631)xF4127:C2063"
7759,30097161,1,30097161,30097161,1.0000,"AGL(1,7759) [exact]"
7760,30104920,0,3717001,15052460,0.1235,"AGL(1,3037)xF4723:C787"
7761,30112680,0,580637,15056340,0.0193,"F2161+(6q+1=1867)+(12q+1=3733),q=311"
7762,30120441,0,7529140,15060220,0.2500,2x(3881:3880)diag
7763,30128203,0,4300702,15064101,0.1427,7x(1109:1108)diag+rot
7764,30135966,0,6612066,15067983,0.2194,"AGL(1,3637)xF4127:C2063"
7765,30143730,0,6025640,15071865,0.1999,5x(1553:1552)diag+rot
7766,30151495,0,3501981,15075747,0.1161,"AGL(1,2647)xF5119:C853"
7767,30159261,0,1347257,15079630,0.0447,"AGL(1,4096)xF3671:C367"
7768,30167028,0,7298110,15083514,0.2419,"AGL(1,3821)xF3947:C1973"
7769,30174796,0,1771332,15087398,0.0587,17x(457:456)diag+rot
7770,30182565,0,7459453,15091282,0.2471,"AGL(1,3907)xF3863:C1931"
7771,30190335,0,1585284,15095167,0.0525,19x(409:408)diag+rot
7772,30198106,0,3717001,15099053,0.1231,"AGL(1,3049)xF4723:C787"
7773,30205878,0,10066035,15102939,0.3332,3x(2591:2590)diag+rot
7774,30213651,0,7459453,15106825,0.2469,"AGL(1,3911)xF3863:C1931"
7775,30221425,0,1332293,15110712,0.0441,"F2003+(4q+1=2309)+(6q+1=3463),q=577"
7776,30229200,0,7100796,15114600,0.2349,"AGL(1,3769)xF4007:C2003"
7777,30236976,0,933661,15118488,0.0309,"F2311+(2q+1=1367)+(6q+1=4099),q=683"
7778,30244753,0,7560216,15122376,0.2500,2x(3889:3888)diag
7779,30252531,0,3360528,15126265,0.1111,3x(2593:2592)diag
7780,30260310,0,7459453,15130155,0.2465,"AGL(1,3917)xF3863:C1931"
7781,30268090,0,972625,15134045,0.0321,31x(251:250)diag+rot
7782,30275871,0,7459453,15137935,0.2464,"AGL(1,3919)xF3863:C1931"
7783,30283653,0,1332293,15141826,0.0440,"F2011+(4q+1=2309)+(6q+1=3463),q=577"
7784,30291436,0,3812051,15145718,0.1258,"AGL(1,3001)xF4783:C797"
7785,30299220,0,1371143,15149610,0.0453,"AGL(1,2048)xF5737:C239"
7786,30307005,0,7459453,15153502,0.2461,"AGL(1,3923)xF3863:C1931"
7787,30314791,0,1159003,15157395,0.0382,"F1697+(2q+1=1523)+(6q+1=4567),q=761"
7788,30322578,0,6876486,15161289,0.2268,"AGL(1,3709)xF4079:C2039"
7789,30330366,1,30330366,30330366,1.0000,"AGL(1,7789) [exact]"
7790,30338155,0,3717001,15169077,0.1225,"AGL(1,3067)xF4723:C787"
7791,30345945,0,669533,15172972,0.0221,"F2063+(4q+1=1637)+(10q+1=4091),q=409"
7792,30353736,0,7459453,15176868,0.2458,"AGL(1,3929)xF3863:C1931"
7793,30361528,1,30361528,30361528,1.0000,"AGL(1,7793) [exact]"
7794,30369321,0,7459453,15184660,0.2456,"AGL(1,3931)xF3863:C1931"
7795,30377115,0,6072305,15188557,0.1999,5x(1559:1558)diag+rot
7796,30384910,0,3581826,15192455,0.1179,"AGL(1,2677)xF5119:C853"
7797,30392706,0,2096128,15196353,0.0690,"AGL(1,2048)xF5749:C479"
7798,30400503,0,7413175,15200251,0.2439,"AGL(1,3851)xF3947:C1973"
7799,30408301,0,2760846,15204150,0.0908,11x(709:708)diag+rot
7800,30416100,0,7420878,15208050,0.2440,"AGL(1,3853)xF3947:C1973"
7801,30423900,0,1332293,15211950,0.0438,"F2029+(4q+1=2309)+(6q+1=3463),q=577"
7802,30431701,0,3812051,15215850,0.1253,"AGL(1,3019)xF4783:C797"
7803,30439503,0,580637,15219751,0.0191,"F2203+(6q+1=1867)+(12q+1=3733),q=311"
7804,30447306,0,7229503,15223653,0.2374,"AGL(1,4001)xF3803:C1901"
7805,30455110,0,933661,15227555,0.0307,"F2339+(2q+1=1367)+(6q+1=4099),q=683"
7806,30462915,0,7459453,15231457,0.2449,"AGL(1,3943)xF3863:C1931"
7807,30470721,0,933661,15235360,0.0306,"F2341+(2q+1=1367)+(6q+1=4099),q=683"
7808,30478528,0,3614016,15239264,0.1186,"AGL(1,2689)xF5119:C853"
7809,30486336,0,739936,15243168,0.0243,"F1217+(2q+1=1319)+(8q+1=5273),q=659"
7810,30494145,0,7459453,15247072,0.2446,"AGL(1,3863)xF3947:C1973"
7811,30501955,0,1332293,15250977,0.0437,"F2039+(4q+1=2309)+(6q+1=3463),q=577"
7812,30509766,0,6965778,15254883,0.2283,"AGL(1,3733)xF4079:C2039"
7813,30517578,0,2343900,15258789,0.0768,13x(601:600)diag+rot
7814,30525391,0,15260742,15262695,0.4999,2x(3907:1953)diag+rot
7815,30533205,0,747253,15266602,0.0245,"F1223+(2q+1=1319)+(8q+1=5273),q=659"
7816,30541020,0,7229503,15270510,0.2367,"AGL(1,4013)xF3803:C1901"
7817,30548836,1,30548836,30548836,1.0000,"AGL(1,7817) [exact]"
7818,30556653,0,6988191,15278326,0.2287,"AGL(1,3739)xF4079:C2039"
7819,30564471,0,4363002,15282235,0.1427,7x(1117:1116)diag+rot
7820,30572290,0,3812051,15286145,0.1247,"AGL(1,3037)xF4783:C797"
7821,30580110,0,754606,15290055,0.0247,"F1229+(2q+1=1319)+(8q+1=5273),q=659"
7822,30587931,0,15292010,15293965,0.4999,2x(3911:1955)diag+rot
7823,30595753,1,30595753,30595753,1.0000,"AGL(1,7823) [exact]"
7824,30603576,0,7513626,15301788,0.2455,"AGL(1,3877)xF3947:C1973"
7825,30611400,0,1332293,15305700,0.0435,"F2053+(4q+1=2309)+(6q+1=3463),q=577"
7826,30619225,0,3662571,15309612,0.1196,"AGL(1,2707)xF5119:C853"
7827,30627051,0,10206408,15313525,0.3332,3x(2609:2608)diag+rot
7828,30634878,0,7529140,15317439,0.2458,"AGL(1,3881)xF3947:C1973"
7829,30642706,1,30642706,30642706,1.0000,"AGL(1,7829) [exact]"
7830,30650535,0,7459453,15325267,0.2434,"AGL(1,3967)xF3863:C1931"
7831,30658365,0,1159003,15329182,0.0378,"F1741+(2q+1=1523)+(6q+1=4567),q=761"
7832,30666196,0,3812051,15333098,0.1243,"AGL(1,3049)xF4783:C797"
7833,30674028,0,579157,15337014,0.0189,"F1913+(8q+1=2153)+(14q+1=3767),q=269"
7834,30681861,0,7669486,15340930,0.2500,2x(3917:3916)diag
7835,30689695,0,6134805,15344847,0.1999,5x(1567:1566)diag+rot
7836,30697530,0,7560216,15348765,0.2463,"AGL(1,3889)xF3947:C1973"
7837,30705366,0,1802510,15352683,0.0587,17x(461:460)diag+rot
7838,30713203,0,15354642,15356601,0.4999,2x(3919:1959)diag+rot
7839,30721041,0,1117663,15360520,0.0364,"AGL(1,2048)xF5791:C193"
7840,30728880,0,7344028,15364440,0.2390,"AGL(1,3833)xF4007:C2003"
7841,30736720,1,30736720,30736720,1.0000,"AGL(1,7841) [exact]"
7842,30744561,0,6561253,15372280,0.2134,"AGL(1,4219)xF3623:C1811"
7843,30752403,0,1159003,15376201,0.0377,"F1753+(2q+1=1523)+(6q+1=4567),q=761"
7844,30760246,0,3812051,15380123,0.1239,"AGL(1,3061)xF4783:C797"
7845,30768090,0,518671,15384045,0.0169,"F2753+(2q+1=1019)+(8q+1=4073),q=509"
7846,30775935,0,15386006,15387967,0.4999,2x(3923:1961)diag+rot
7847,30783781,0,933661,15391890,0.0303,"F2381+(2q+1=1367)+(6q+1=4099),q=683"
7848,30791628,0,7100796,15395814,0.2306,"AGL(1,3769)xF4079:C2039"
7849,30799476,0,1159003,15399738,0.0376,"F1759+(2q+1=1523)+(6q+1=4567),q=761"
7850,30807325,0,3812051,15403662,0.1237,"AGL(1,3067)xF4783:C797"
7851,30815175,0,3423036,15407587,0.1111,3x(2617:2616)diag
7852,30823026,0,7459453,15411513,0.2420,"AGL(1,3989)xF3863:C1931"
7853,30830878,1,30830878,30830878,1.0000,"AGL(1,7853) [exact]"
7854,30838731,0,7630371,15419365,0.2474,"AGL(1,3907)xF3947:C1973"
7855,30846585,0,2096128,15423292,0.0680,"AGL(1,2048)xF5807:C2903"
7856,30854440,0,3585947,15427220,0.1162,"AGL(1,3217)xF4639:C773"
7857,30862296,0,669533,15431148,0.0217,"F2129+(4q+1=1637)+(10q+1=4091),q=409"
7858,30870153,0,7716556,15435076,0.2500,2x(3929:3928)diag
7859,30878011,0,1332293,15439005,0.0431,"F2087+(4q+1=2309)+(6q+1=3463),q=577"
7860,30885870,0,7420878,15442935,0.2403,"AGL(1,3853)xF4007:C2003"
7861,30893730,0,4410021,15446865,0.1427,7x(1123:1122)diag+rot
7862,30901591,0,15448830,15450795,0.4999,2x(3931:1965)diag+rot
7863,30909453,0,10300530,15454726,0.3332,3x(2621:2620)diag+rot
7864,30917316,0,7669486,15458658,0.2481,"AGL(1,3917)xF3947:C1973"
7865,30925180,0,933661,15462590,0.0302,"F2399+(2q+1=1367)+(6q+1=4099),q=683"
7866,30933045,0,7677321,15466522,0.2482,"AGL(1,3919)xF3947:C1973"
7867,30940911,1,30940911,30940911,1.0000,"AGL(1,7867) [exact]"
7868,30948778,0,3777126,15474389,0.1220,"AGL(1,2749)xF5119:C853"
7869,30956646,0,814726,15478323,0.0263,"F1277+(2q+1=1319)+(8q+1=5273),q=659"
7870,30964515,0,7693003,15482257,0.2484,"AGL(1,3923)xF3947:C1973"
7871,30972385,0,1818201,15486192,0.0587,17x(463:462)diag+rot
7872,30980256,0,7191528,15490128,0.2321,"AGL(1,3793)xF4079:C2039"
7873,30988128,1,30988128,30988128,1.0000,"AGL(1,7873) [exact]"
7874,30996001,0,3475487,15498000,0.1121,"AGL(1,3307)xF4567:C761"
7875,31003875,0,7138531,15501937,0.2302,"AGL(1,4096)xF3779:C1889"
7876,31011750,0,7716556,15505875,0.2488,"AGL(1,3929)xF3947:C1973"
7877,31019626,1,31019626,31019626,1.0000,"AGL(1,7877) [exact]"
7878,31027503,0,7724415,15513751,0.2490,"AGL(1,3931)xF3947:C1973"
7879,31035381,1,31035381,31035381,1.0000,"AGL(1,7879) [exact]"
7880,31043260,0,3475487,15521630,0.1120,"AGL(1,3313)xF4567:C761"
7881,31051140,0,830116,15525570,0.0267,"F1289+(2q+1=1319)+(8q+1=5273),q=659"
7882,31059021,0,7459453,15529510,0.2402,"AGL(1,4019)xF3863:C1931"
7883,31066903,1,31066903,31066903,1.0000,"AGL(1,7883) [exact]"
7884,31074786,0,7513626,15537393,0.2418,"AGL(1,3877)xF4007:C2003"
7885,31082670,0,1332293,15541335,0.0429,"F2113+(4q+1=2309)+(6q+1=3463),q=577"
7886,31090555,0,15543306,15545277,0.4999,2x(3943:1971)diag+rot
7887,31098441,0,811621,15549220,0.0261,"AGL(1,2048)xF5839:C139"
7888,31106328,0,7529140,15553164,0.2420,"AGL(1,3881)xF4007:C2003"
7889,31114216,0,1349019,15557108,0.0434,23x(343:342)diag+rot
7890,31122105,0,7771653,15561052,0.2497,"AGL(1,3943)xF3947:C1973"
7891,31129995,0,2390973,15564997,0.0768,13x(607:606)diag+rot
7892,31137886,0,3812051,15568943,0.1224,"AGL(1,3109)xF4783:C797"
7893,31145778,0,845650,15572889,0.0272,"F1301+(2q+1=1319)+(8q+1=5273),q=659"
7894,31153671,0,15574862,15576835,0.4999,2x(3947:1973)diag+rot
7895,31161565,0,6229155,15580782,0.1999,5x(1579:1578)diag+rot
7896,31169460,0,7560216,15584730,0.2426,"AGL(1,3889)xF4007:C2003"
7897,31177356,0,853471,15588678,0.0274,"F2671+(2q+1=1307)+(6q+1=3919),q=653"
7898,31185253,0,3695121,15592626,0.1185,"AGL(1,2719)xF5179:C863"
7899,31193151,0,10395084,15596575,0.3332,3x(2633:2632)diag+rot
7900,31201050,0,7298110,15600525,0.2339,"AGL(1,3821)xF4079:C2039"
7901,31208950,1,31208950,31208950,1.0000,"AGL(1,7901) [exact]"
7902,31216851,0,7305753,15608425,0.2340,"AGL(1,3823)xF4079:C2039"
7903,31224753,0,4457292,15612376,0.1427,7x(1129:1128)diag+rot
7904,31232656,0,3812051,15616328,0.1221,"AGL(1,3121)xF4783:C797"
7905,31240560,0,475411,15620280,0.0152,"F1933+(12q+1=2389)+(18q+1=3583),q=199"
7906,31248465,0,7138531,15624232,0.2284,"AGL(1,3779)xF4127:C2063"
7907,31256371,1,31256371,31256371,1.0000,"AGL(1,7907) [exact]"
7908,31264278,0,7138531,15632139,0.2283,"AGL(1,4129)xF3779:C1889"
7909,31272186,0,2839331,15636093,0.0908,11x(719:718)diag+rot
7910,31280095,0,3893445,15640047,0.1245,"AGL(1,2791)xF5119:C853"
7911,31288005,0,869221,15644002,0.0278,"F1319+(2q+1=1319)+(8q+1=5273),q=659"
7912,31295916,0,7459453,15647958,0.2384,"AGL(1,4049)xF3863:C1931"
7913,31303828,0,1332293,15651914,0.0426,"F2141+(4q+1=2309)+(6q+1=3463),q=577"
7914,31311741,0,7787431,15655870,0.2487,"AGL(1,3967)xF3947:C1973"
7915,31319655,0,6260765,15659827,0.1999,5x(1583:1582)diag+rot
7916,31327570,0,3910206,15663785,0.1248,"AGL(1,2797)xF5119:C853"
7917,31335486,0,956647,15667743,0.0305,"AGL(1,2048)xF5869:C163"
7918,31343403,0,7646005,15671701,0.2439,"AGL(1,3911)xF4007:C2003"
7919,31351321,1,31351321,31351321,1.0000,"AGL(1,7919) [exact]"
7920,31359240,0,7459453,15679620,0.2379,"AGL(1,4057)xF3863:C1931"
7921,31367160,1,31367160,31367160,1.0000,"AGL(1,7921) [exact]"
7922,31375081,0,3927003,15687540,0.1252,"AGL(1,2803)xF5119:C853"
7923,31383003,0,869221,15691501,0.0277,"F1331+(2q+1=1319)+(8q+1=5273),q=659"
7924,31390926,0,7669486,15695463,0.2443,"AGL(1,3917)xF4007:C2003"
7925,31398850,0,1332293,15699425,0.0424,"F2153+(4q+1=2309)+(6q+1=3463),q=577"
7926,31406775,0,7677321,15703387,0.2444,"AGL(1,3919)xF4007:C2003"
7927,31414701,1,31414701,31414701,1.0000,"AGL(1,7927) [exact]"
7928,31422628,0,3943836,15711314,0.1255,"AGL(1,2809)xF5119:C853"
7929,31430556,0,1836007,15715278,0.0584,"AGL(1,4096)xF3833:C479"
7930,31438485,0,7693003,15719242,0.2447,"AGL(1,3923)xF4007:C2003"
7931,31446415,0,822403,15723207,0.0262,"F2801+(2q+1=1283)+(6q+1=3847),q=641"
7932,31454346,0,7420878,15727173,0.2359,"AGL(1,3853)xF4079:C2039"
7933,31462278,1,31462278,31462278,1.0000,"AGL(1,7933) [exact]"
7934,31470211,0,15733122,15735105,0.4999,2x(3967:1983)diag+rot
7935,31478145,0,669533,15739072,0.0213,"F2207+(4q+1=1637)+(10q+1=4091),q=409"
7936,31486080,0,7787431,15743040,0.2473,"AGL(1,3989)xF3947:C1973"
7937,31494016,1,31494016,31494016,1.0000,"AGL(1,7937) [exact]"
7938,31501953,0,7724415,15750976,0.2452,"AGL(1,3931)xF4007:C2003"
7939,31509891,0,1849787,15754945,0.0587,17x(467:466)diag+rot
7940,31517830,0,3717001,15758915,0.1179,"AGL(1,3217)xF4723:C787"
7941,31525770,0,3501981,15762885,0.1111,3x(2647:2646)diag
7942,31533711,0,7459453,15766855,0.2366,"AGL(1,3863)xF4079:C2039"
7943,31541653,0,2465927,15770826,0.0782,"AGL(1,4096)xF3847:C641"
7944,31549596,0,4779689,15774798,0.1515,"AGL(1,3571)xF4373:C1093"
7945,31557540,0,853471,15778770,0.0270,"F2719+(2q+1=1307)+(6q+1=3919),q=653"
7946,31565485,0,3826761,15782742,0.1212,"AGL(1,2767)xF5179:C863"
7947,31573431,0,580637,15786715,0.0184,"F2347+(6q+1=1867)+(12q+1=3733),q=311"
7948,31581378,0,7787431,15790689,0.2466,"AGL(1,4001)xF3947:C1973"
7949,31589326,1,31589326,31589326,1.0000,"AGL(1,7949) [exact]"
7950,31597275,0,7787431,15798637,0.2465,"AGL(1,4003)xF3947:C1973"
7951,31605225,1,31605225,31605225,1.0000,"AGL(1,7951) [exact]"
7952,31613176,0,4011528,15806588,0.1269,"AGL(1,2833)xF5119:C853"
7953,31621128,0,869221,15810564,0.0275,"F1361+(2q+1=1319)+(8q+1=5273),q=659"
7954,31629081,0,7787431,15814540,0.2462,"AGL(1,3947)xF4007:C2003"
7955,31637035,0,853471,15818517,0.0270,"F2729+(2q+1=1307)+(6q+1=3919),q=653"
7956,31644990,0,7513626,15822495,0.2374,"AGL(1,3877)xF4079:C2039"
7957,31652946,0,1159003,15826473,0.0366,"F1867+(2q+1=1523)+(6q+1=4567),q=761"
7958,31660903,0,3585947,15830451,0.1133,"AGL(1,3319)xF4639:C773"
7959,31668861,0,7459453,15834430,0.2355,"AGL(1,4096)xF3863:C1931"
7960,31676820,0,7787431,15838410,0.2458,"AGL(1,4013)xF3947:C1973"
7961,31684780,0,1159003,15842390,0.0366,"F1871+(2q+1=1523)+(6q+1=4567),q=761"
7962,31692741,0,7459453,15846370,0.2354,"AGL(1,4099)xF3863:C1931"
7963,31700703,1,31700703,31700703,1.0000,"AGL(1,7963) [exact]"
7964,31708666,0,3812051,15854333,0.1202,"AGL(1,3181)xF4783:C797"
7965,31716630,0,869221,15858315,0.0274,"F1373+(2q+1=1319)+(8q+1=5273),q=659"
7966,31724595,0,7787431,15862297,0.2455,"AGL(1,4019)xF3947:C1973"
7967,31732561,0,1159003,15866280,0.0365,"F1877+(2q+1=1523)+(6q+1=4567),q=761"
7968,31740528,0,7787431,15870264,0.2453,"AGL(1,4021)xF3947:C1973"
7969,31748496,0,2438514,15874248,0.0768,13x(613:612)diag+rot
7970,31756465,0,4062675,15878232,0.1279,"AGL(1,2851)xF5119:C853"
7971,31764435,0,10585488,15882217,0.3332,3x(2657:2656)diag+rot
7972,31772406,0,7344028,15886203,0.2311,"AGL(1,3833)xF4139:C2069"
7973,31780378,0,869221,15890189,0.0274,"F1381+(2q+1=1319)+(8q+1=5273),q=659"
7974,31788351,0,7866561,15894175,0.2475,"AGL(1,3967)xF4007:C2003"
7975,31796325,0,2096128,15898162,0.0659,"AGL(1,2048)xF5927:C2963"
7976,31804300,0,4079796,15902150,0.1283,"AGL(1,2857)xF5119:C853"
7977,31812276,0,3533811,15906138,0.1111,3x(2659:2658)diag
7978,31820253,0,7954066,15910126,0.2500,2x(3989:3988)diag
7979,31828231,0,1332293,15914115,0.0419,"F2207+(4q+1=2309)+(6q+1=3463),q=577"
7980,31836210,0,7420878,15918105,0.2331,"AGL(1,3853)xF4127:C2063"
7981,31844190,0,1380713,15922095,0.0434,23x(347:346)diag+rot
7982,31852171,0,3927003,15926085,0.1233,"AGL(1,2803)xF5179:C863"
7983,31860153,0,675703,15930076,0.0212,"F1163+(4q+1=1949)+(10q+1=4871),q=487"
7984,31868136,0,6846850,15934068,0.2148,"AGL(1,3701)xF4283:C2141"
7985,31876120,0,6372030,15938060,0.1999,5x(1597:1596)diag+rot
7986,31884105,0,7630371,15942052,0.2393,"AGL(1,3907)xF4079:C2039"
7987,31892091,0,2096128,15946045,0.0657,"AGL(1,2048)xF5939:C2969"
7988,31900078,0,3943836,15950039,0.1236,"AGL(1,2809)xF5179:C863"
7989,31908066,0,10633359,15954033,0.3332,3x(2663:2662)diag+rot
7990,31916055,0,7646005,15958027,0.2396,"AGL(1,3911)xF4079:C2039"
7991,31924045,0,1159003,15962022,0.0363,"F1901+(2q+1=1523)+(6q+1=4567),q=761"
7992,31932036,0,7459453,15966018,0.2336,"AGL(1,4129)xF3863:C1931"
7993,31940028,1,31940028,31940028,1.0000,"AGL(1,7993) [exact]"
7994,31948021,0,3717001,15974010,0.1163,"AGL(1,3271)xF4723:C787"
7995,31956015,0,669533,15978007,0.0210,"F2267+(4q+1=1637)+(10q+1=4091),q=409"
7996,31964010,0,7954066,15982005,0.2488,"AGL(1,3989)xF4007:C2003"
7997,31972006,0,1159003,15986003,0.0363,"F1907+(2q+1=1523)+(6q+1=4567),q=761"
7998,31980003,0,7787431,15990001,0.2435,"AGL(1,4051)xF3947:C1973"
7999,31988001,0,1679790,15994000,0.0525,19x(421:420)diag+rot
8000,31996000,0,3812051,15998000,0.1191,"AGL(1,3217)xF4783:C797"
8001,32004000,0,869221,16002000,0.0272,"F1409+(2q+1=1319)+(8q+1=5273),q=659"
8002,32012001,0,8002000,16006000,0.2500,2x(4001:4000)diag
8003,32020003,0,1159003,16010001,0.0362,"F1913+(2q+1=1523)+(6q+1=4567),q=761"
8004,32028006,0,7787431,16014003,0.2431,"AGL(1,4057)xF3947:C1973"
8005,32036010,0,1280800,16018005,0.0400,5x(1601:1600)diag
8006,32044015,0,16020006,16022007,0.4999,2x(4003:2001)diag+rot
8007,32052021,0,703891,16026010,0.0220,"F1187+(4q+1=1949)+(10q+1=4871),q=487"
8008,32060028,0,8002000,16030014,0.2496,"AGL(1,4001)xF4007:C2003"
8009,32068036,1,32068036,32068036,1.0000,"AGL(1,8009) [exact]"
8010,32076045,0,8010003,16038022,0.2497,"AGL(1,4003)xF4007:C2003"
8011,32084055,1,32084055,32084055,1.0000,"AGL(1,8011) [exact]"
8012,32092066,0,4011528,16046033,0.1250,"AGL(1,2833)xF5179:C863"
8013,32100078,0,3565785,16050039,0.1111,3x(2671:2670)diag
8014,32108091,0,16052042,16054045,0.4999,2x(4007:2003)diag+rot
8015,32116105,0,2559107,16058052,0.0797,"AGL(1,4096)xF3919:C653"
8016,32124120,0,7560216,16062060,0.2353,"AGL(1,3889)xF4127:C2063"
8017,32132136,1,32132136,32132136,1.0000,"AGL(1,8017) [exact]"
8018,32140153,0,3384757,16070076,0.1053,"AGL(1,3511)xF4507:C751"
8019,32148171,0,2918916,16074085,0.0908,11x(729:728)diag+rot
8020,32156190,0,8026021,16078095,0.2496,"AGL(1,4013)xF4007:C2003"
8021,32164210,0,2470468,16082105,0.0768,13x(617:616)diag+rot
8022,32172231,0,7771653,16086115,0.2416,"AGL(1,3943)xF4079:C2039"
8023,32180253,0,1332293,16090126,0.0414,"F2251+(4q+1=2309)+(6q+1=3463),q=577"
8024,32188276,0,3717001,16094138,0.1155,"AGL(1,3301)xF4723:C787"
8025,32196300,0,1929139,16098150,0.0599,"AGL(1,4096)xF3929:C491"
8026,32204325,0,8050078,16102162,0.2500,2x(4013:4012)diag
8027,32212351,0,1396698,16106175,0.0434,23x(349:348)diag+rot
8028,32220378,0,8026021,16110189,0.2491,"AGL(1,4021)xF4007:C2003"
8029,32228406,0,853471,16114203,0.0265,"F2803+(2q+1=1307)+(6q+1=3919),q=653"
8030,32236435,0,4062675,16118217,0.1260,"AGL(1,2851)xF5179:C863"
8031,32244465,0,3581826,16122232,0.1111,3x(2677:2676)diag
8032,32252496,0,7229503,16126248,0.2242,"AGL(1,4229)xF3803:C1901"
8033,32260528,0,1108554,16130264,0.0344,29x(277:276)diag+rot
8034,32268561,0,8026021,16134280,0.2487,"AGL(1,4027)xF4007:C2003"
8035,32276595,0,6452105,16138297,0.1999,5x(1607:1606)diag+rot
8036,32284630,0,4252986,16142315,0.1317,"AGL(1,2917)xF5119:C853"
8037,32292666,0,739936,16146333,0.0229,"F1217+(4q+1=1949)+(10q+1=4871),q=487"
8038,32300703,0,16148342,16150351,0.4999,2x(4019:2009)diag+rot
8039,32308741,1,32308741,32308741,1.0000,"AGL(1,8039) [exact]"
8040,32316780,0,7787431,16158390,0.2410,"AGL(1,4093)xF3947:C1973"
8041,32324820,0,1332293,16162410,0.0412,"F2269+(4q+1=2309)+(6q+1=3463),q=577"
8042,32332861,0,8082210,16166430,0.2500,2x(4021:4020)diag
8043,32340903,0,7787431,16170451,0.2408,"AGL(1,4096)xF3947:C1973"
8044,32348946,0,7669486,16174473,0.2371,"AGL(1,3917)xF4127:C2063"
8045,32356990,0,6468180,16178495,0.1999,5x(1609:1608)diag+rot
8046,32365035,0,7866561,16182517,0.2431,"AGL(1,3967)xF4079:C2039"
8047,32373081,0,2486523,16186540,0.0768,13x(619:618)diag+rot
8048,32381128,0,3475487,16190564,0.1073,"AGL(1,3481)xF4567:C761"
8049,32389176,0,3597903,16194588,0.1111,3x(2683:2682)diag
8050,32397225,0,7693003,16198612,0.2375,"AGL(1,3923)xF4127:C2063"
8051,32405275,0,869221,16202637,0.0268,"F1459+(2q+1=1319)+(8q+1=5273),q=659"
8052,32413326,0,7191528,16206663,0.2219,"AGL(1,3793)xF4259:C2129"
8053,32421378,1,32421378,32421378,1.0000,"AGL(1,8053) [exact]"
8054,32429431,0,16212702,16214715,0.4999,2x(4027:2013)diag+rot
8055,32437485,0,518671,16218742,0.0160,"F2963+(2q+1=1019)+(8q+1=4073),q=509"
8056,32445540,0,8026021,16222770,0.2474,"AGL(1,4049)xF4007:C2003"
8057,32453596,0,4632775,16226798,0.1428,7x(1151:1150)diag+rot
8058,32461653,0,8026021,16230826,0.2472,"AGL(1,4051)xF4007:C2003"
8059,32469711,1,32469711,32469711,1.0000,"AGL(1,8059) [exact]"
8060,32477770,0,3423036,16238885,0.1054,"AGL(1,2617)xF5443:C907"
8061,32485830,0,10825923,16242915,0.3333,3x(2687:2686)diag+rot
8062,32493891,0,7693003,16246945,0.2368,"AGL(1,3923)xF4139:C2069"
8063,32501953,0,2951058,16250976,0.0908,11x(733:732)diag+rot
8064,32510016,0,8026021,16255008,0.2469,"AGL(1,4057)xF4007:C2003"
8065,32518080,0,6500390,16259040,0.1999,5x(1613:1612)diag+rot
8066,32526145,0,4165941,16263072,0.1281,"AGL(1,2887)xF5179:C863"
8067,32534211,0,3614016,16267105,0.1111,3x(2689:2688)diag
8068,32542278,0,7954066,16271139,0.2444,"AGL(1,3989)xF4079:C2039"
8069,32550346,1,32550346,32550346,1.0000,"AGL(1,8069) [exact]"
8070,32558415,0,7771653,16279207,0.2387,"AGL(1,3943)xF4127:C2063"
8071,32566485,0,4648896,16283242,0.1428,7x(1153:1152)diag+rot
8072,32574556,0,4358628,16287278,0.1338,"AGL(1,2953)xF5119:C853"
8073,32582628,0,869221,16291314,0.0267,"F1481+(2q+1=1319)+(8q+1=5273),q=659"
8074,32590701,0,7787431,16295350,0.2389,"AGL(1,3947)xF4127:C2063"
8075,32598775,0,933661,16299387,0.0286,"F2609+(2q+1=1367)+(6q+1=4099),q=683"
8076,32606850,0,7787431,16303425,0.2388,"AGL(1,4129)xF3947:C1973"
8077,32614926,0,1159003,16307463,0.0355,"F1987+(2q+1=1523)+(6q+1=4567),q=761"
8078,32623003,0,3475487,16311501,0.1065,"AGL(1,3511)xF4567:C761"
8079,32631081,0,10874334,16315540,0.3333,3x(2693:2692)diag+rot
8080,32639160,0,8026021,16319580,0.2459,"AGL(1,4073)xF4007:C2003"
8081,32647240,1,32647240,32647240,1.0000,"AGL(1,8081) [exact]"
8082,32655321,0,8010003,16327660,0.2453,"AGL(1,4003)xF4079:C2039"
8083,32663403,0,1332293,16331701,0.0408,"F2311+(4q+1=2309)+(6q+1=3463),q=577"
8084,32671486,0,3812051,16335743,0.1167,"AGL(1,3301)xF4783:C797"
8085,32679570,0,3977033,16339785,0.1217,"AGL(1,4096)xF3989:C997"
8086,32687655,0,8026021,16343827,0.2455,"AGL(1,4007)xF4079:C2039"
8087,32695741,1,32695741,32695741,1.0000,"AGL(1,8087) [exact]"
8088,32703828,0,6267570,16351914,0.1916,"AGL(1,3541)xF4547:C2273"
8089,32711916,1,32711916,32711916,1.0000,"AGL(1,8089) [exact]"
8090,32720005,0,4366507,16360002,0.1335,"AGL(1,2971)xF5119:C853"
8091,32728095,0,869221,16364047,0.0266,"F1499+(2q+1=1319)+(8q+1=5273),q=659"
8092,32736186,0,8050078,16368093,0.2459,"AGL(1,4013)xF4079:C2039"
8093,32744278,1,32744278,32744278,1.0000,"AGL(1,8093) [exact]"
8094,32752371,0,7866561,16376185,0.2402,"AGL(1,3967)xF4127:C2063"
8095,32760465,0,6548855,16380232,0.1999,5x(1619:1618)diag+rot
8096,32768560,0,4252986,16384280,0.1298,"AGL(1,2917)xF5179:C863"
8097,32776656,0,10922853,16388328,0.3333,3x(2699:2698)diag+rot
8098,32784753,0,8195176,16392376,0.2500,2x(4049:4048)diag
8099,32792851,0,933661,16396425,0.0285,"F2633+(2q+1=1367)+(6q+1=4099),q=683"
8100,32800950,0,8082210,16400475,0.2464,"AGL(1,4021)xF4079:C2039"
8101,32809050,1,32809050,32809050,1.0000,"AGL(1,8101) [exact]"
8102,32817151,0,16406550,16408575,0.4999,2x(4051:2025)diag+rot
8103,32825253,0,8026021,16412626,0.2445,"AGL(1,4096)xF4007:C2003"
8104,32833356,0,7787431,16416678,0.2372,"AGL(1,4157)xF3947:C1973"
8105,32841460,0,1332293,16420730,0.0406,"F2333+(4q+1=2309)+(6q+1=3463),q=577"
8106,32849565,0,8106351,16424782,0.2468,"AGL(1,4027)xF4079:C2039"
8107,32857671,0,1159003,16428835,0.0353,"F2017+(2q+1=1523)+(6q+1=4567),q=761"
8108,32865778,0,3585947,16432889,0.1091,"AGL(1,3469)xF4639:C773"
8109,32873886,0,830116,16436943,0.0253,"F1289+(4q+1=1949)+(10q+1=4871),q=487"
8110,32881995,0,7413175,16440997,0.2254,"AGL(1,3851)xF4259:C2129"
8111,32890105,1,32890105,32890105,1.0000,"AGL(1,8111) [exact]"
8112,32898216,0,7420878,16449108,0.2256,"AGL(1,3853)xF4259:C2129"
8113,32906328,0,1332293,16453164,0.0405,"F2341+(4q+1=2309)+(6q+1=3463),q=577"
8114,32914441,0,8227596,16457220,0.2500,2x(4057:4056)diag
8115,32922555,0,2044579,16461277,0.0621,"AGL(1,2048)xF6067:C337"
8116,32930670,0,7954066,16465335,0.2415,"AGL(1,3989)xF4127:C2063"
8117,32938786,1,32938786,32938786,1.0000,"AGL(1,8117) [exact]"
8118,32946903,0,8026021,16473451,0.2436,"AGL(1,4111)xF4007:C2003"
8119,32955021,0,1428944,16477510,0.0434,23x(353:352)diag+rot
8120,32963140,0,4366507,16481570,0.1325,"AGL(1,3001)xF5119:C853"
8121,32971260,0,3662571,16485630,0.1111,3x(2707:2706)diag
8122,32979381,0,7459453,16489690,0.2262,"AGL(1,3863)xF4259:C2129"
8123,32987503,1,32987503,32987503,1.0000,"AGL(1,8123) [exact]"
8124,32995626,0,7787431,16497813,0.2360,"AGL(1,4177)xF3947:C1973"
8125,33003750,0,933661,16501875,0.0283,"F2659+(2q+1=1367)+(6q+1=4099),q=683"
8126,33011875,0,3927003,16505937,0.1190,"AGL(1,2803)xF5323:C887"
8127,33020001,0,2096128,16510000,0.0635,"AGL(1,2048)xF6079:C1013"
8128,33028128,0,8195176,16514064,0.2481,"AGL(1,4049)xF4079:C2039"
8129,33036256,0,2999601,16518128,0.0908,11x(739:738)diag+rot
8130,33044385,0,8203275,16522192,0.2483,"AGL(1,4051)xF4079:C2039"
8131,33052515,0,822403,16526257,0.0249,"F3001+(2q+1=1283)+(6q+1=3847),q=641"
8132,33060646,0,4358628,16530323,0.1318,"AGL(1,2953)xF5179:C863"
8133,33068778,0,11020215,16534389,0.3333,3x(2711:2710)diag+rot
8134,33076911,0,8026021,16538455,0.2426,"AGL(1,4007)xF4127:C2063"
8135,33085045,0,6613755,16542522,0.1999,5x(1627:1626)diag+rot
8136,33093180,0,8227596,16546590,0.2486,"AGL(1,4057)xF4079:C2039"
8137,33101316,0,2096128,16550658,0.0633,"AGL(1,2048)xF6089:C761"
8138,33109453,0,4366507,16554726,0.1319,"AGL(1,3019)xF5119:C853"
8139,33117591,0,3678828,16558795,0.1111,3x(2713:2712)diag
8140,33125730,0,8050078,16562865,0.2430,"AGL(1,4013)xF4127:C2063"
8141,33133870,0,871860,16566935,0.0263,"F1321+(4q+1=1949)+(10q+1=4871),q=487"
8142,33142011,0,8010003,16571005,0.2417,"AGL(1,4003)xF4139:C2069"
8143,33150153,0,1946177,16575076,0.0587,17x(479:478)diag+rot
8144,33158296,0,3812051,16579148,0.1150,"AGL(1,3361)xF4783:C797"
8145,33166440,0,869221,16583220,0.0262,"F1553+(2q+1=1319)+(8q+1=5273),q=659"
8146,33174585,0,8292628,16587292,0.2500,2x(4073:4072)diag
8147,33182731,1,33182731,33182731,1.0000,"AGL(1,8147) [exact]"
8148,33190878,0,8082210,16595439,0.2435,"AGL(1,4021)xF4127:C2063"
8149,33199026,0,1332293,16599513,0.0401,"F2377+(4q+1=2309)+(6q+1=3463),q=577"
8150,33207175,0,4411935,16603587,0.1329,"AGL(1,2971)xF5179:C863"
8151,33215325,0,885115,16607662,0.0266,"F1331+(4q+1=1949)+(10q+1=4871),q=487"
8152,33223476,0,8292628,16611738,0.2496,"AGL(1,4073)xF4079:C2039"
8153,33231628,0,1332293,16615814,0.0401,"F2381+(4q+1=2309)+(6q+1=3463),q=577"
8154,33239781,0,8106351,16619890,0.2439,"AGL(1,4027)xF4127:C2063"
8155,33247935,0,1332293,16623967,0.0401,"F2383+(4q+1=2309)+(6q+1=3463),q=577"
8156,33256090,0,4366507,16628045,0.1313,"AGL(1,3037)xF5119:C853"
8157,33264246,0,3695121,16632123,0.1111,3x(2719:2718)diag
8158,33272403,0,16634162,16636201,0.4999,2x(4079:2039)diag+rot
8159,33280561,0,1159003,16640280,0.0348,"F2069+(2q+1=1523)+(6q+1=4567),q=761"
8160,33288720,0,8082210,16644360,0.2428,"AGL(1,4021)xF4139:C2069"
8161,33296880,1,33296880,33296880,1.0000,"AGL(1,8161) [exact]"
8162,33305041,0,3695121,16652520,0.1109,"AGL(1,2719)xF5443:C907"
8163,33313203,0,869221,16656601,0.0261,"F1571+(2q+1=1319)+(8q+1=5273),q=659"
8164,33321366,0,8026021,16660683,0.2409,"AGL(1,4157)xF4007:C2003"
8165,33329530,0,1332293,16664765,0.0400,"F2393+(4q+1=2309)+(6q+1=3463),q=577"
8166,33337695,0,8106351,16668847,0.2432,"AGL(1,4027)xF4139:C2069"
8167,33345861,1,33345861,33345861,1.0000,"AGL(1,8167) [exact]"
8168,33354028,0,4366507,16677014,0.1309,"AGL(1,3049)xF5119:C853"
8169,33362196,0,2073157,16681098,0.0621,"AGL(1,4096)xF4073:C509"
8170,33370365,0,8317081,16685182,0.2492,"AGL(1,4091)xF4079:C2039"
8171,33378535,1,33378535,33378535,1.0000,"AGL(1,8171) [exact]"
8172,33386706,0,8317081,16693353,0.2491,"AGL(1,4093)xF4079:C2039"
8173,33394878,0,3032183,16697439,0.0908,11x(743:742)diag+rot
8174,33403051,0,4062675,16701525,0.1216,"AGL(1,2851)xF5323:C887"
8175,33411225,0,8317081,16705612,0.2489,"AGL(1,4096)xF4079:C2039"
8176,33419400,0,8195176,16709700,0.2452,"AGL(1,4049)xF4127:C2063"
8177,33427576,0,1159003,16713788,0.0347,"F2087+(2q+1=1523)+(6q+1=4567),q=761"
8178,33435753,0,8317081,16717876,0.2487,"AGL(1,4099)xF4079:C2039"
8179,33443931,1,33443931,33443931,1.0000,"AGL(1,8179) [exact]"
8180,33452110,0,4469477,16726055,0.1336,"AGL(1,3001)xF5179:C863"
8181,33460290,0,925480,16730145,0.0277,"F1361+(4q+1=1949)+(10q+1=4871),q=487"
8182,33468471,0,16732190,16734235,0.4999,2x(4091:2045)diag+rot
8183,33476653,0,1332293,16738326,0.0398,"F2411+(4q+1=2309)+(6q+1=3463),q=577"
8184,33484836,0,8227596,16742418,0.2457,"AGL(1,4057)xF4127:C2063"
8185,33493020,0,6695330,16746510,0.1999,5x(1637:1636)diag+rot
8186,33501205,0,8374278,16750602,0.2500,2x(4093:4092)diag
8187,33509391,0,11167068,16754695,0.3333,3x(2729:2728)diag+rot
8188,33517578,0,8195176,16758789,0.2445,"AGL(1,4049)xF4139:C2069"
8189,33525766,0,1760635,16762883,0.0525,19x(431:430)diag+rot
8190,33533955,0,8317081,16766977,0.2480,"AGL(1,4111)xF4079:C2039"
8191,33542145,1,33542145,33542145,1.0000,"AGL(1,8191) [exact]"
8192,33550336,1,33550336,33550336,1.0000,"AGL(1,8192) [exact]"
8193,33558528,0,3727815,16779264,0.1111,3x(2731:2730)diag
8194,33566721,0,7646005,16783360,0.2278,"AGL(1,3911)xF4283:C2141"
8195,33574915,0,2799617,16787457,0.0834,"AGL(1,4096)xF4099:C683"
8196,33583110,0,8227596,16791555,0.2450,"AGL(1,4057)xF4139:C2069"
8197,33591306,0,4795245,16795653,0.1428,7x(1171:1170)diag+rot
8198,33599503,0,16797702,16799751,0.4999,2x(4099:2049)diag+rot
8199,33607701,0,869221,16803850,0.0259,"F1607+(2q+1=1319)+(8q+1=5273),q=659"
8200,33615900,0,8292628,16807950,0.2467,"AGL(1,4073)xF4127:C2063"
8201,33624100,0,1159003,16812050,0.0345,"F2111+(2q+1=1523)+(6q+1=4567),q=761"
8202,33632301,0,7771653,16816150,0.2311,"AGL(1,3943)xF4259:C2129"
8203,33640503,0,2583945,16820251,0.0768,13x(631:630)diag+rot
8204,33648706,0,3717001,16824353,0.1105,"AGL(1,3481)xF4723:C787"
8205,33656910,0,869221,16828455,0.0258,"F1613+(2q+1=1319)+(8q+1=5273),q=659"
8206,33665115,0,8317081,16832557,0.2471,"AGL(1,4079)xF4127:C2063"
8207,33673321,0,1157187,16836660,0.0344,29x(283:282)diag+rot
8208,33681528,0,8317081,16840764,0.2469,"AGL(1,4129)xF4079:C2039"
8209,33689736,1,33689736,33689736,1.0000,"AGL(1,8209) [exact]"
8210,33697945,0,4165941,16848972,0.1236,"AGL(1,2887)xF5323:C887"
8211,33706155,0,869221,16853077,0.0258,"F1619+(2q+1=1319)+(8q+1=5273),q=659"
8212,33714366,0,8317081,16857183,0.2467,"AGL(1,4133)xF4079:C2039"
8213,33722578,0,1332293,16861289,0.0395,"F2441+(4q+1=2309)+(6q+1=3463),q=577"
8214,33730791,0,7724415,16865395,0.2290,"AGL(1,3931)xF4283:C2141"
8215,33739005,0,933661,16869502,0.0277,"F2749+(2q+1=1367)+(6q+1=4099),q=683"
8216,33747220,0,4469477,16873610,0.1324,"AGL(1,3037)xF5179:C863"
8217,33755436,0,580637,16877718,0.0172,"F2617+(6q+1=1867)+(12q+1=3733),q=311"
8218,33763653,0,8366095,16881826,0.2478,"AGL(1,4091)xF4127:C2063"
8219,33771871,1,33771871,33771871,1.0000,"AGL(1,8219) [exact]"
8220,33780090,0,8374278,16890045,0.2479,"AGL(1,4093)xF4127:C2063"
8221,33788310,1,33788310,33788310,1.0000,"AGL(1,8221) [exact]"
8222,33796531,0,16896210,16898265,0.4999,2x(4111:2055)diag+rot
8223,33804753,0,11265510,16902376,0.3333,3x(2741:2740)diag+rot
8224,33812976,0,8026021,16906488,0.2374,"AGL(1,4217)xF4007:C2003"
8225,33821200,0,853471,16910600,0.0252,"F2999+(2q+1=1307)+(6q+1=3919),q=653"
8226,33829425,0,8398851,16914712,0.2483,"AGL(1,4099)xF4127:C2063"
8227,33837651,0,1777032,16918825,0.0525,19x(433:432)diag+rot
8228,33845878,0,4469477,16922939,0.1321,"AGL(1,3049)xF5179:C863"
8229,33854106,0,4269389,16927053,0.1261,"AGL(1,4096)xF4133:C1033"
8230,33862335,0,8366095,16931167,0.2471,"AGL(1,4091)xF4139:C2069"
8231,33870565,1,33870565,33870565,1.0000,"AGL(1,8231) [exact]"
8232,33878796,0,8374278,16939398,0.2472,"AGL(1,4093)xF4139:C2069"
8233,33887028,1,33887028,33887028,1.0000,"AGL(1,8233) [exact]"
8234,33895261,0,3893445,16947630,0.1149,"AGL(1,2791)xF5443:C907"
8235,33903495,0,8386560,16951747,0.2474,"AGL(1,4096)xF4139:C2069"
8236,33911730,0,8317081,16955865,0.2453,"AGL(1,4157)xF4079:C2039"
8237,33919966,1,33919966,33919966,1.0000,"AGL(1,8237) [exact]"
8238,33928203,0,8448105,16964101,0.2490,"AGL(1,4111)xF4127:C2063"
8239,33936441,0,1332293,16968220,0.0393,"F2467+(4q+1=2309)+(6q+1=3463),q=577"
8240,33944680,0,4469477,16972340,0.1317,"AGL(1,3061)xF5179:C863"
8241,33952920,0,711028,16976460,0.0209,"F1193+(10q+1=2711)+(16q+1=4337),q=271"
8242,33961161,0,7138531,16980580,0.2102,"AGL(1,4463)xF3779:C1889"
8243,33969403,1,33969403,33969403,1.0000,"AGL(1,8243) [exact]"
8244,33977646,0,7787431,16988823,0.2292,"AGL(1,4297)xF3947:C1973"
8245,33985890,0,2096128,16992945,0.0617,"AGL(1,2048)xF6197:C1549"
8246,33994135,0,4469477,16997067,0.1315,"AGL(1,3067)xF5179:C863"
8247,34002381,0,3777126,17001190,0.1111,3x(2749:2748)diag
8248,34010628,0,8026021,17005314,0.2360,"AGL(1,4241)xF4007:C2003"
8249,34018876,0,1332293,17009438,0.0392,"F2477+(4q+1=2309)+(6q+1=3463),q=577"
8250,34027125,0,8448105,17013562,0.2483,"AGL(1,4111)xF4139:C2069"
8251,34035375,0,2096128,17017687,0.0616,"AGL(1,2048)xF6203:C443"
8252,34043626,0,3943836,17021813,0.1158,"AGL(1,2809)xF5443:C907"
8253,34051878,0,4319123,17025939,0.1268,"AGL(1,4096)xF4157:C1039"
8254,34060131,0,17028002,17030065,0.4999,2x(4127:2063)diag+rot
8255,34068385,0,933661,17034192,0.0274,"F2789+(2q+1=1367)+(6q+1=4099),q=683"
8256,34076640,0,8514001,17038320,0.2498,"AGL(1,4129)xF4127:C2063"
8257,34084896,0,1478003,17042448,0.0434,23x(359:358)diag+rot
8258,34093153,0,8522256,17046576,0.2500,2x(4129:4128)diag
8259,34101411,0,11364384,17050705,0.3333,3x(2753:2752)diag+rot
8260,34109670,0,8514001,17054835,0.2496,"AGL(1,4133)xF4127:C2063"
8261,34117930,0,3097875,17058965,0.0908,11x(751:750)diag+rot
8262,34126191,0,8010003,17063095,0.2347,"AGL(1,4003)xF4259:C2129"
8263,34134453,1,34134453,34134453,1.0000,"AGL(1,8263) [exact]"
8264,34142716,0,3812051,17071358,0.1117,"AGL(1,3481)xF4783:C797"
8265,34150980,0,734681,17075490,0.0215,"F1217+(10q+1=2711)+(16q+1=4337),q=271"
8266,34159245,0,8538778,17079622,0.2500,2x(4133:4132)diag
8267,34167511,0,4877530,17083755,0.1428,7x(1181:1180)diag+rot
8268,34175778,0,8522256,17087889,0.2494,"AGL(1,4129)xF4139:C2069"
8269,34184046,1,34184046,34184046,1.0000,"AGL(1,8269) [exact]"
8270,34192315,0,3717001,17096157,0.1087,"AGL(1,3547)xF4723:C787"
8271,34200585,0,949163,17100292,0.0278,"F1451+(4q+1=1949)+(10q+1=4871),q=487"
8272,34208856,0,8538778,17104428,0.2496,"AGL(1,4133)xF4139:C2069"
8273,34217128,1,34217128,34217128,1.0000,"AGL(1,8273) [exact]"
8274,34225401,0,7787431,17112700,0.2275,"AGL(1,4327)xF3947:C1973"
8275,34233675,0,1332293,17116837,0.0389,"F2503+(4q+1=2309)+(6q+1=3463),q=577"
8276,34241950,0,4358628,17120975,0.1273,"AGL(1,2953)xF5323:C887"
8277,34250226,0,1159003,17125113,0.0338,"F2187+(2q+1=1523)+(6q+1=4567),q=761"
8278,34258503,0,17127182,17129251,0.4999,2x(4139:2069)diag+rot
8279,34266781,0,2011797,17133390,0.0587,17x(487:486)diag+rot
8280,34275060,0,8514001,17137530,0.2484,"AGL(1,4153)xF4127:C2063"
8281,34283340,0,581051,17141670,0.0169,"F1531+(10q+1=2411)+(18q+1=4339),q=241"
8282,34291621,0,4366507,17145810,0.1273,"AGL(1,3163)xF5119:C853"
8283,34299903,0,580637,17149951,0.0169,"F2683+(6q+1=1867)+(12q+1=3733),q=311"
8284,34308186,0,8514001,17154093,0.2482,"AGL(1,4157)xF4127:C2063"
8285,34316470,0,6859980,17158235,0.1999,5x(1657:1656)diag+rot
8286,34324755,0,8514001,17162377,0.2480,"AGL(1,4159)xF4127:C2063"
8287,34333041,1,34333041,34333041,1.0000,"AGL(1,8287) [exact]"
8288,34341328,0,4469477,17170664,0.1301,"AGL(1,3109)xF5179:C863"
8289,34349616,0,869221,17174808,0.0253,"F1697+(2q+1=1319)+(8q+1=5273),q=659"
8290,34357905,0,8317081,17178952,0.2421,"AGL(1,4211)xF4079:C2039"
8291,34366195,1,34366195,34366195,1.0000,"AGL(1,8291) [exact]"
8292,34374486,0,8563591,17187243,0.2491,"AGL(1,4153)xF4139:C2069"
8293,34382778,1,34382778,34382778,1.0000,"AGL(1,8293) [exact]"
8294,34391071,0,4411935,17195535,0.1283,"AGL(1,2971)xF5323:C887"
8295,34399365,0,2096128,17199682,0.0609,"AGL(1,2048)xF6247:C347"
8296,34407660,0,8563591,17203830,0.2489,"AGL(1,4157)xF4139:C2069"
8297,34415956,1,34415956,34415956,1.0000,"AGL(1,8297) [exact]"
8298,34424253,0,8563591,17212126,0.2488,"AGL(1,4159)xF4139:C2069"
8299,34432551,0,1159003,17216275,0.0337,"F2209+(2q+1=1523)+(6q+1=4567),q=761"
8300,34440850,0,4469477,17220425,0.1298,"AGL(1,3121)xF5179:C863"
8301,34449150,0,3826761,17224575,0.1111,3x(2767:2766)diag
8302,34457451,0,8074171,17228725,0.2343,"AGL(1,4019)xF4283:C2141"
8303,34465753,0,1494540,17232876,0.0434,23x(361:360)diag+rot
8304,34474056,0,8514001,17237028,0.2470,"AGL(1,4177)xF4127:C2063"
8305,34482360,0,853471,17241180,0.0248,"F3079+(2q+1=1307)+(6q+1=3919),q=653"
8306,34490665,0,8621628,17245332,0.2500,2x(4153:4152)diag
8307,34498971,0,1772831,17249485,0.0514,"AGL(1,4096)xF4211:C421"
8308,34507278,0,8317081,17253639,0.2410,"AGL(1,4229)xF4079:C2039"
8309,34515586,0,4927237,17257793,0.1428,7x(1187:1186)diag+rot
8310,34523895,0,8317081,17261947,0.2409,"AGL(1,4231)xF4079:C2039"
8311,34532205,1,34532205,34532205,1.0000,"AGL(1,8311) [exact]"
8312,34540516,0,3812051,17270258,0.1104,"AGL(1,3529)xF4783:C797"
8313,34548828,0,949163,17274414,0.0275,"F1493+(4q+1=1949)+(10q+1=4871),q=487"
8314,34557141,0,8638246,17278570,0.2500,2x(4157:4156)diag
8315,34565455,0,6909765,17282727,0.1999,5x(1663:1662)diag+rot
8316,34573770,0,8563591,17286885,0.2477,"AGL(1,4177)xF4139:C2069"
8317,34582086,1,34582086,34582086,1.0000,"AGL(1,8317) [exact]"
8318,34590403,0,17293122,17295201,0.4999,2x(4159:2079)diag+rot
8319,34598721,0,949163,17299360,0.0274,"F1499+(4q+1=1949)+(10q+1=4871),q=487"
8320,34607040,0,8317081,17303520,0.2403,"AGL(1,4241)xF4079:C2039"
8321,34615360,0,1332293,17307680,0.0385,"F2549+(4q+1=2309)+(6q+1=3463),q=577"
8322,34623681,0,8317081,17311840,0.2402,"AGL(1,4243)xF4079:C2039"
8323,34632003,0,1332293,17316001,0.0385,"F2551+(4q+1=2309)+(6q+1=3463),q=577"
8324,34640326,0,4501500,17320163,0.1299,"AGL(1,3001)xF5323:C887"
8325,34648650,0,2096128,17324325,0.0605,"AGL(1,2048)xF6277:C523"
8326,34656975,0,7459453,17328487,0.2152,"AGL(1,4463)xF3863:C1931"
8327,34665301,0,3147606,17332650,0.0908,11x(757:756)diag+rot
8328,34673628,0,8514001,17336814,0.2455,"AGL(1,4201)xF4127:C2063"
8329,34681956,1,34681956,34681956,1.0000,"AGL(1,8329) [exact]"
8330,34690285,0,4165941,17345142,0.1201,"AGL(1,2887)xF5443:C907"
8331,34698615,0,11563428,17349307,0.3333,3x(2777:2776)diag+rot
8332,34706946,0,8317081,17353473,0.2396,"AGL(1,4253)xF4079:C2039"
8333,34715278,0,2666560,17357639,0.0768,13x(641:640)diag+rot
8334,34723611,0,8203275,17361805,0.2362,"AGL(1,4051)xF4283:C2141"
8335,34731945,0,6943055,17365972,0.1999,5x(1667:1666)diag+rot
8336,34740280,0,4366507,17370140,0.1257,"AGL(1,3217)xF5119:C853"
8337,34748616,0,734681,17374308,0.0211,"F1289+(10q+1=2711)+(16q+1=4337),q=271"
8338,34756953,0,8514001,17378476,0.2450,"AGL(1,4211)xF4127:C2063"
8339,34765291,0,1117426,17382645,0.0321,31x(269:268)diag+rot
8340,34773630,0,8563591,17386815,0.2463,"AGL(1,4201)xF4139:C2069"
8341,34781970,0,1826679,17390985,0.0525,19x(439:438)diag+rot
8342,34790311,0,4555671,17395155,0.1309,"AGL(1,3019)xF5323:C887"
8343,34798653,0,949163,17399326,0.0273,"F1523+(4q+1=1949)+(10q+1=4871),q=487"
8344,34806996,0,8514001,17403498,0.2446,"AGL(1,4217)xF4127:C2063"
8345,34815340,0,6959730,17407670,0.1999,5x(1669:1668)diag+rot
8346,34823685,0,8514001,17411842,0.2445,"AGL(1,4219)xF4127:C2063"
8347,34832031,0,2045015,17416015,0.0587,17x(491:490)diag+rot
8348,34840378,0,4469477,17420189,0.1283,"AGL(1,3169)xF5179:C863"
8349,34848726,0,4520939,17424363,0.1297,"AGL(1,4096)xF4253:C1063"
8350,34857075,0,8563591,17428537,0.2457,"AGL(1,4211)xF4139:C2069"
8351,34865425,0,4977196,17432712,0.1428,7x(1193:1192)diag+rot
8352,34873776,0,8374278,17436888,0.2401,"AGL(1,4093)xF4259:C2129"
8353,34882128,1,34882128,34882128,1.0000,"AGL(1,8353) [exact]"
8354,34890481,0,8721576,17445240,0.2500,2x(4177:4176)diag
8355,34898835,0,8386560,17449417,0.2403,"AGL(1,4096)xF4259:C2129"
8356,34907190,0,8563591,17453595,0.2453,"AGL(1,4217)xF4139:C2069"
8357,34915546,0,1159003,17457773,0.0332,"F2267+(2q+1=1523)+(6q+1=4567),q=761"
8358,34923903,0,8563591,17461951,0.2452,"AGL(1,4219)xF4139:C2069"
8359,34932261,0,2683239,17466130,0.0768,13x(643:642)diag+rot
8360,34940620,0,4610166,17470310,0.1319,"AGL(1,3037)xF5323:C887"
8361,34948980,0,669533,17474490,0.0192,"F2633+(4q+1=1637)+(10q+1=4091),q=409"
8362,34957341,0,8317081,17478670,0.2379,"AGL(1,4079)xF4283:C2141"
8363,34965703,1,34965703,34965703,1.0000,"AGL(1,8363) [exact]"
8364,34974066,0,8026021,17487033,0.2295,"AGL(1,4357)xF4007:C2003"
8365,34982430,0,2096128,17491215,0.0599,"AGL(1,2048)xF6317:C1579"
8366,34990795,0,4469477,17495397,0.1277,"AGL(1,3187)xF5179:C863"
8367,34999161,0,11663598,17499580,0.3333,3x(2789:2788)diag+rot
8368,35007528,0,8563591,17503764,0.2446,"AGL(1,4229)xF4139:C2069"
8369,35015896,1,35015896,35015896,1.0000,"AGL(1,8369) [exact]"
8370,35024265,0,8563591,17512132,0.2445,"AGL(1,4231)xF4139:C2069"
8371,35032635,0,3180980,17516317,0.0908,11x(761:760)diag+rot
8372,35041006,0,4646676,17520503,0.1326,"AGL(1,3049)xF5323:C887"
8373,35049378,0,3893445,17524689,0.1111,3x(2791:2790)diag
8374,35057751,0,8366095,17528875,0.2386,"AGL(1,4091)xF4283:C2141"
8375,35066125,0,933661,17533062,0.0266,"F2909+(2q+1=1367)+(6q+1=4099),q=683"
8376,35074500,0,8374278,17537250,0.2388,"AGL(1,4093)xF4283:C2141"
8377,35082876,1,35082876,35082876,1.0000,"AGL(1,8377) [exact]"
8378,35091253,0,4366507,17545626,0.1244,"AGL(1,3259)xF5119:C853"
8379,35099631,0,8386560,17549815,0.2389,"AGL(1,4096)xF4283:C2141"
8380,35108010,0,8563591,17554005,0.2439,"AGL(1,4241)xF4139:C2069"
8381,35116390,0,1332293,17558195,0.0379,"F2609+(4q+1=2309)+(6q+1=3463),q=577"
8382,35124771,0,8563591,17562385,0.2438,"AGL(1,4243)xF4139:C2069"
8383,35133153,0,1159003,17566576,0.0330,"F2293+(2q+1=1523)+(6q+1=4567),q=761"
8384,35141536,0,4683330,17570768,0.1333,"AGL(1,3061)xF5323:C887"
8385,35149920,0,669533,17574960,0.0190,"F2657+(4q+1=1637)+(10q+1=4091),q=409"
8386,35158305,0,8514001,17579152,0.2422,"AGL(1,4127)xF4259:C2129"
8387,35166691,1,35166691,35166691,1.0000,"AGL(1,8387) [exact]"
8388,35175078,0,8522256,17587539,0.2423,"AGL(1,4129)xF4259:C2129"
8389,35183466,1,35183466,35183466,1.0000,"AGL(1,8389) [exact]"
8390,35191855,0,4701711,17595927,0.1336,"AGL(1,3067)xF5323:C887"
8391,35200245,0,3910206,17600122,0.1111,3x(2797:2796)diag
8392,35208636,0,8563591,17604318,0.2432,"AGL(1,4253)xF4139:C2069"
8393,35217028,0,1332293,17608514,0.0378,"F2621+(4q+1=2309)+(6q+1=3463),q=577"
8394,35225421,0,8448105,17612710,0.2398,"AGL(1,4111)xF4283:C2141"
8395,35233815,0,868601,17616907,0.0247,"F1399+(12q+1=3229)+(14q+1=3767),q=269"
8396,35242210,0,4469477,17621105,0.1268,"AGL(1,3217)xF5179:C863"
8397,35250606,0,580637,17625303,0.0165,"F2797+(6q+1=1867)+(12q+1=3733),q=311"
8398,35259003,0,8563591,17629501,0.2429,"AGL(1,4139)xF4259:C2129"
8399,35267401,0,1159003,17633700,0.0329,"F2309+(2q+1=1523)+(6q+1=4567),q=761"
8400,35275800,0,8563591,17637900,0.2428,"AGL(1,4261)xF4139:C2069"
8401,35284200,0,2096128,17642100,0.0594,"AGL(1,2048)xF6353:C397"
8402,35292601,0,8822100,17646300,0.2500,2x(4201:4200)diag
8403,35301003,0,11764200,17650501,0.3333,3x(2801:2800)diag+rot
8404,35309406,0,8026021,17654703,0.2273,"AGL(1,4397)xF4007:C2003"
8405,35317810,0,1412040,17658905,0.0400,5x(1681:1680)diag
8406,35326215,0,8317081,17663107,0.2354,"AGL(1,4327)xF4079:C2039"
8407,35334621,0,5044200,17667310,0.1428,7x(1201:1200)diag+rot
8408,35343028,0,4469477,17671514,0.1265,"AGL(1,3229)xF5179:C863"
8409,35351436,0,3927003,17675718,0.1111,3x(2803:2802)diag
8410,35359845,0,8563591,17679922,0.2422,"AGL(1,4271)xF4139:C2069"
8411,35368255,0,2716753,17684127,0.0768,13x(647:646)diag+rot
8412,35376666,0,8621628,17688333,0.2437,"AGL(1,4153)xF4259:C2129"
8413,35385078,0,853471,17692539,0.0241,"F3187+(2q+1=1307)+(6q+1=3919),q=653"
8414,35393491,0,4411935,17696745,0.1247,"AGL(1,2971)xF5443:C907"
8415,35401905,0,2096128,17700952,0.0592,"AGL(1,2048)xF6367:C1061"
8416,35410320,0,8638246,17705160,0.2439,"AGL(1,4157)xF4259:C2129"
8417,35418736,0,1860157,17709368,0.0525,19x(443:442)diag+rot
8418,35427153,0,8646561,17713576,0.2441,"AGL(1,4159)xF4259:C2129"
8419,35435571,1,35435571,35435571,1.0000,"AGL(1,8419) [exact]"
8420,35443990,0,4366507,17721995,0.1232,"AGL(1,3301)xF5119:C853"
8421,35452410,0,949163,17726205,0.0268,"F1601+(4q+1=1949)+(10q+1=4871),q=487"
8422,35460831,0,17728310,17730415,0.4999,2x(4211:2105)diag+rot
8423,35469253,1,35469253,35469253,1.0000,"AGL(1,8423) [exact]"
8424,35477676,0,8514001,17738838,0.2400,"AGL(1,4297)xF4127:C2063"
8425,35486100,0,868601,17743050,0.0245,"F1429+(12q+1=3229)+(14q+1=3767),q=269"
8426,35494525,0,4366507,17747262,0.1230,"AGL(1,3307)xF5119:C853"
8427,35502951,0,3943836,17751475,0.1111,3x(2809:2808)diag
8428,35511378,0,8563591,17755689,0.2412,"AGL(1,4289)xF4139:C2069"
8429,35519806,1,35519806,35519806,1.0000,"AGL(1,8429) [exact]"
8430,35528235,0,8026021,17764117,0.2259,"AGL(1,4423)xF4007:C2003"
8431,35536665,1,35536665,35536665,1.0000,"AGL(1,8431) [exact]"
8432,35545096,0,4721501,17772548,0.1328,"AGL(1,3109)xF5323:C887"
8433,35553528,0,1175327,17776764,0.0331,"AGL(1,4096)xF4337:C271"
8434,35561961,0,8889436,17780980,0.2500,2x(4217:4216)diag
8435,35570395,0,1332293,17785197,0.0375,"F2663+(4q+1=2309)+(6q+1=3463),q=577"
8436,35578830,0,8721576,17789415,0.2451,"AGL(1,4177)xF4259:C2129"
8437,35587266,0,2096128,17793633,0.0589,"AGL(1,2048)xF6389:C1597"
8438,35595703,0,17795742,17797851,0.4999,2x(4219:2109)diag+rot
8439,35604141,0,949163,17802070,0.0267,"F1619+(4q+1=1949)+(10q+1=4871),q=487"
8440,35612580,0,8638246,17806290,0.2426,"AGL(1,4157)xF4283:C2141"
8441,35621020,0,1544703,17810510,0.0434,23x(367:366)diag+rot
8442,35629461,0,8646561,17814730,0.2427,"AGL(1,4159)xF4283:C2141"
8443,35637903,1,35637903,35637903,1.0000,"AGL(1,8443) [exact]"
8444,35646346,0,4721501,17823173,0.1325,"AGL(1,3121)xF5323:C887"
8445,35654790,0,4727363,17827395,0.1326,"AGL(1,4096)xF4349:C1087"
8446,35663235,0,7459453,17831617,0.2092,"AGL(1,4583)xF3863:C1931"
8447,35671681,1,35671681,35671681,1.0000,"AGL(1,8447) [exact]"
8448,35680128,0,8026021,17840064,0.2249,"AGL(1,4441)xF4007:C2003"
8449,35688576,0,1332293,17844288,0.0373,"F2677+(4q+1=2309)+(6q+1=3463),q=577"
8450,35697025,0,4469477,17848512,0.1252,"AGL(1,3271)xF5179:C863"
8451,35705475,0,580637,17852737,0.0163,"F2851+(6q+1=1867)+(12q+1=3733),q=311"
8452,35713926,0,8317081,17856963,0.2329,"AGL(1,4373)xF4079:C2039"
8453,35722378,0,869221,17861189,0.0243,"F1861+(2q+1=1319)+(8q+1=5273),q=659"
8454,35730831,0,8514001,17865415,0.2383,"AGL(1,4327)xF4127:C2063"
8455,35739285,0,1332293,17869642,0.0373,"F2683+(4q+1=2309)+(6q+1=3463),q=577"
8456,35747740,0,4011528,17873870,0.1122,"AGL(1,2833)xF5623:C937"
8457,35756196,0,11915913,17878098,0.3333,3x(2819:2818)diag+rot
8458,35764653,0,8940106,17882326,0.2500,2x(4229:4228)diag
8459,35773111,0,3248256,17886555,0.0908,11x(769:768)diag+rot
8460,35781570,0,8822100,17890785,0.2466,"AGL(1,4201)xF4259:C2129"
8461,35790030,1,35790030,35790030,1.0000,"AGL(1,8461) [exact]"
8462,35798491,0,17897130,17899245,0.4999,2x(4231:2115)diag+rot
8463,35806953,0,869221,17903476,0.0243,"F1871+(2q+1=1319)+(8q+1=5273),q=659"
8464,35815416,0,8514001,17907708,0.2377,"AGL(1,4337)xF4127:C2063"
8465,35823880,0,7161390,17911940,0.1999,5x(1693:1692)diag+rot
8466,35832345,0,8563591,17916172,0.2390,"AGL(1,4327)xF4139:C2069"
8467,35840811,1,35840811,35840811,1.0000,"AGL(1,8467) [exact]"
8468,35849278,0,2852466,17924639,0.0796,"AGL(1,2389)xF6079:C1013"
8469,35857746,0,4779689,17928873,0.1333,"AGL(1,4096)xF4373:C1093"
8470,35866215,0,8864155,17933107,0.2471,"AGL(1,4211)xF4259:C2129"
8471,35874685,0,1332293,17937342,0.0371,"F2699+(4q+1=2309)+(6q+1=3463),q=577"
8472,35883156,0,7191528,17941578,0.2004,"AGL(1,3793)xF4679:C2339"
8473,35891628,0,1159003,17945814,0.0323,"F2383+(2q+1=1523)+(6q+1=4567),q=761"
8474,35900101,0,4062675,17950050,0.1132,"AGL(1,2851)xF5623:C937"
8475,35908575,0,734681,17954287,0.0205,"F1427+(10q+1=2711)+(16q+1=4337),q=271"
8476,35917050,0,8889436,17958525,0.2475,"AGL(1,4217)xF4259:C2129"
8477,35925526,0,949163,17962763,0.0264,"F1657+(4q+1=1949)+(10q+1=4871),q=487"
8478,35934003,0,8897871,17967001,0.2476,"AGL(1,4219)xF4259:C2129"
8479,35942481,0,1332293,17971240,0.0371,"F2707+(4q+1=2309)+(6q+1=3463),q=577"
8480,35950960,0,4610166,17975480,0.1282,"AGL(1,3037)xF5443:C907"
8481,35959440,0,869221,17979720,0.0242,"F1889+(2q+1=1319)+(8q+1=5273),q=659"
8482,35967921,0,8990920,17983960,0.2500,2x(4241:4240)diag
8483,35976403,0,2112267,17988201,0.0587,17x(499:498)diag+rot
8484,35984886,0,8822100,17992443,0.2452,"AGL(1,4201)xF4283:C2141"
8485,35993370,0,7195280,17996685,0.1999,5x(1697:1696)diag+rot
8486,36001855,0,17998806,18000927,0.4999,2x(4243:2121)diag+rot
8487,36010341,0,1927649,18005170,0.0535,"AGL(1,4096)xF4391:C439"
8488,36018828,0,8940106,18009414,0.2482,"AGL(1,4229)xF4259:C2129"
8489,36027316,0,2767414,18013658,0.0768,13x(653:652)diag+rot
8490,36035805,0,8948565,18017902,0.2483,"AGL(1,4231)xF4259:C2129"
8491,36044295,0,5145546,18022147,0.1428,7x(1213:1212)diag+rot
8492,36052786,0,4721501,18026393,0.1310,"AGL(1,3169)xF5323:C887"
8493,36061278,0,869221,18030639,0.0241,"F1901+(2q+1=1319)+(8q+1=5273),q=659"
8494,36069771,0,8864155,18034885,0.2458,"AGL(1,4211)xF4283:C2141"
8495,36078265,0,7212255,18039132,0.1999,5x(1699:1698)diag+rot
8496,36086760,0,8563591,18043380,0.2373,"AGL(1,4357)xF4139:C2069"
8497,36095256,0,1240562,18047628,0.0344,29x(293:292)diag+rot
8498,36103753,0,4469477,18051876,0.1238,"AGL(1,3319)xF5179:C863"
8499,36112251,0,4011528,18056125,0.1111,3x(2833:2832)diag
8500,36120750,0,8990920,18060375,0.2489,"AGL(1,4241)xF4259:C2129"
8501,36129250,1,36129250,36129250,1.0000,"AGL(1,8501) [exact]"
8502,36137751,0,8999403,18068875,0.2490,"AGL(1,4243)xF4259:C2129"
8503,36146253,0,3282158,18073126,0.0908,11x(773:772)diag+rot
8504,36154756,0,4721501,18077378,0.1306,"AGL(1,3181)xF5323:C887"
8505,36163260,0,869221,18081630,0.0240,"F1913+(2q+1=1319)+(8q+1=5273),q=659"
8506,36171765,0,9041878,18085882,0.2500,2x(4253:4252)diag
8507,36180271,0,1159003,18090135,0.0320,"F2417+(2q+1=1523)+(6q+1=4567),q=761"
8508,36188778,0,7787431,18094389,0.2152,"AGL(1,4561)xF3947:C1973"
8509,36197286,0,764466,18098643,0.0211,"F1237+(4q+1=2909)+(6q+1=4363),q=727"
8510,36205795,0,4721501,18102897,0.1304,"AGL(1,3187)xF5323:C887"
8511,36214305,0,12068598,18107152,0.3333,3x(2837:2836)diag+rot
8512,36222816,0,9041878,18111408,0.2496,"AGL(1,4253)xF4259:C2129"
8513,36231328,1,36231328,36231328,1.0000,"AGL(1,8513) [exact]"
8514,36239841,0,8948565,18119920,0.2469,"AGL(1,4231)xF4283:C2141"
8515,36248355,0,933661,18124177,0.0258,"F3049+(2q+1=1367)+(6q+1=4099),q=683"
8516,36256870,0,4011528,18128435,0.1106,"AGL(1,2833)xF5683:C947"
8517,36265386,0,949163,18132693,0.0262,"F1697+(4q+1=1949)+(10q+1=4871),q=487"
8518,36273903,0,18134822,18136951,0.4999,2x(4259:2129)diag+rot
8519,36282421,0,5179552,18141210,0.1428,7x(1217:1216)diag+rot
8520,36290940,0,9067411,18145470,0.2499,"AGL(1,4261)xF4259:C2129"
8521,36299460,1,36299460,36299460,1.0000,"AGL(1,8521) [exact]"
8522,36307981,0,9075930,18153990,0.2500,2x(4261:4260)diag
8523,36316503,0,869221,18158251,0.0239,"F1931+(2q+1=1319)+(8q+1=5273),q=659"
8524,36325026,0,8990920,18162513,0.2475,"AGL(1,4241)xF4283:C2141"
8525,36333550,0,1332293,18166775,0.0367,"F2753+(4q+1=2309)+(6q+1=3463),q=577"
8526,36342075,0,8999403,18171037,0.2476,"AGL(1,4243)xF4283:C2141"
8527,36350601,1,36350601,36350601,1.0000,"AGL(1,8527) [exact]"
8528,36359128,0,3585947,18179564,0.0986,"AGL(1,3889)xF4639:C773"
8529,36367656,0,12119709,18183828,0.3333,3x(2843:2842)diag+rot
8530,36376185,0,9067411,18188092,0.2493,"AGL(1,4271)xF4259:C2129"
8531,36384715,0,1910944,18192357,0.0525,19x(449:448)diag+rot
8532,36393246,0,9067411,18196623,0.2492,"AGL(1,4273)xF4259:C2129"
8533,36401778,0,933661,18200889,0.0256,"F3067+(2q+1=1367)+(6q+1=4099),q=683"
8534,36410311,0,4165941,18205155,0.1144,"AGL(1,2887)xF5647:C941"
8535,36418845,0,734681,18209422,0.0202,"F1487+(10q+1=2711)+(16q+1=4337),q=271"
8536,36427380,0,9041878,18213690,0.2482,"AGL(1,4253)xF4283:C2141"
8537,36435916,1,36435916,36435916,1.0000,"AGL(1,8537) [exact]"
8538,36444453,0,7787431,18222226,0.2137,"AGL(1,4591)xF3947:C1973"
8539,36452991,1,36452991,36452991,1.0000,"AGL(1,8539) [exact]"
8540,36461530,0,4721501,18230765,0.1295,"AGL(1,3217)xF5323:C887"
8541,36470070,0,949163,18235035,0.0260,"F1721+(4q+1=1949)+(10q+1=4871),q=487"
8542,36478611,0,18237170,18239305,0.4999,2x(4271:2135)diag+rot
8543,36487153,1,36487153,36487153,1.0000,"AGL(1,8543) [exact]"
8544,36495696,0,9075930,18247848,0.2487,"AGL(1,4261)xF4283:C2141"
8545,36504240,0,7297430,18252120,0.1999,5x(1709:1708)diag+rot
8546,36512785,0,9127128,18256392,0.2500,2x(4273:4272)diag
8547,36521331,0,734681,18260665,0.0201,"F1499+(10q+1=2711)+(16q+1=4337),q=271"
8548,36529878,0,9067411,18264939,0.2482,"AGL(1,4289)xF4259:C2129"
8549,36538426,0,1332293,18269213,0.0365,"F2777+(4q+1=2309)+(6q+1=3463),q=577"
8550,36546975,0,8514001,18273487,0.2330,"AGL(1,4423)xF4127:C2063"
8551,36555525,0,2146301,18277762,0.0587,17x(503:502)diag+rot
8552,36564076,0,4831386,18282038,0.1321,"AGL(1,3109)xF5443:C907"
8553,36572628,0,4062675,18286314,0.1111,3x(2851:2850)diag
8554,36581181,0,9118585,18290590,0.2493,"AGL(1,4271)xF4283:C2141"
8555,36589735,0,933661,18294867,0.0255,"F3089+(2q+1=1367)+(6q+1=4099),q=683"
8556,36598290,0,9127128,18299145,0.2494,"AGL(1,4273)xF4283:C2141"
8557,36606846,0,1159003,18303423,0.0317,"F2467+(2q+1=1523)+(6q+1=4567),q=761"
8558,36615403,0,3727815,18307701,0.1018,"AGL(1,2731)xF5827:C971"
8559,36623961,0,734681,18311980,0.0201,"F1511+(10q+1=2711)+(16q+1=4337),q=271"
8560,36632520,0,8563591,18316260,0.2338,"AGL(1,4421)xF4139:C2069"
8561,36641080,0,5230771,18320540,0.1428,7x(1223:1222)diag+rot
8562,36649641,0,8563591,18324820,0.2337,"AGL(1,4423)xF4139:C2069"
8563,36658203,1,36658203,36658203,1.0000,"AGL(1,8563) [exact]"
8564,36666766,0,4868760,18333383,0.1328,"AGL(1,3121)xF5443:C907"
8565,36675330,0,869221,18337665,0.0237,"F1973+(2q+1=1319)+(8q+1=5273),q=659"
8566,36683895,0,18339806,18341947,0.4999,2x(4283:2141)diag+rot
8567,36692461,0,2818543,18346230,0.0768,13x(659:658)diag+rot
8568,36701028,0,8514001,18350514,0.2320,"AGL(1,4441)xF4127:C2063"
8569,36709596,0,1332293,18354798,0.0363,"F2797+(4q+1=2309)+(6q+1=3463),q=577"
8570,36718165,0,4469477,18359082,0.1217,"AGL(1,3391)xF5179:C863"
8571,36726735,0,4079796,18363367,0.1111,3x(2857:2856)diag
8572,36735306,0,9169903,18367653,0.2496,"AGL(1,4289)xF4283:C2141"
8573,36743878,1,36743878,36743878,1.0000,"AGL(1,8573) [exact]"
8574,36752451,0,8514001,18376225,0.2317,"AGL(1,4447)xF4127:C2063"
8575,36761025,0,1332293,18380512,0.0362,"F2803+(4q+1=2309)+(6q+1=3463),q=577"
8576,36769600,0,4721501,18384800,0.1284,"AGL(1,3253)xF5323:C887"
8577,36778176,0,579157,18389088,0.0157,"F2657+(8q+1=2153)+(14q+1=3767),q=269"
8578,36786753,0,9195616,18393376,0.2500,2x(4289:4288)diag
8579,36795331,0,1595694,18397665,0.0434,23x(373:372)diag+rot
8580,36803910,0,9169903,18401955,0.2492,"AGL(1,4297)xF4283:C2141"
8581,36812490,1,36812490,36812490,1.0000,"AGL(1,8581) [exact]"
8582,36821071,0,4721501,18410535,0.1282,"AGL(1,3259)xF5323:C887"
8583,36829653,0,12273690,18414826,0.3333,3x(2861:2860)diag+rot
8584,36838236,0,8514001,18419118,0.2311,"AGL(1,4457)xF4127:C2063"
8585,36846820,0,933661,18423410,0.0253,"F3119+(2q+1=1367)+(6q+1=4099),q=683"
8586,36855405,0,9067411,18427702,0.2460,"AGL(1,4327)xF4259:C2129"
8587,36863991,0,1185006,18431995,0.0321,31x(277:276)diag+rot
8588,36872578,0,4366507,18436289,0.1184,"AGL(1,3469)xF5119:C853"
8589,36881166,0,5045639,18440583,0.1368,"AGL(1,4096)xF4493:C1123"
8590,36889755,0,8563591,18444877,0.2321,"AGL(1,4451)xF4139:C2069"
8591,36898345,0,1332293,18449172,0.0361,"F2819+(4q+1=2309)+(6q+1=3463),q=577"
8592,36906936,0,8317081,18453468,0.2254,"AGL(1,4513)xF4079:C2039"
8593,36915528,0,2835690,18457764,0.0768,13x(661:660)diag+rot
8594,36924121,0,9229956,18462060,0.2500,2x(4297:4296)diag
8595,36932715,0,2096128,18466357,0.0568,"AGL(1,2048)xF6547:C1091"
8596,36941310,0,9067411,18470655,0.2455,"AGL(1,4337)xF4259:C2129"
8597,36949906,1,36949906,36949906,1.0000,"AGL(1,8597) [exact]"
8598,36958503,0,9067411,18479251,0.2453,"AGL(1,4339)xF4259:C2129"
8599,36967101,1,36967101,36967101,1.0000,"AGL(1,8599) [exact]"
8600,36975700,0,4366507,18487850,0.1181,"AGL(1,3481)xF5119:C853"
8601,36984300,0,734681,18492150,0.0199,"F1553+(10q+1=2711)+(16q+1=4337),q=271"
8602,36992901,0,8563591,18496450,0.2315,"AGL(1,4463)xF4139:C2069"
8603,37001503,0,5282242,18500751,0.1428,7x(1229:1228)diag+rot
8604,37010106,0,8227596,18505053,0.2223,"AGL(1,4057)xF4547:C2273"
8605,37018710,0,1480060,18509355,0.0400,5x(1721:1720)diag
8606,37027315,0,4936801,18513657,0.1333,"AGL(1,3163)xF5443:C907"
8607,37035921,0,949163,18517960,0.0256,"F1787+(4q+1=1949)+(10q+1=4871),q=487"
8608,37044528,0,9067411,18522264,0.2448,"AGL(1,4349)xF4259:C2129"
8609,37053136,1,37053136,37053136,1.0000,"AGL(1,8609) [exact]"
8610,37061745,0,9169903,18530872,0.2474,"AGL(1,4327)xF4283:C2141"
8611,37070355,0,1266659,18535177,0.0342,"AGL(1,2048)xF6563:C193"
8612,37078966,0,4936801,18539483,0.1331,"AGL(1,3169)xF5443:C907"
8613,37087578,0,5099693,18543789,0.1375,"AGL(1,4096)xF4517:C1129"
8614,37096191,0,7646005,18548095,0.2061,"AGL(1,3911)xF4703:C2351"
8615,37104805,0,7417515,18552402,0.1999,5x(1723:1722)diag+rot
8616,37113420,0,9067411,18556710,0.2443,"AGL(1,4357)xF4259:C2129"
8617,37122036,0,5299455,18561018,0.1428,7x(1231:1230)diag+rot
8618,37130653,0,4411935,18565326,0.1188,"AGL(1,2971)xF5647:C941"
8619,37139271,0,869221,18569635,0.0234,"F2027+(2q+1=1319)+(8q+1=5273),q=659"
8620,37147890,0,9169903,18573945,0.2468,"AGL(1,4337)xF4283:C2141"
8621,37156510,0,1159003,18578255,0.0312,"F2531+(2q+1=1523)+(6q+1=4567),q=761"
8622,37165131,0,9169903,18582565,0.2467,"AGL(1,4339)xF4283:C2141"
8623,37173753,1,37173753,37173753,1.0000,"AGL(1,8623) [exact]"
8624,37182376,0,4936801,18591188,0.1328,"AGL(1,3181)xF5443:C907"
8625,37191000,0,901049,18595500,0.0242,"AGL(1,2048)xF6577:C137"
8626,37199625,0,8317081,18599812,0.2236,"AGL(1,4079)xF4547:C2273"
8627,37208251,1,37208251,37208251,1.0000,"AGL(1,8627) [exact]"
8628,37216878,0,8563591,18608439,0.2301,"AGL(1,4489)xF4139:C2069"
8629,37225506,1,37225506,37225506,1.0000,"AGL(1,8629) [exact]"
8630,37234135,0,4936801,18617067,0.1326,"AGL(1,3187)xF5443:C907"
8631,37242765,0,949163,18621382,0.0255,"F1811+(4q+1=1949)+(10q+1=4871),q=487"
8632,37251396,0,9169903,18625698,0.2462,"AGL(1,4349)xF4283:C2141"
8633,37260028,0,1332293,18630014,0.0358,"F2861+(4q+1=2309)+(6q+1=3463),q=577"
8634,37268661,0,8514001,18634330,0.2284,"AGL(1,4507)xF4127:C2063"
8635,37277295,0,933661,18638647,0.0250,"F3169+(2q+1=1367)+(6q+1=4099),q=683"
8636,37285930,0,4721501,18642965,0.1266,"AGL(1,3313)xF5323:C887"
8637,37294566,0,12428643,18647283,0.3333,3x(2879:2878)diag+rot
8638,37303203,0,8366095,18651601,0.2243,"AGL(1,4091)xF4547:C2273"
8639,37311841,0,1159003,18655920,0.0311,"F2549+(2q+1=1523)+(6q+1=4567),q=761"
8640,37320480,0,9169903,18660240,0.2457,"AGL(1,4357)xF4283:C2141"
8641,37329120,1,37329120,37329120,1.0000,"AGL(1,8641) [exact]"
8642,37337761,0,4721501,18668880,0.1265,"AGL(1,3319)xF5323:C887"
8643,37346403,0,8386560,18673201,0.2246,"AGL(1,4096)xF4547:C2273"
8644,37355046,0,8514001,18677523,0.2279,"AGL(1,4517)xF4127:C2063"
8645,37363690,0,1724071,18681845,0.0461,"AGL(1,4096)xF4549:C379"
8646,37372335,0,9169903,18686167,0.2454,"AGL(1,4363)xF4283:C2141"
8647,37380981,1,37380981,37380981,1.0000,"AGL(1,8647) [exact]"
8648,37389628,0,4501500,18694814,0.1204,"AGL(1,3001)xF5647:C941"
8649,37398276,0,734681,18699138,0.0196,"F1601+(10q+1=2711)+(16q+1=4337),q=271"
8650,37406925,0,9067411,18703462,0.2424,"AGL(1,4391)xF4259:C2129"
8651,37415575,0,1332293,18707787,0.0356,"F2879+(4q+1=2309)+(6q+1=3463),q=577"
8652,37424226,0,8563591,18712113,0.2288,"AGL(1,4513)xF4139:C2069"
8653,37432878,0,2197862,18716439,0.0587,17x(509:508)diag+rot
8654,37441531,0,18718602,18720765,0.4999,2x(4327:2163)diag+rot
8655,37450185,0,2096128,18725092,0.0560,"AGL(1,2048)xF6607:C367"
8656,37458840,0,9169903,18729420,0.2448,"AGL(1,4373)xF4283:C2141"
8657,37467496,0,3402201,18733748,0.0908,11x(787:786)diag+rot
8658,37476153,0,8563591,18738076,0.2285,"AGL(1,4519)xF4139:C2069"
8659,37484811,0,5351262,18742405,0.1428,7x(1237:1236)diag+rot
8660,37493470,0,4936801,18746735,0.1317,"AGL(1,3217)xF5443:C907"
8661,37502130,0,4165941,18751065,0.1111,3x(2887:2886)diag
8662,37510791,0,8563591,18755395,0.2283,"AGL(1,4523)xF4139:C2069"
8663,37519453,1,37519453,37519453,1.0000,"AGL(1,8663) [exact]"
8664,37528116,0,8026021,18764058,0.2139,"AGL(1,4657)xF4007:C2003"
8665,37536780,0,7503890,18768390,0.1999,5x(1733:1732)diag+rot
8666,37545445,0,4721501,18772722,0.1258,"AGL(1,3343)xF5323:C887"
8667,37554111,0,2096128,18777055,0.0558,"AGL(1,2048)xF6619:C1103"
8668,37562778,0,9067411,18781389,0.2414,"AGL(1,4409)xF4259:C2129"
8669,37571446,1,37571446,37571446,1.0000,"AGL(1,8669) [exact]"
8670,37580115,0,8317081,18790057,0.2213,"AGL(1,4591)xF4079:C2039"
8671,37588785,0,977901,18794392,0.0260,"F1399+(4q+1=2909)+(6q+1=4363),q=727"
8672,37597456,0,4936801,18798728,0.1313,"AGL(1,3229)xF5443:C907"
8673,37606128,0,869221,18803064,0.0231,"F2081+(2q+1=1319)+(8q+1=5273),q=659"
8674,37614801,0,9402616,18807400,0.2500,2x(4337:4336)diag
8675,37623475,0,1332293,18811737,0.0354,"F2903+(4q+1=2309)+(6q+1=3463),q=577"
8676,37632150,0,8522256,18816075,0.2265,"AGL(1,4129)xF4547:C2273"
8677,37640826,1,37640826,37640826,1.0000,"AGL(1,8677) [exact]"
8678,37649503,0,18822582,18824751,0.4999,2x(4339:2169)diag+rot
8679,37658181,0,869221,18829090,0.0231,"F2087+(2q+1=1319)+(8q+1=5273),q=659"
8680,37666860,0,9169903,18833430,0.2434,"AGL(1,4397)xF4283:C2141"
8681,37675540,1,37675540,37675540,1.0000,"AGL(1,8681) [exact]"
8682,37684221,0,9067411,18842110,0.2406,"AGL(1,4423)xF4259:C2129"
8683,37692903,0,1159003,18846451,0.0307,"F2593+(2q+1=1523)+(6q+1=4567),q=761"
8684,37701586,0,4721501,18850793,0.1252,"AGL(1,3361)xF5323:C887"
8685,37710270,0,734681,18855135,0.0195,"F1637+(10q+1=2711)+(16q+1=4337),q=271"
8686,37718955,0,8563591,18859477,0.2270,"AGL(1,4139)xF4547:C2273"
8687,37727641,0,949163,18863820,0.0252,"F1867+(4q+1=1949)+(10q+1=4871),q=487"
8688,37736328,0,8563591,18868164,0.2269,"AGL(1,4549)xF4139:C2069"
8689,37745016,1,37745016,37745016,1.0000,"AGL(1,8689) [exact]"
8690,37753705,0,4701711,18876852,0.1245,"AGL(1,3067)xF5623:C937"
8691,37762395,0,12584568,18881197,0.3333,3x(2897:2896)diag+rot
8692,37771086,0,9169903,18885543,0.2428,"AGL(1,4409)xF4283:C2141"
8693,37779778,1,37779778,37779778,1.0000,"AGL(1,8693) [exact]"
8694,37788471,0,8514001,18894235,0.2253,"AGL(1,4567)xF4127:C2063"
8695,37797165,0,1011753,18898582,0.0268,"F1423+(4q+1=2909)+(6q+1=4363),q=727"
8696,37805860,0,4936801,18902930,0.1306,"AGL(1,3253)xF5443:C907"
8697,37814556,0,949163,18907278,0.0251,"F1877+(4q+1=1949)+(10q+1=4871),q=487"
8698,37823253,0,9454726,18911626,0.2500,2x(4349:4348)diag
8699,37831951,1,37831951,37831951,1.0000,"AGL(1,8699) [exact]"
8700,37840650,0,9067411,18920325,0.2396,"AGL(1,4441)xF4259:C2129"
8701,37849350,0,2096128,18924675,0.0554,"AGL(1,2048)xF6653:C1663"
8702,37858051,0,4936801,18929025,0.1304,"AGL(1,3259)xF5443:C907"
8703,37866753,0,869221,18933376,0.0230,"F2111+(2q+1=1319)+(8q+1=5273),q=659"
8704,37875456,0,9169903,18937728,0.2421,"AGL(1,4421)xF4283:C2141"
8705,37884160,0,1514670,18942080,0.0400,5x(1741:1740)diag
8706,37892865,0,9169903,18946432,0.2420,"AGL(1,4423)xF4283:C2141"
8707,37901571,1,37901571,37901571,1.0000,"AGL(1,8707) [exact]"
8708,37910278,0,4683330,18955139,0.1235,"AGL(1,3061)xF5647:C941"
8709,37918986,0,12636759,18959493,0.3333,3x(2903:2902)diag+rot
8710,37927695,0,9067411,18963847,0.2391,"AGL(1,4451)xF4259:C2129"
8711,37936405,0,1332293,18968202,0.0351,"F2939+(4q+1=2309)+(6q+1=3463),q=577"
8712,37945116,0,7229503,18972558,0.1905,"AGL(1,4909)xF3803:C1901"
8713,37953828,1,37953828,37953828,1.0000,"AGL(1,8713) [exact]"
8714,37962541,0,9489546,18981270,0.2500,2x(4357:4356)diag
8715,37971255,0,734681,18985627,0.0193,"F1667+(10q+1=2711)+(16q+1=4337),q=271"
8716,37979970,0,9067411,18989985,0.2387,"AGL(1,4457)xF4259:C2129"
8717,37988686,0,1647513,18994343,0.0434,23x(379:378)diag+rot
8718,37997403,0,8514001,18998701,0.2241,"AGL(1,4591)xF4127:C2063"
8719,38006121,1,38006121,38006121,1.0000,"AGL(1,8719) [exact]"
8720,38014840,0,4610166,19007420,0.1213,"AGL(1,3037)xF5683:C947"
8721,38023560,0,949163,19011780,0.0250,"F1901+(4q+1=1949)+(10q+1=4871),q=487"
8722,38032281,0,9067411,19016140,0.2384,"AGL(1,4463)xF4259:C2129"
8723,38041003,0,1159003,19020501,0.0305,"F2633+(2q+1=1523)+(6q+1=4567),q=761"
8724,38049726,0,9169903,19024863,0.2410,"AGL(1,4441)xF4283:C2141"
8725,38058450,0,1332293,19029225,0.0350,"F2953+(4q+1=2309)+(6q+1=3463),q=577"
8726,38067175,0,19031406,19033587,0.4999,2x(4363:2181)diag+rot
8727,38075901,0,12689058,19037950,0.3333,3x(2909:2908)diag+rot
8728,38084628,0,8317081,19042314,0.2184,"AGL(1,4649)xF4079:C2039"
8729,38093356,0,1332293,19046678,0.0350,"F2957+(4q+1=2309)+(6q+1=3463),q=577"
8730,38102085,0,9169903,19051042,0.2407,"AGL(1,4447)xF4283:C2141"
8731,38110815,1,38110815,38110815,1.0000,"AGL(1,8731) [exact]"
8732,38119546,0,4831386,19059773,0.1267,"AGL(1,3109)xF5623:C937"
8733,38128278,0,949163,19064139,0.0249,"F1913+(4q+1=1949)+(10q+1=4871),q=487"
8734,38137011,0,9169903,19068505,0.2404,"AGL(1,4451)xF4283:C2141"
8735,38145745,0,7625655,19072872,0.1999,5x(1747:1746)diag+rot
8736,38154480,0,8563591,19077240,0.2244,"AGL(1,4597)xF4139:C2069"
8737,38163216,1,38163216,38163216,1.0000,"AGL(1,8737) [exact]"
8738,38171953,0,4469477,19085976,0.1171,"AGL(1,3559)xF5179:C863"
8739,38180691,0,1492093,19090345,0.0391,"AGL(1,2048)xF6691:C223"
8740,38189430,0,9169903,19094715,0.2401,"AGL(1,4457)xF4283:C2141"
8741,38198170,1,38198170,38198170,1.0000,"AGL(1,8741) [exact]"
8742,38206911,0,9067411,19103455,0.2373,"AGL(1,4483)xF4259:C2129"
8743,38215653,0,5455632,19107826,0.1428,7x(1249:1248)diag+rot
8744,38224396,0,4936801,19112198,0.1292,"AGL(1,3301)xF5443:C907"
8745,38233140,0,869221,19116570,0.0227,"F2153+(2q+1=1319)+(8q+1=5273),q=659"
8746,38241885,0,9559378,19120942,0.2500,2x(4373:4372)diag
8747,38250631,1,38250631,38250631,1.0000,"AGL(1,8747) [exact]"
8748,38259378,0,9067411,19129689,0.2370,"AGL(1,4489)xF4259:C2129"
8749,38268126,0,2939664,19134063,0.0768,13x(673:672)diag+rot
8750,38276875,0,4936801,19138437,0.1290,"AGL(1,3307)xF5443:C907"
8751,38285625,0,6379479,19142812,0.1666,(2917:729)wr3
8752,38294376,0,9067411,19147188,0.2368,"AGL(1,4493)xF4259:C2129"
8753,38303128,1,38303128,38303128,1.0000,"AGL(1,8753) [exact]"
8754,38311881,0,8203275,19155940,0.2141,"AGL(1,4051)xF4703:C2351"
8755,38320635,0,1098903,19160317,0.0287,"F1483+(4q+1=2909)+(6q+1=4363),q=727"
8756,38329390,0,4936801,19164695,0.1288,"AGL(1,3313)xF5443:C907"
8757,38338146,0,734681,19169073,0.0192,"F1709+(10q+1=2711)+(16q+1=4337),q=271"
8758,38346903,0,8864155,19173451,0.2312,"AGL(1,4211)xF4547:C2273"
8759,38355661,0,2014570,19177830,0.0525,19x(461:460)diag+rot
8760,38364420,0,8563591,19182210,0.2232,"AGL(1,4621)xF4139:C2069"
8761,38373180,1,38373180,38373180,1.0000,"AGL(1,8761) [exact]"
8762,38381941,0,4936801,19190970,0.1286,"AGL(1,3319)xF5443:C907"
8763,38390703,0,661825,19195351,0.0172,"F1151+(2q+1=1523)+(8q+1=6089),q=761"
8764,38399466,0,9169903,19199733,0.2388,"AGL(1,4481)xF4283:C2141"
8765,38408230,0,7678140,19204115,0.1999,5x(1753:1752)diag+rot
8766,38416995,0,9169903,19208497,0.2387,"AGL(1,4483)xF4283:C2141"
8767,38425761,0,3489266,19212880,0.0908,11x(797:796)diag+rot
8768,38434528,0,4868760,19217264,0.1267,"AGL(1,3121)xF5647:C941"
8769,38443296,0,949163,19221648,0.0247,"F1949+(4q+1=1949)+(10q+1=4871),q=487"
8770,38452065,0,8514001,19226032,0.2214,"AGL(1,4643)xF4127:C2063"
8771,38460835,0,1332293,19230417,0.0346,"F2999+(4q+1=2309)+(6q+1=3463),q=577"
8772,38469606,0,9169903,19234803,0.2384,"AGL(1,4489)xF4283:C2141"
8773,38478378,0,1332293,19239189,0.0346,"F3001+(4q+1=2309)+(6q+1=3463),q=577"
8774,38487151,0,4936801,19243575,0.1283,"AGL(1,3331)xF5443:C907"
8775,38495925,0,8386560,19247962,0.2179,"AGL(1,4096)xF4679:C2339"
8776,38504700,0,9169903,19252350,0.2382,"AGL(1,4493)xF4283:C2141"
8777,38513476,0,1159003,19256738,0.0301,"F2687+(2q+1=1523)+(6q+1=4567),q=761"
8778,38522253,0,9067411,19261126,0.2354,"AGL(1,4519)xF4259:C2129"
8779,38531031,1,38531031,38531031,1.0000,"AGL(1,8779) [exact]"
8780,38539810,0,4721501,19269905,0.1225,"AGL(1,3457)xF5323:C887"
8781,38548590,0,12846603,19274295,0.3333,3x(2927:2926)diag+rot
8782,38557371,0,19276490,19278685,0.4999,2x(4391:2195)diag+rot
8783,38566153,1,38566153,38566153,1.0000,"AGL(1,8783) [exact]"
8784,38574936,0,8514001,19287468,0.2207,"AGL(1,4657)xF4127:C2063"
8785,38583720,0,2096128,19291860,0.0543,"AGL(1,2048)xF6737:C421"
8786,38592505,0,5000703,19296252,0.1296,"AGL(1,3163)xF5623:C937"
8787,38601291,0,580637,19300645,0.0150,"F3187+(6q+1=1867)+(12q+1=3733),q=311"
8788,38610078,0,8990920,19305039,0.2329,"AGL(1,4241)xF4547:C2273"
8789,38618866,0,1159003,19309433,0.0300,"F2699+(2q+1=1523)+(6q+1=4567),q=761"
8790,38627655,0,9169903,19313827,0.2374,"AGL(1,4507)xF4283:C2141"
8791,38636445,0,1332293,19318222,0.0345,"F3019+(4q+1=2309)+(6q+1=3463),q=577"
8792,38645236,0,5019696,19322618,0.1299,"AGL(1,3169)xF5623:C937"
8793,38654028,0,949163,19327014,0.0246,"F1973+(4q+1=1949)+(10q+1=4871),q=487"
8794,38662821,0,9664606,19331410,0.2500,2x(4397:4396)diag
8795,38671615,0,7730805,19335807,0.1999,5x(1759:1758)diag+rot
8796,38680410,0,9169903,19340205,0.2371,"AGL(1,4513)xF4283:C2141"
8797,38689206,0,2032107,19344603,0.0525,19x(463:462)diag+rot
8798,38698003,0,4411935,19349001,0.1140,"AGL(1,2971)xF5827:C971"
8799,38706801,0,8386560,19353400,0.2167,"AGL(1,4096)xF4703:C2351"
8800,38715600,0,9169903,19357800,0.2369,"AGL(1,4517)xF4283:C2141"
8801,38724400,0,1487369,19362200,0.0384,(677:169)wr13
8802,38733201,0,9169903,19366600,0.2367,"AGL(1,4519)xF4283:C2141"
8803,38742003,1,38742003,38742003,1.0000,"AGL(1,8803) [exact]"
8804,38750806,0,5057790,19375403,0.1305,"AGL(1,3181)xF5623:C937"
8805,38759610,0,869221,19379805,0.0224,"F2213+(2q+1=1319)+(8q+1=5273),q=659"
8806,38768415,0,9169903,19384207,0.2365,"AGL(1,4523)xF4283:C2141"
8807,38777221,1,38777221,38777221,1.0000,"AGL(1,8807) [exact]"
8808,38786028,0,9075930,19393014,0.2340,"AGL(1,4261)xF4547:C2273"
8809,38794836,0,1682519,19397418,0.0434,23x(383:382)diag+rot
8810,38803645,0,5076891,19401822,0.1308,"AGL(1,3187)xF5623:C937"
8811,38812455,0,669533,19406227,0.0173,"F3083+(4q+1=1637)+(10q+1=4091),q=409"
8812,38821266,0,8563591,19410633,0.2206,"AGL(1,4673)xF4139:C2069"
8813,38830078,0,5543377,19415039,0.1428,7x(1259:1258)diag+rot
8814,38838891,0,8448105,19419445,0.2175,"AGL(1,4111)xF4703:C2351"
8815,38847705,0,1189653,19423852,0.0306,"F1543+(4q+1=2909)+(6q+1=4363),q=727"
8816,38856520,0,5019696,19428260,0.1292,"AGL(1,3169)xF5647:C941"
8817,38865336,0,12952173,19432668,0.3333,3x(2939:2938)diag+rot
8818,38874153,0,9717436,19437076,0.2500,2x(4409:4408)diag
8819,38882971,1,38882971,38882971,1.0000,"AGL(1,8819) [exact]"
8820,38891790,0,9127128,19445895,0.2347,"AGL(1,4273)xF4547:C2273"
8821,38900610,1,38900610,38900610,1.0000,"AGL(1,8821) [exact]"
8822,38909431,0,4721501,19454715,0.1213,"AGL(1,3499)xF5323:C887"
8823,38918253,0,949163,19459126,0.0244,"F2003+(4q+1=1949)+(10q+1=4871),q=487"
8824,38927076,0,8026021,19463538,0.2062,"AGL(1,4817)xF4007:C2003"
8825,38935900,0,1205128,19467950,0.0310,"F1553+(4q+1=2909)+(6q+1=4363),q=727"
8826,38944725,0,9067411,19472362,0.2328,"AGL(1,4567)xF4259:C2129"
8827,38953551,0,2096128,19476775,0.0538,"AGL(1,2048)xF6779:C3389"
8828,38962378,0,5057790,19481189,0.1298,"AGL(1,3181)xF5647:C941"
8829,38971206,0,869221,19485603,0.0223,"F2237+(2q+1=1319)+(8q+1=5273),q=659"
8830,38980035,0,9169903,19490017,0.2352,"AGL(1,4283)xF4547:C2273"
8831,38988865,1,38988865,38988865,1.0000,"AGL(1,8831) [exact]"
8832,38997696,0,9169903,19498848,0.2351,"AGL(1,4549)xF4283:C2141"
8833,39006528,0,1332293,19503264,0.0342,"F3061+(4q+1=2309)+(6q+1=3463),q=577"
8834,39015361,0,5076891,19507680,0.1301,"AGL(1,3187)xF5647:C941"
8835,39024195,0,869221,19512097,0.0223,"F2243+(2q+1=1319)+(8q+1=5273),q=659"
8836,39033030,0,9195616,19516515,0.2356,"AGL(1,4289)xF4547:C2273"
8837,39041866,1,39041866,39041866,1.0000,"AGL(1,8837) [exact]"
8838,39050703,0,8646561,19525351,0.2214,"AGL(1,4159)xF4679:C2339"
8839,39059541,1,39059541,39059541,1.0000,"AGL(1,8839) [exact]"
8840,39068380,0,5172936,19534190,0.1324,"AGL(1,3217)xF5623:C937"
8841,39077220,0,1922419,19538610,0.0492,"AGL(1,2048)xF6793:C283"
8842,39086061,0,9770410,19543030,0.2500,2x(4421:4420)diag
8843,39094903,0,1233235,19547451,0.0315,"F1571+(4q+1=2909)+(6q+1=4363),q=727"
8844,39103746,0,9229956,19551873,0.2360,"AGL(1,4297)xF4547:C2273"
8845,39112590,0,868601,19556295,0.0222,"F1849+(12q+1=3229)+(14q+1=3767),q=269"
8846,39121435,0,19558506,19560717,0.4999,2x(4423:2211)diag+rot
8847,39130281,0,949163,19565140,0.0243,"F2027+(4q+1=1949)+(10q+1=4871),q=487"
8848,39139128,0,8514001,19569564,0.2175,"AGL(1,4721)xF4127:C2063"
8849,39147976,1,39147976,39147976,1.0000,"AGL(1,8849) [exact]"
8850,39156825,0,9169903,19578412,0.2342,"AGL(1,4567)xF4283:C2141"
8851,39165675,0,1332293,19582837,0.0340,"F3079+(4q+1=2309)+(6q+1=3463),q=577"
8852,39174526,0,5211606,19587263,0.1330,"AGL(1,3229)xF5623:C937"
8853,39183378,0,669533,19591689,0.0171,"F3125+(4q+1=1637)+(10q+1=4091),q=409"
8854,39192231,0,7229503,19596115,0.1845,"AGL(1,5051)xF3803:C1901"
8855,39201085,0,1332293,19600542,0.0340,"F3083+(4q+1=2309)+(6q+1=3463),q=577"
8856,39209940,0,9067411,19604970,0.2313,"AGL(1,4597)xF4259:C2129"
8857,39218796,0,2302820,19609398,0.0587,17x(521:520)diag+rot
8858,39227653,0,4366507,19613826,0.1113,"AGL(1,3739)xF5119:C853"
8859,39236511,0,4358628,19618255,0.1111,3x(2953:2952)diag
8860,39245370,0,8638246,19622685,0.2201,"AGL(1,4157)xF4703:C2351"
8861,39254230,1,39254230,39254230,1.0000,"AGL(1,8861) [exact]"
8862,39263091,0,9067411,19631545,0.2309,"AGL(1,4603)xF4259:C2129"
8863,39271953,1,39271953,39271953,1.0000,"AGL(1,8863) [exact]"
8864,39280816,0,5172936,19640408,0.1317,"AGL(1,3217)xF5647:C941"
8865,39289680,0,869221,19644840,0.0221,"F2273+(2q+1=1319)+(8q+1=5273),q=659"
8866,39298545,0,9169903,19649272,0.2333,"AGL(1,4583)xF4283:C2141"
8867,39307411,1,39307411,39307411,1.0000,"AGL(1,8867) [exact]"
8868,39316278,0,8563591,19658139,0.2178,"AGL(1,4729)xF4139:C2069"
8869,39325146,0,1274406,19662573,0.0324,"F1597+(4q+1=2909)+(6q+1=4363),q=727"
8870,39334015,0,5076891,19667007,0.1291,"AGL(1,3187)xF5683:C947"
8871,39342885,0,13111338,19671442,0.3333,3x(2957:2956)diag+rot
8872,39351756,0,8563591,19675878,0.2176,"AGL(1,4733)xF4139:C2069"
8873,39360628,0,2067409,19680314,0.0525,19x(467:466)diag+rot
8874,39369501,0,9359301,19684750,0.2377,"AGL(1,4327)xF4547:C2273"
8875,39378375,0,2096128,19689187,0.0532,"AGL(1,2048)xF6827:C3413"
8876,39387250,0,5268751,19693625,0.1338,"AGL(1,3253)xF5623:C937"
8877,39396126,0,2096128,19698063,0.0532,"AGL(1,2048)xF6829:C569"
8878,39405003,0,8514001,19702501,0.2161,"AGL(1,4751)xF4127:C2063"
8879,39413881,0,3812051,19706940,0.0967,"AGL(1,4096)xF4783:C797"
8880,39422760,0,9169903,19711380,0.2326,"AGL(1,4597)xF4283:C2141"
8881,39431640,0,1332293,19715820,0.0338,"F3109+(4q+1=2309)+(6q+1=3463),q=577"
8882,39440521,0,9859020,19720260,0.2500,2x(4441:4440)diag
8883,39449403,0,8386560,19724701,0.2126,"AGL(1,4096)xF4787:C2393"
8884,39458286,0,9402616,19729143,0.2383,"AGL(1,4337)xF4547:C2273"
8885,39467170,0,7889880,19733585,0.1999,5x(1777:1776)diag+rot
8886,39476055,0,9411291,19738027,0.2384,"AGL(1,4339)xF4547:C2273"
8887,39484941,1,39484941,39484941,1.0000,"AGL(1,8887) [exact]"
8888,39493828,0,4683330,19746914,0.1186,"AGL(1,3061)xF5827:C971"
8889,39502716,0,13164609,19751358,0.3333,3x(2963:2962)diag+rot
8890,39511605,0,8864155,19755802,0.2243,"AGL(1,4211)xF4679:C2339"
8891,39520495,0,2320551,19760247,0.0587,17x(523:522)diag+rot
8892,39529386,0,8374278,19764693,0.2118,"AGL(1,4093)xF4799:C2399"
8893,39538278,1,39538278,39538278,1.0000,"AGL(1,8893) [exact]"
8894,39547171,0,19771362,19773585,0.4999,2x(4447:2223)diag+rot
8895,39556065,0,8386560,19778032,0.2120,"AGL(1,4096)xF4799:C2399"
8896,39564960,0,9454726,19782480,0.2390,"AGL(1,4349)xF4547:C2273"
8897,39573856,0,1332293,19786928,0.0337,"F3125+(4q+1=2309)+(6q+1=3463),q=577"
8898,39582753,0,9067411,19791376,0.2291,"AGL(1,4639)xF4259:C2129"
8899,39591651,0,3595196,19795825,0.0908,11x(809:808)diag+rot
8900,39600550,0,5289378,19800275,0.1336,"AGL(1,3253)xF5647:C941"
8901,39609450,0,949163,19804725,0.0240,"F2081+(4q+1=1949)+(10q+1=4871),q=487"
8902,39618351,0,19806950,19809175,0.4999,2x(4451:2225)diag+rot
8903,39627253,0,1362159,19813626,0.0344,29x(307:306)diag+rot
8904,39636156,0,9489546,19818078,0.2394,"AGL(1,4357)xF4547:C2273"
8905,39645060,0,2096128,19822530,0.0529,"AGL(1,2048)xF6857:C857"
8906,39653965,0,5308911,19826982,0.1339,"AGL(1,3259)xF5647:C941"
8907,39662871,0,13217988,19831435,0.3333,3x(2969:2968)diag+rot
8908,39671778,0,9067411,19835889,0.2286,"AGL(1,4649)xF4259:C2129"
8909,39680686,0,1930013,19840343,0.0486,"AGL(1,4096)xF4813:C401"
8910,39689595,0,9515703,19844797,0.2398,"AGL(1,4363)xF4547:C2273"
8911,39698505,0,871860,19849252,0.0220,"F1321+(12q+1=3253)+(16q+1=4337),q=271"
8912,39707416,0,5211606,19853708,0.1313,"AGL(1,3229)xF5683:C947"
8913,39716328,0,4411935,19858164,0.1111,3x(2971:2970)diag
8914,39725241,0,9930196,19862620,0.2500,2x(4457:4456)diag
8915,39734155,0,7943265,19867077,0.1999,5x(1783:1782)diag+rot
8916,39743070,0,9067411,19871535,0.2282,"AGL(1,4657)xF4259:C2129"
8917,39751986,0,1070040,19875993,0.0269,37x(241:240)diag+rot
8918,39760903,0,5313827,19880451,0.1336,"AGL(1,3271)xF5647:C941"
8919,39769821,0,1573459,19884910,0.0396,"AGL(1,2048)xF6871:C229"
8920,39778740,0,9559378,19889370,0.2403,"AGL(1,4373)xF4547:C2273"
8921,39787660,0,3613005,19893830,0.0908,11x(811:810)diag+rot
8922,39796581,0,9169903,19898290,0.2304,"AGL(1,4639)xF4283:C2141"
8923,39805503,1,39805503,39805503,1.0000,"AGL(1,8923) [exact]"
8924,39814426,0,5268751,19907213,0.1323,"AGL(1,3301)xF5623:C937"
8925,39823350,0,869221,19911675,0.0218,"F2333+(2q+1=1319)+(8q+1=5273),q=659"
8926,39832275,0,19913906,19916137,0.4999,2x(4463:2231)diag+rot
8927,39841201,0,1159003,19920600,0.0291,"F2837+(2q+1=1523)+(6q+1=4567),q=761"
8928,39850128,0,8563591,19925064,0.2149,"AGL(1,4789)xF4139:C2069"
8929,39859056,1,39859056,39859056,1.0000,"AGL(1,8929) [exact]"
8930,39867985,0,5268751,19933992,0.1322,"AGL(1,3307)xF5623:C937"
8931,39876915,0,949163,19938457,0.0238,"F2111+(4q+1=1949)+(10q+1=4871),q=487"
8932,39885846,0,9169903,19942923,0.2299,"AGL(1,4649)xF4283:C2141"
8933,39894778,1,39894778,39894778,1.0000,"AGL(1,8933) [exact]"
8934,39903711,0,9169903,19951855,0.2298,"AGL(1,4651)xF4283:C2141"
8935,39912645,0,7978955,19956322,0.1999,5x(1787:1786)diag+rot
8936,39921580,0,5289378,19960790,0.1325,"AGL(1,3253)xF5683:C947"
8937,39930516,0,734681,19965258,0.0184,"F1889+(10q+1=2711)+(16q+1=4337),q=271"
8938,39939453,0,9638245,19969726,0.2413,"AGL(1,4391)xF4547:C2273"
8939,39948391,0,5703082,19974195,0.1428,7x(1277:1276)diag+rot
8940,39957330,0,9169903,19978665,0.2295,"AGL(1,4657)xF4283:C2141"
8941,39966270,1,39966270,39966270,1.0000,"AGL(1,8941) [exact]"
8942,39975211,0,5308911,19987605,0.1328,"AGL(1,3259)xF5683:C947"
8943,39984153,0,885115,19992076,0.0221,"F1331+(2q+1=1523)+(8q+1=6089),q=761"
8944,39993096,0,9664606,19996548,0.2417,"AGL(1,4397)xF4547:C2273"
8945,40002040,0,7996830,20001020,0.1999,5x(1789:1788)diag+rot
8946,40010985,0,9169903,20005492,0.2292,"AGL(1,4663)xF4283:C2141"
8947,40019931,0,2096128,20009965,0.0524,"AGL(1,2048)xF6899:C3449"
8948,40028878,0,5313827,20014439,0.1327,"AGL(1,3301)xF5647:C941"
8949,40037826,0,949163,20018913,0.0237,"F2129+(4q+1=1949)+(10q+1=4871),q=487"
8950,40046775,0,9118585,20023387,0.2277,"AGL(1,4271)xF4679:C2339"
8951,40055725,1,40055725,40055725,1.0000,"AGL(1,8951) [exact]"
8952,40064676,0,9127128,20032338,0.2278,"AGL(1,4273)xF4679:C2339"
8953,40073628,0,5720967,20036814,0.1428,7x(1279:1278)diag+rot
8954,40082581,0,5348085,20041290,0.1334,"AGL(1,3271)xF5683:C947"
8955,40091535,0,2096128,20045767,0.0523,"AGL(1,2048)xF6907:C1151"
8956,40100490,0,9717436,20050245,0.2423,"AGL(1,4409)xF4547:C2273"
8957,40109446,0,1181223,20054723,0.0294,"AGL(1,4096)xF4861:C243"
8958,40118403,0,8646561,20059201,0.2155,"AGL(1,4159)xF4799:C2399"
8959,40127361,0,2096128,20063680,0.0522,"AGL(1,2048)xF6911:C691"
8960,40136320,0,5313827,20068160,0.1324,"AGL(1,3313)xF5647:C941"
8961,40145280,0,949163,20072640,0.0236,"F2141+(4q+1=1949)+(10q+1=4871),q=487"
8962,40154241,0,10037440,20077120,0.2500,2x(4481:4480)diag
8963,40163203,1,40163203,40163203,1.0000,"AGL(1,8963) [exact]"
8964,40172166,0,9075930,20086083,0.2259,"AGL(1,4261)xF4703:C2351"
8965,40181130,0,1432278,20090565,0.0356,"F1693+(4q+1=2909)+(6q+1=4363),q=727"
8966,40190095,0,20092806,20095047,0.4999,2x(4483:2241)diag+rot
8967,40199061,0,2372177,20099530,0.0590,"AGL(1,4096)xF4871:C487"
8968,40208028,0,9770410,20104014,0.2430,"AGL(1,4421)xF4547:C2273"
8969,40216996,1,40216996,40216996,1.0000,"AGL(1,8969) [exact]"
8970,40225965,0,9779253,20112982,0.2431,"AGL(1,4423)xF4547:C2273"
8971,40234935,1,40234935,40234935,1.0000,"AGL(1,8971) [exact]"
8972,40243906,0,4936801,20121953,0.1227,"AGL(1,3529)xF5443:C907"
8973,40252878,0,949163,20126439,0.0236,"F2153+(4q+1=1949)+(10q+1=4871),q=487"
8974,40261851,0,9169903,20130925,0.2278,"AGL(1,4691)xF4283:C2141"
8975,40270825,0,1332293,20135412,0.0331,"F3203+(4q+1=2309)+(6q+1=3463),q=577"
8976,40279800,0,9229956,20139900,0.2291,"AGL(1,4297)xF4679:C2339"
8977,40288776,0,1159003,20144388,0.0288,"F2887+(2q+1=1523)+(6q+1=4567),q=761"
8978,40297753,0,10073316,20148876,0.2500,2x(4489:4488)diag
8979,40306731,0,933661,20153365,0.0232,"F1367+(2q+1=1523)+(8q+1=6089),q=761"
8980,40315710,0,9067411,20157855,0.2249,"AGL(1,4721)xF4259:C2129"
8981,40324690,0,5756821,20162345,0.1428,7x(1283:1282)diag+rot
8982,40333671,0,9067411,20166835,0.2248,"AGL(1,4723)xF4259:C2129"
8983,40342653,0,3099135,20171326,0.0768,13x(691:690)diag+rot
8984,40351636,0,5381801,20175818,0.1334,"AGL(1,3301)xF5683:C947"
8985,40360620,0,941878,20180310,0.0233,"F1373+(2q+1=1523)+(8q+1=6089),q=761"
8986,40369605,0,10091278,20184802,0.2500,2x(4493:4492)diag
8987,40378591,0,1159003,20189295,0.0287,"F2897+(2q+1=1523)+(6q+1=4567),q=761"
8988,40387578,0,9859020,20193789,0.2441,"AGL(1,4441)xF4547:C2273"
8989,40396566,0,1332293,20198283,0.0330,"F3217+(4q+1=2309)+(6q+1=3463),q=577"
8990,40405555,0,5381801,20202777,0.1332,"AGL(1,3307)xF5683:C947"
8991,40414545,0,1087911,20207272,0.0269,37x(243:242)diag+rot
8992,40423536,0,9195616,20211768,0.2275,"AGL(1,4289)xF4703:C2351"
8993,40432528,0,2374152,20216264,0.0587,17x(529:528)diag+rot
8994,40441521,0,9885681,20220760,0.2444,"AGL(1,4447)xF4547:C2273"
8995,40450515,0,1483503,20225257,0.0367,"F1723+(4q+1=2909)+(6q+1=4363),q=727"
8996,40459510,0,5381801,20229755,0.1330,"AGL(1,3313)xF5683:C947"
8997,40468506,0,13486503,20234253,0.3333,3x(2999:2998)diag+rot
8998,40477503,0,9903475,20238751,0.2447,"AGL(1,4451)xF4547:C2273"
8999,40486501,1,40486501,40486501,1.0000,"AGL(1,8999) [exact]"
9000,40495500,0,9229956,20247750,0.2279,"AGL(1,4297)xF4703:C2351"
9001,40504500,1,40504500,40504500,1.0000,"AGL(1,9001) [exact]"
9002,40513501,0,5381801,20256750,0.1328,"AGL(1,3319)xF5683:C947"
9003,40522503,0,4501500,20261251,0.1111,3x(3001:3000)diag
9004,40531506,0,9930196,20265753,0.2450,"AGL(1,4457)xF4547:C2273"
9005,40540510,0,2007781,20270255,0.0495,"AGL(1,4096)xF4909:C409"
9006,40549515,0,9359301,20274757,0.2308,"AGL(1,4327)xF4679:C2339"
9007,40558521,1,40558521,40558521,1.0000,"AGL(1,9007) [exact]"
9008,40567528,0,5313827,20283764,0.1310,"AGL(1,3361)xF5647:C941"
9009,40576536,0,869221,20288268,0.0214,"F2417+(2q+1=1319)+(8q+1=5273),q=659"
9010,40585545,0,9956953,20292772,0.2453,"AGL(1,4463)xF4547:C2273"
9011,40594555,1,40594555,40594555,1.0000,"AGL(1,9011) [exact]"
9012,40603566,0,9169903,20301783,0.2258,"AGL(1,4729)xF4283:C2141"
9013,40612578,1,40612578,40612578,1.0000,"AGL(1,9013) [exact]"
9014,40621591,0,20308542,20310795,0.4999,2x(4507:2253)diag+rot
9015,40630605,0,8386560,20315302,0.2064,"AGL(1,4096)xF4919:C2459"
9016,40639620,0,9402616,20319810,0.2314,"AGL(1,4337)xF4679:C2339"
9017,40648636,0,1159003,20324318,0.0285,"F2927+(2q+1=1523)+(6q+1=4567),q=761"
9018,40657653,0,9411291,20328826,0.2315,"AGL(1,4339)xF4679:C2339"
9019,40666671,0,1525131,20333335,0.0375,"F1747+(4q+1=2909)+(6q+1=4363),q=727"
9020,40675690,0,5313827,20337845,0.1306,"AGL(1,3373)xF5647:C941"
9021,40684710,0,991936,20342355,0.0244,"F1409+(2q+1=1523)+(8q+1=6089),q=761"
9022,40693731,0,8317081,20346865,0.2044,"AGL(1,4943)xF4079:C2039"
9023,40702753,0,1332293,20351376,0.0327,"F3251+(4q+1=2309)+(6q+1=3463),q=577"
9024,40711776,0,7787431,20355888,0.1913,"AGL(1,5077)xF3947:C1973"
9025,40720800,0,1535628,20360400,0.0377,"F1753+(4q+1=2909)+(6q+1=4363),q=727"
9026,40729825,0,10181328,20364912,0.2500,2x(4513:4512)diag
9027,40738851,0,949163,20369425,0.0233,"F2207+(4q+1=1949)+(10q+1=4871),q=487"
9028,40747878,0,10037440,20373939,0.2463,"AGL(1,4481)xF4547:C2273"
9029,40756906,1,40756906,40756906,1.0000,"AGL(1,9029) [exact]"
9030,40765935,0,10046403,20382967,0.2464,"AGL(1,4483)xF4547:C2273"
9031,40774965,0,3702710,20387482,0.0908,11x(821:820)diag+rot
9032,40783996,0,4721501,20391998,0.1158,"AGL(1,3709)xF5323:C887"
9033,40793028,0,13594665,20396514,0.3333,3x(3011:3010)diag+rot
9034,40802061,0,10199386,20401030,0.2500,2x(4517:4516)diag
9035,40811095,0,1011753,20405547,0.0248,"F1423+(2q+1=1523)+(8q+1=6089),q=761"
9036,40820130,0,10073316,20410065,0.2468,"AGL(1,4489)xF4547:C2273"
9037,40829166,0,5828865,20414583,0.1428,7x(1291:1290)diag+rot
9038,40838203,0,20416842,20419101,0.4999,2x(4519:2259)diag+rot
9039,40847241,0,1744879,20423620,0.0427,"AGL(1,4096)xF4943:C353"
9040,40856280,0,10091278,20428140,0.2470,"AGL(1,4493)xF4547:C2273"
9041,40865320,1,40865320,40865320,1.0000,"AGL(1,9041) [exact]"
9042,40874361,0,9515703,20437180,0.2328,"AGL(1,4363)xF4679:C2339"
9043,40883403,1,40883403,40883403,1.0000,"AGL(1,9043) [exact]"
9044,40892446,0,5381801,20446223,0.1316,"AGL(1,3361)xF5683:C947"
9045,40901490,0,1026028,20450745,0.0251,"F1433+(2q+1=1523)+(8q+1=6089),q=761"
9046,40910535,0,20453006,20455267,0.4999,2x(4523:2261)diag+rot
9047,40919581,0,1159003,20459790,0.0283,"F2957+(2q+1=1523)+(6q+1=4567),q=761"
9048,40928628,0,9075930,20464314,0.2218,"AGL(1,4261)xF4787:C2393"
9049,40937676,1,40937676,40937676,1.0000,"AGL(1,9049) [exact]"
9050,40946725,0,4936801,20473362,0.1206,"AGL(1,3607)xF5443:C907"
9051,40955775,0,1034641,20477887,0.0253,"F1439+(2q+1=1523)+(8q+1=6089),q=761"
9052,40964826,0,9559378,20482413,0.2334,"AGL(1,4373)xF4679:C2339"
9053,40973878,0,3720783,20486939,0.0908,11x(823:822)diag+rot
9054,40982931,0,10154271,20491465,0.2478,"AGL(1,4507)xF4547:C2273"
9055,40991985,0,1638955,20495992,0.0400,5x(1811:1810)diag
9056,41001040,0,5381801,20500520,0.1313,"AGL(1,3373)xF5683:C947"
9057,41010096,0,4555671,20505048,0.1111,3x(3019:3018)diag
9058,41019153,0,9118585,20509576,0.2223,"AGL(1,4271)xF4787:C2393"
9059,41028211,1,41028211,41028211,1.0000,"AGL(1,9059) [exact]"
9060,41037270,0,10181328,20518635,0.2481,"AGL(1,4513)xF4547:C2273"
9061,41046330,0,2096128,20523165,0.0511,"AGL(1,2048)xF7013:C1753"
9062,41055391,0,4721501,20527695,0.1150,"AGL(1,3739)xF5323:C887"
9063,41064453,0,1051975,20532226,0.0256,"F1451+(2q+1=1523)+(8q+1=6089),q=761"
9064,41073516,0,10199386,20536758,0.2483,"AGL(1,4517)xF4547:C2273"
9065,41082580,0,1054878,20541290,0.0257,"F1453+(2q+1=1523)+(8q+1=6089),q=761"
9066,41091645,0,10208421,20545822,0.2484,"AGL(1,4519)xF4547:C2273"
9067,41100711,1,41100711,41100711,1.0000,"AGL(1,9067) [exact]"
9068,41109778,0,4469477,20554889,0.1087,"AGL(1,3889)xF5179:C863"
9069,41118846,0,13703259,20559423,0.3333,3x(3023:3022)diag+rot
9070,41127915,0,10226503,20563957,0.2487,"AGL(1,4523)xF4547:C2273"
9071,41136985,0,1332293,20568492,0.0324,"F3299+(4q+1=2309)+(6q+1=3463),q=577"
9072,41146056,0,9169903,20573028,0.2229,"AGL(1,4789)xF4283:C2141"
9073,41155128,0,1620900,20577564,0.0394,"F1801+(4q+1=2909)+(6q+1=4363),q=727"
9074,41164201,0,5381801,20582100,0.1307,"AGL(1,3391)xF5683:C947"
9075,41173275,0,2096128,20586637,0.0509,"AGL(1,2048)xF7027:C1171"
9076,41182350,0,9664606,20591175,0.2347,"AGL(1,4397)xF4679:C2339"
9077,41191426,0,1416012,20595713,0.0344,29x(313:312)diag+rot
9078,41200503,0,8646561,20600251,0.2099,"AGL(1,4159)xF4919:C2459"
9079,41209581,0,5883192,20604790,0.1428,7x(1297:1296)diag+rot
9080,41218660,0,5313827,20609330,0.1289,"AGL(1,3433)xF5647:C941"
9081,41227740,0,581051,20613870,0.0141,"F1367+(10q+1=2411)+(22q+1=5303),q=241"
9082,41236821,0,9169903,20618410,0.2224,"AGL(1,4283)xF4799:C2399"
9083,41245903,0,1638955,20622951,0.0397,"F1811+(4q+1=2909)+(6q+1=4363),q=727"
9084,41254986,0,9229956,20627493,0.2237,"AGL(1,4297)xF4787:C2393"
9085,41264070,0,1332293,20632035,0.0323,"F3313+(4q+1=2309)+(6q+1=3463),q=577"
9086,41273155,0,5308911,20636577,0.1286,"AGL(1,3259)xF5827:C971"
9087,41282241,0,949163,20641120,0.0230,"F2267+(4q+1=1949)+(10q+1=4871),q=487"
9088,41291328,0,9717436,20645664,0.2353,"AGL(1,4409)xF4679:C2339"
9089,41300416,0,1159003,20650208,0.0281,"F2999+(2q+1=1523)+(6q+1=4567),q=761"
9090,41309505,0,9067411,20654752,0.2195,"AGL(1,4831)xF4259:C2129"
9091,41318595,1,41318595,41318595,1.0000,"AGL(1,9091) [exact]"
9092,41327686,0,5268751,20663843,0.1275,"AGL(1,3469)xF5623:C937"
9093,41336778,0,1095940,20668389,0.0265,"F1481+(2q+1=1523)+(8q+1=6089),q=761"
9094,41345871,0,20670662,20672935,0.4999,2x(4547:2273)diag+rot
9095,41354965,0,1660753,20677482,0.0402,"F1823+(4q+1=2909)+(6q+1=4363),q=727"
9096,41364060,0,10335331,20682030,0.2499,"AGL(1,4549)xF4547:C2273"
9097,41373156,0,3757061,20686578,0.0908,11x(827:826)diag+rot
9098,41382253,0,10344426,20691126,0.2500,2x(4549:4548)diag
9099,41391351,0,1104841,20695675,0.0267,"F1487+(2q+1=1523)+(8q+1=6089),q=761"
9100,41400450,0,9770410,20700225,0.2360,"AGL(1,4421)xF4679:C2339"
9101,41409550,0,2175139,20704775,0.0525,19x(479:478)diag+rot
9102,41418651,0,9779253,20709325,0.2361,"AGL(1,4423)xF4679:C2339"
9103,41427753,1,41427753,41427753,1.0000,"AGL(1,9103) [exact]"
9104,41436856,0,5313827,20718428,0.1282,"AGL(1,3457)xF5647:C941"
9105,41445960,0,1567817,20722980,0.0378,"AGL(1,4096)xF5009:C313"
9106,41455065,0,8563591,20727532,0.2066,"AGL(1,4967)xF4139:C2069"
9107,41464171,0,5919550,20732085,0.1428,7x(1301:1300)diag+rot
9108,41473278,0,10335331,20736639,0.2492,"AGL(1,4561)xF4547:C2273"
9109,41482386,1,41482386,41482386,1.0000,"AGL(1,9109) [exact]"
9110,41491495,0,5313827,20745747,0.1281,"AGL(1,3463)xF5647:C941"
9111,41500605,0,4610166,20750302,0.1111,3x(3037:3036)diag
9112,41509716,0,9717436,20754858,0.2341,"AGL(1,4409)xF4703:C2351"
9113,41518828,0,3189550,20759414,0.0768,13x(701:700)diag+rot
9114,41527941,0,10335331,20763970,0.2489,"AGL(1,4567)xF4547:C2273"
9115,41537055,0,8303765,20768527,0.1999,5x(1823:1822)diag+rot
9116,41546170,0,5381801,20773085,0.1295,"AGL(1,3433)xF5683:C947"
9117,41555286,0,1260271,20777643,0.0303,"AGL(1,4096)xF5021:C251"
9118,41564403,0,8317081,20782201,0.2001,"AGL(1,5039)xF4079:C2039"
9119,41573521,0,3775266,20786760,0.0908,11x(829:828)diag+rot
9120,41582640,0,9859020,20791320,0.2371,"AGL(1,4441)xF4679:C2339"
9121,41591760,0,1708476,20795880,0.0411,"F1849+(4q+1=2909)+(6q+1=4363),q=727"
9122,41600881,0,10399080,20800440,0.2500,2x(4561:4560)diag
9123,41610003,0,13866960,20805001,0.3333,3x(3041:3040)diag+rot
9124,41619126,0,9770410,20809563,0.2348,"AGL(1,4421)xF4703:C2351"
9125,41628250,0,933661,20814125,0.0224,"F3659+(2q+1=1367)+(6q+1=4099),q=683"
9126,41637375,0,9885681,20818687,0.2374,"AGL(1,4447)xF4679:C2339"
9127,41646501,1,41646501,41646501,1.0000,"AGL(1,9127) [exact]"
9128,41655628,0,5446650,20827814,0.1308,"AGL(1,3301)xF5827:C971"
9129,41664756,0,949163,20832378,0.0228,"F2309+(4q+1=1949)+(10q+1=4871),q=487"
9130,41673885,0,10335331,20836942,0.2480,"AGL(1,4583)xF4547:C2273"
9131,41683015,0,1807938,20841507,0.0434,23x(397:396)diag+rot
9132,41692146,0,8563591,20846073,0.2054,"AGL(1,4993)xF4139:C2069"
9133,41701278,1,41701278,41701278,1.0000,"AGL(1,9133) [exact]"
9134,41710411,0,20852922,20855205,0.4999,2x(4567:2283)diag+rot
9135,41719545,0,1159003,20859772,0.0278,"F1523+(2q+1=1523)+(8q+1=6089),q=761"
9136,41728680,0,9930196,20864340,0.2380,"AGL(1,4457)xF4679:C2339"
9137,41737816,1,41737816,41737816,1.0000,"AGL(1,9137) [exact]"
9138,41746953,0,10335331,20873476,0.2476,"AGL(1,4591)xF4547:C2273"
9139,41756091,0,1741911,20878045,0.0417,"F1867+(4q+1=2909)+(6q+1=4363),q=727"
9140,41765230,0,5486328,20882615,0.1314,"AGL(1,3313)xF5827:C971"
9141,41774370,0,869221,20887185,0.0208,"F2549+(2q+1=1319)+(8q+1=5273),q=659"
9142,41783511,0,9956953,20891755,0.2383,"AGL(1,4463)xF4679:C2339"
9143,41792653,0,1749385,20896326,0.0419,"F1871+(4q+1=2909)+(6q+1=4363),q=727"
9144,41801796,0,10335331,20900898,0.2472,"AGL(1,4597)xF4547:C2273"
9145,41810940,0,1753128,20905470,0.0419,"F1873+(4q+1=2909)+(6q+1=4363),q=727"
9146,41820085,0,5506221,20910042,0.1317,"AGL(1,3319)xF5827:C971"
9147,41829231,0,4646676,20914615,0.1111,3x(3049:3048)diag
9148,41838378,0,9454726,20919189,0.2260,"AGL(1,4349)xF4799:C2399"
9149,41847526,0,5974297,20923763,0.1428,7x(1307:1306)diag+rot
9150,41856675,0,10335331,20928337,0.2469,"AGL(1,4603)xF4547:C2273"
9151,41865825,1,41865825,41865825,1.0000,"AGL(1,9151) [exact]"
9152,41874976,0,5381801,20937488,0.1285,"AGL(1,3469)xF5683:C947"
9153,41884128,0,949163,20942064,0.0227,"F2333+(4q+1=1949)+(10q+1=4871),q=487"
9154,41893281,0,9903475,20946640,0.2364,"AGL(1,4451)xF4703:C2351"
9155,41902435,0,1675365,20951217,0.0400,5x(1831:1830)diag
9156,41911590,0,9489546,20955795,0.2264,"AGL(1,4357)xF4799:C2399"
9157,41920746,1,41920746,41920746,1.0000,"AGL(1,9157) [exact]"
9158,41929903,0,5546115,20964951,0.1323,"AGL(1,3331)xF5827:C971"
9159,41939061,0,949163,20969530,0.0226,"F2339+(4q+1=1949)+(10q+1=4871),q=487"
9160,41948220,0,10037440,20974110,0.2393,"AGL(1,4481)xF4679:C2339"
9161,41957380,1,41957380,41957380,1.0000,"AGL(1,9161) [exact]"
9162,41966541,0,10046403,20983270,0.2394,"AGL(1,4483)xF4679:C2339"
9163,41975703,0,1332293,20987851,0.0317,"F3391+(4q+1=2309)+(6q+1=3463),q=577"
9164,41984866,0,5381801,20992433,0.1282,"AGL(1,3481)xF5683:C947"
9165,41994030,0,1159003,20997015,0.0276,"F1553+(2q+1=1523)+(8q+1=6089),q=761"
9166,42003195,0,20999306,21001597,0.4999,2x(4583:2291)diag+rot
9167,42012361,0,949163,21006180,0.0226,"F2347+(4q+1=1949)+(10q+1=4871),q=487"
9168,42021528,0,10335331,21010764,0.2460,"AGL(1,4621)xF4547:C2273"
9169,42030696,0,1159003,21015348,0.0276,"F3079+(2q+1=1523)+(6q+1=4567),q=761"
9170,42039865,0,5586153,21019932,0.1329,"AGL(1,3343)xF5827:C971"
9171,42049035,0,1159003,21024517,0.0276,"F1559+(2q+1=1523)+(8q+1=6089),q=761"
9172,42058206,0,10091278,21029103,0.2399,"AGL(1,4493)xF4679:C2339"
9173,42067378,1,42067378,42067378,1.0000,"AGL(1,9173) [exact]"
9174,42076551,0,8026021,21038275,0.1907,"AGL(1,5167)xF4007:C2003"
9175,42085725,0,2096128,21042862,0.0498,"AGL(1,2048)xF7127:C509"
9176,42094900,0,5313827,21047450,0.1262,"AGL(1,3529)xF5647:C941"
9177,42104076,0,949163,21052038,0.0225,"F2357+(4q+1=1949)+(10q+1=4871),q=487"
9178,42113253,0,9638245,21056626,0.2289,"AGL(1,4391)xF4787:C2393"
9179,42122431,0,1817371,21061215,0.0431,"F1907+(4q+1=2909)+(6q+1=4363),q=727"
9180,42131610,0,9075930,21065805,0.2154,"AGL(1,4261)xF4919:C2459"
9181,42140790,1,42140790,42140790,1.0000,"AGL(1,9181) [exact]"
9182,42149971,0,21072690,21074985,0.4999,2x(4591:2295)diag+rot
9183,42159153,0,8386560,21079576,0.1989,"AGL(1,4096)xF5087:C2543"
9184,42168336,0,10335331,21084168,0.2451,"AGL(1,4637)xF4547:C2273"
9185,42177520,0,1828828,21088760,0.0434,"F1913+(4q+1=2909)+(6q+1=4363),q=727"
9186,42186705,0,10335331,21093352,0.2450,"AGL(1,4639)xF4547:C2273"
9187,42195891,1,42195891,42195891,1.0000,"AGL(1,9187) [exact]"
9188,42205078,0,5646480,21102539,0.1338,"AGL(1,3361)xF5827:C971"
9189,42214266,0,734681,21107133,0.0174,"F2141+(10q+1=2711)+(16q+1=4337),q=271"
9190,42223455,0,10335331,21111727,0.2448,"AGL(1,4643)xF4547:C2273"
9191,42232645,0,1159003,21116322,0.0274,"F1579+(2q+1=1523)+(8q+1=6089),q=761"
9192,42241836,0,10181328,21120918,0.2410,"AGL(1,4513)xF4679:C2339"
9193,42251028,0,1452494,21125514,0.0344,29x(317:316)diag+rot
9194,42260221,0,10563906,21130110,0.2500,2x(4597:4596)diag
9195,42269415,0,8386560,21134707,0.1984,"AGL(1,4096)xF5099:C2549"
9196,42278610,0,10335331,21139305,0.2445,"AGL(1,4649)xF4547:C2273"
9197,42287806,0,2483190,21143903,0.0587,17x(541:540)diag+rot
9198,42297003,0,10335331,21148501,0.2444,"AGL(1,4651)xF4547:C2273"
9199,42306201,1,42306201,42306201,1.0000,"AGL(1,9199) [exact]"
9200,42315400,0,5658017,21157700,0.1337,"AGL(1,3373)xF5827:C971"
9201,42324600,0,4701711,21162300,0.1111,3x(3067:3066)diag
9202,42333801,0,10226503,21166900,0.2416,"AGL(1,4523)xF4679:C2339"
9203,42343003,1,42343003,42343003,1.0000,"AGL(1,9203) [exact]"
9204,42352206,0,10335331,21176103,0.2440,"AGL(1,4657)xF4547:C2273"
9205,42361410,0,1867278,21180705,0.0441,"F1933+(4q+1=2909)+(6q+1=4363),q=727"
9206,42370615,0,21183006,21185307,0.4999,2x(4603:2301)diag+rot
9207,42379821,0,2096128,21189910,0.0495,"AGL(1,2048)xF7159:C1193"
9208,42389028,0,9770410,21194514,0.2305,"AGL(1,4421)xF4787:C2393"
9209,42398236,1,42398236,42398236,1.0000,"AGL(1,9209) [exact]"
9210,42407445,0,10335331,21203722,0.2437,"AGL(1,4663)xF4547:C2273"
9211,42416655,0,1159003,21208327,0.0273,"F3121+(2q+1=1523)+(6q+1=4567),q=761"
9212,42425866,0,5381801,21212933,0.1269,"AGL(1,3529)xF5683:C947"
9213,42435078,0,1159003,21217539,0.0273,"F1601+(2q+1=1523)+(8q+1=6089),q=761"
9214,42444291,0,9169903,21222145,0.2160,"AGL(1,4931)xF4283:C2141"
9215,42453505,0,4366507,21226752,0.1029,"AGL(1,4096)xF5119:C853"
9216,42462720,0,10181328,21231360,0.2398,"AGL(1,4513)xF4703:C2351"
9217,42471936,0,3262818,21235968,0.0768,13x(709:708)diag+rot
9218,42481153,0,5658017,21240576,0.1332,"AGL(1,3391)xF5827:C971"
9219,42490371,0,1159003,21245185,0.0273,"F1607+(2q+1=1523)+(8q+1=6089),q=761"
9220,42499590,0,10335331,21249795,0.2432,"AGL(1,4673)xF4547:C2273"
9221,42508810,1,42508810,42508810,1.0000,"AGL(1,9221) [exact]"
9222,42518031,0,10208421,21259015,0.2401,"AGL(1,4519)xF4703:C2351"
9223,42527253,0,1902225,21263626,0.0447,"F1951+(4q+1=2909)+(6q+1=4363),q=727"
9224,42536476,0,5381801,21268238,0.1265,"AGL(1,3541)xF5683:C947"
9225,42545700,0,1159003,21272850,0.0272,"F1613+(2q+1=1523)+(8q+1=6089),q=761"
9226,42554925,0,10335331,21277462,0.2429,"AGL(1,4547)xF4679:C2339"
9227,42564151,1,42564151,42564151,1.0000,"AGL(1,9227) [exact]"
9228,42573378,0,10344426,21286689,0.2430,"AGL(1,4549)xF4679:C2339"
9229,42582606,0,3866951,21291303,0.0908,11x(839:838)diag+rot
9230,42591835,0,5381801,21295917,0.1264,"AGL(1,3547)xF5683:C947"
9231,42601065,0,1159003,21300532,0.0272,"F1619+(2q+1=1523)+(8q+1=6089),q=761"
9232,42610296,0,9067411,21305148,0.2128,"AGL(1,4973)xF4259:C2129"
9233,42619528,0,6084547,21309764,0.1428,7x(1319:1318)diag+rot
9234,42628761,0,9885681,21314380,0.2319,"AGL(1,4447)xF4787:C2393"
9235,42637995,0,8523905,21318997,0.1999,5x(1847:1846)diag+rot
9236,42647230,0,5268751,21323615,0.1235,"AGL(1,3613)xF5623:C937"
9237,42656466,0,4738581,21328233,0.1111,3x(3079:3078)diag
9238,42665703,0,10335331,21332851,0.2422,"AGL(1,4691)xF4547:C2273"
9239,42674941,1,42674941,42674941,1.0000,"AGL(1,9239) [exact]"
9240,42684180,0,10399080,21342090,0.2436,"AGL(1,4561)xF4679:C2339"
9241,42693420,1,42693420,42693420,1.0000,"AGL(1,9241) [exact]"
9242,42702661,0,10674510,21351330,0.2500,2x(4621:4620)diag
9243,42711903,0,949163,21355951,0.0222,"F2423+(4q+1=1949)+(10q+1=4871),q=487"
9244,42721146,0,9930196,21360573,0.2324,"AGL(1,4457)xF4787:C2393"
9245,42730390,0,8542380,21365195,0.1999,5x(1849:1848)diag+rot
9246,42739635,0,10426461,21369817,0.2440,"AGL(1,4567)xF4679:C2339"
9247,42748881,0,6103020,21374440,0.1428,7x(1321:1320)diag+rot
9248,42758128,0,5019696,21379064,0.1174,"AGL(1,3169)xF6079:C1013"
9249,42767376,0,14252709,21383688,0.3333,3x(3083:3082)diag+rot
9250,42776625,0,10335331,21388312,0.2416,"AGL(1,4547)xF4703:C2351"
9251,42785875,0,3885420,21392937,0.0908,11x(841:840)diag+rot
9252,42795126,0,10344426,21397563,0.2417,"AGL(1,4549)xF4703:C2351"
9253,42804378,0,2248479,21402189,0.0525,19x(487:486)diag+rot
9254,42813631,0,5381801,21406815,0.1257,"AGL(1,3571)xF5683:C947"
9255,42822885,0,2096128,21411442,0.0489,"AGL(1,2048)xF7207:C1201"
9256,42832140,0,9930196,21416070,0.2318,"AGL(1,4457)xF4799:C2399"
9257,42841396,1,42841396,42841396,1.0000,"AGL(1,9257) [exact]"
9258,42850653,0,9411291,21425326,0.2196,"AGL(1,4339)xF4919:C2459"
9259,42859911,0,1973091,21429955,0.0460,"F1987+(4q+1=2909)+(6q+1=4363),q=727"
9260,42869170,0,5658017,21434585,0.1320,"AGL(1,3433)xF5827:C971"
9261,42878430,0,2096128,21439215,0.0489,"AGL(1,2048)xF7213:C601"
9262,42887691,0,10499653,21443845,0.2448,"AGL(1,4583)xF4679:C2339"
9263,42896953,0,1332293,21448476,0.0311,"F3491+(4q+1=2309)+(6q+1=3463),q=577"
9264,42906216,0,10399080,21453108,0.2424,"AGL(1,4561)xF4703:C2351"
9265,42915480,0,1985028,21457740,0.0463,"F1993+(4q+1=2909)+(6q+1=4363),q=727"
9266,42924745,0,5381801,21462372,0.1254,"AGL(1,3583)xF5683:C947"
9267,42934011,0,14308248,21467005,0.3333,3x(3089:3088)diag+rot
9268,42943278,0,10335331,21471639,0.2407,"AGL(1,4721)xF4547:C2273"
9269,42952546,0,1993006,21476273,0.0464,"F1997+(4q+1=2909)+(6q+1=4363),q=727"
9270,42961815,0,10536345,21480907,0.2452,"AGL(1,4591)xF4679:C2339"
9271,42971085,0,1997001,21485542,0.0465,"F1999+(4q+1=2909)+(6q+1=4363),q=727"
9272,42980356,0,4469477,21490178,0.1040,"AGL(1,4093)xF5179:C863"
9273,42989628,0,696790,21494814,0.0162,"F1181+(2q+1=1619)+(8q+1=6473),q=809"
9274,42998901,0,10748566,21499450,0.2500,2x(4637:4636)diag
9275,43008175,0,4469477,21504087,0.1039,"AGL(1,4096)xF5179:C863"
9276,43017450,0,10563906,21508725,0.2456,"AGL(1,4597)xF4679:C2339"
9277,43026726,1,43026726,43026726,1.0000,"AGL(1,9277) [exact]"
9278,43036003,0,21515682,21518001,0.4999,2x(4639:2319)diag+rot
9279,43045281,0,1159003,21522640,0.0269,"F1667+(2q+1=1523)+(8q+1=6089),q=761"
9280,43054560,0,10335331,21527280,0.2401,"AGL(1,4733)xF4547:C2273"
9281,43063840,1,43063840,43063840,1.0000,"AGL(1,9281) [exact]"
9282,43073121,0,10591503,21536560,0.2459,"AGL(1,4603)xF4679:C2339"
9283,43082403,1,43082403,43082403,1.0000,"AGL(1,9283) [exact]"
9284,43091686,0,5658017,21545843,0.1313,"AGL(1,3457)xF5827:C971"
9285,43100970,0,6730133,21550485,0.1561,"AGL(1,4096)xF5189:C1297"
9286,43110255,0,21552806,21555127,0.4999,2x(4643:2321)diag+rot
9287,43119541,0,1160875,21559770,0.0269,37x(251:250)diag+rot
9288,43128828,0,10073316,21564414,0.2336,"AGL(1,4489)xF4799:C2399"
9289,43138116,0,6158607,21569058,0.1428,7x(1327:1326)diag+rot
9290,43147405,0,5658017,21573702,0.1311,"AGL(1,3463)xF5827:C971"
9291,43156695,0,869221,21578347,0.0201,"F2699+(2q+1=1319)+(8q+1=5273),q=659"
9292,43165986,0,10091278,21582993,0.2338,"AGL(1,4493)xF4799:C2399"
9293,43175278,1,43175278,43175278,1.0000,"AGL(1,9293) [exact]"
9294,43184571,0,10536345,21592285,0.2440,"AGL(1,4591)xF4703:C2351"
9295,43193865,0,2096128,21596932,0.0485,"AGL(1,2048)xF7247:C3623"
9296,43203160,0,5658017,21601580,0.1310,"AGL(1,3469)xF5827:C971"
9297,43212456,0,949163,21606228,0.0220,"F2477+(4q+1=1949)+(10q+1=4871),q=487"
9298,43221753,0,10804276,21610876,0.2500,2x(4649:4648)diag
9299,43231051,0,2538627,21615525,0.0587,17x(547:546)diag+rot
9300,43240350,0,10674510,21620175,0.2469,"AGL(1,4621)xF4679:C2339"
9301,43249650,0,2057406,21624825,0.0476,"F2029+(4q+1=2909)+(6q+1=4363),q=727"
9302,43258951,0,21627150,21629475,0.4999,2x(4651:2325)diag+rot
9303,43268253,0,869221,21634126,0.0201,"F2711+(2q+1=1319)+(8q+1=5273),q=659"
9304,43277556,0,10199386,21638778,0.2357,"AGL(1,4517)xF4787:C2393"
9305,43286860,0,1730730,21643430,0.0400,5x(1861:1860)diag
9306,43296165,0,10591503,21648082,0.2446,"AGL(1,4603)xF4703:C2351"
9307,43305471,0,1159003,21652735,0.0268,"F3217+(2q+1=1523)+(6q+1=4567),q=761"
9308,43314778,0,5658017,21657389,0.1306,"AGL(1,3481)xF5827:C971"
9309,43324086,0,1159003,21662043,0.0268,"F1697+(2q+1=1523)+(8q+1=6089),q=761"
9310,43333395,0,10226503,21666697,0.2360,"AGL(1,4523)xF4787:C2393"
9311,43342705,1,43342705,43342705,1.0000,"AGL(1,9311) [exact]"
9312,43352016,0,10181328,21676008,0.2349,"AGL(1,4513)xF4799:C2399"
9313,43361328,0,1332293,21680664,0.0307,"F3541+(4q+1=2309)+(6q+1=3463),q=577"
9314,43370641,0,10841496,21685320,0.2500,2x(4657:4656)diag
9315,43379955,0,747253,21689977,0.0172,"F1223+(2q+1=1619)+(8q+1=6473),q=809"
9316,43389270,0,10748566,21694635,0.2477,"AGL(1,4637)xF4679:C2339"
9317,43398586,0,933661,21699293,0.0215,"F3851+(2q+1=1367)+(6q+1=4099),q=683"
9318,43407903,0,10757841,21703951,0.2478,"AGL(1,4639)xF4679:C2339"
9319,43417221,1,43417221,43417221,1.0000,"AGL(1,9319) [exact]"
9320,43426540,0,5381801,21713270,0.1239,"AGL(1,3637)xF5683:C947"
9321,43435860,0,1159003,21717930,0.0267,"F1709+(2q+1=1523)+(8q+1=6089),q=761"
9322,43445181,0,10776403,21722590,0.2480,"AGL(1,4643)xF4679:C2339"
9323,43454503,1,43454503,43454503,1.0000,"AGL(1,9323) [exact]"
9324,43463826,0,10674510,21731913,0.2456,"AGL(1,4621)xF4703:C2351"
9325,43473150,0,2106378,21736575,0.0485,"F2053+(4q+1=2909)+(6q+1=4363),q=727"
9326,43482475,0,21738906,21741237,0.4999,2x(4663:2331)diag+rot
9327,43491801,0,4831386,21745900,0.1111,3x(3109:3108)diag
9328,43501128,0,10804276,21750564,0.2484,"AGL(1,4649)xF4679:C2339"
9329,43510456,0,2285605,21755228,0.0525,19x(491:490)diag+rot
9330,43519785,0,10813575,21759892,0.2485,"AGL(1,4651)xF4679:C2339"
9331,43529115,0,2096128,21764557,0.0482,"AGL(1,2048)xF7283:C331"
9332,43538446,0,5289378,21769223,0.1215,"AGL(1,3253)xF6079:C1013"
9333,43547778,0,1159003,21773889,0.0266,"F1721+(2q+1=1523)+(8q+1=6089),q=761"
9334,43557111,0,10335331,21778555,0.2373,"AGL(1,4547)xF4787:C2393"
9335,43566445,0,8709555,21783222,0.1999,5x(1867:1866)diag+rot
9336,43575780,0,10841496,21787890,0.2488,"AGL(1,4657)xF4679:C2339"
9337,43585116,1,43585116,43585116,1.0000,"AGL(1,9337) [exact]"
9338,43594453,0,5658017,21797226,0.1298,"AGL(1,3511)xF5827:C971"
9339,43603791,0,580637,21801895,0.0133,"F3739+(6q+1=1867)+(12q+1=3733),q=311"
9340,43613130,0,10748566,21806565,0.2465,"AGL(1,4637)xF4703:C2351"
9341,43622470,1,43622470,43622470,1.0000,"AGL(1,9341) [exact]"
9342,43631811,0,10869453,21815905,0.2491,"AGL(1,4663)xF4679:C2339"
9343,43641153,1,43641153,43641153,1.0000,"AGL(1,9343) [exact]"
9344,43650496,0,5658017,21825248,0.1296,"AGL(1,3517)xF5827:C971"
9345,43659840,0,1159003,21829920,0.0265,"F1733+(2q+1=1523)+(8q+1=6089),q=761"
9346,43669185,0,10916128,21834592,0.2500,2x(4673:4672)diag
9347,43678531,0,3355573,21839265,0.0768,13x(719:718)diag+rot
9348,43687878,0,10399080,21843939,0.2380,"AGL(1,4561)xF4787:C2393"
9349,43697226,1,43697226,43697226,1.0000,"AGL(1,9349) [exact]"
9350,43706575,0,5348085,21853287,0.1224,"AGL(1,3271)xF6079:C1013"
9351,43715925,0,949163,21857962,0.0217,"F2531+(4q+1=1949)+(10q+1=4871),q=487"
9352,43725276,0,10916128,21862638,0.2497,"AGL(1,4673)xF4679:C2339"
9353,43734628,0,2114843,21867314,0.0484,"F2081+(4q+1=2909)+(6q+1=4363),q=727"
9354,43743981,0,10813575,21871990,0.2472,"AGL(1,4651)xF4703:C2351"
9355,43753335,0,2114843,21876667,0.0483,"F2083+(4q+1=2909)+(6q+1=4363),q=727"
9356,43762690,0,5658017,21881345,0.1293,"AGL(1,3529)xF5827:C971"
9357,43772046,0,14587563,21886023,0.3333,3x(3119:3118)diag+rot
9358,43781403,0,21888362,21890701,0.4999,2x(4679:2339)diag+rot
9359,43790761,0,2114843,21895380,0.0483,"F2087+(4q+1=2909)+(6q+1=4363),q=727"
9360,43800120,0,10841496,21900060,0.2475,"AGL(1,4657)xF4703:C2351"
9361,43809480,0,2114843,21904740,0.0483,"F2089+(4q+1=2909)+(6q+1=4363),q=727"
9362,43818841,0,5268751,21909420,0.1202,"AGL(1,3739)xF5623:C937"
9363,43828203,0,4868760,21914101,0.1111,3x(3121:3120)diag
9364,43837566,0,10335331,21918783,0.2358,"AGL(1,4817)xF4547:C2273"
9365,43846930,0,8765640,21923465,0.1999,5x(1873:1872)diag+rot
9366,43856295,0,10869453,21928147,0.2478,"AGL(1,4663)xF4703:C2351"
9367,43865661,0,1226961,21932830,0.0280,"F1567+(6q+1=3343)+(8q+1=4457),q=557"
9368,43875028,0,5658017,21937514,0.1290,"AGL(1,3541)xF5827:C971"
9369,43884396,0,3474907,21942198,0.0792,"AGL(1,4096)xF5273:C659"
9370,43893765,0,10944181,21946882,0.2493,"AGL(1,4691)xF4679:C2339"
9371,43903135,1,43903135,43903135,1.0000,"AGL(1,9371) [exact]"
9372,43912506,0,9127128,21956253,0.2078,"AGL(1,4273)xF5099:C2549"
9373,43921878,0,933661,21960939,0.0213,"F3907+(2q+1=1367)+(6q+1=4099),q=683"
9374,43931251,0,5658017,21965625,0.1288,"AGL(1,3547)xF5827:C971"
9375,43940625,0,14643750,21970312,0.3333,3x(3125:3124)diag+rot
9376,43950000,0,10916128,21975000,0.2484,"AGL(1,4673)xF4703:C2351"
9377,43959376,1,43959376,43959376,1.0000,"AGL(1,9377) [exact]"
9378,43968753,0,10536345,21984376,0.2396,"AGL(1,4591)xF4787:C2393"
9379,43978131,0,2096128,21989065,0.0477,"AGL(1,2048)xF7331:C733"
9380,43987510,0,5446650,21993755,0.1238,"AGL(1,3301)xF6079:C1013"
9381,43996890,0,869221,21998445,0.0198,"F2789+(2q+1=1319)+(8q+1=5273),q=659"
9382,44006271,0,22000790,22003135,0.4999,2x(4691:2345)diag+rot
9383,44015653,0,3997158,22007826,0.0908,11x(853:852)diag+rot
9384,44025036,0,10563906,22012518,0.2400,"AGL(1,4597)xF4787:C2393"
9385,44034420,0,8803130,22017210,0.1999,5x(1877:1876)diag+rot
9386,44043805,0,5658017,22021902,0.1285,"AGL(1,3559)xF5827:C971"
9387,44053191,0,734681,22026595,0.0167,"F2339+(10q+1=2711)+(16q+1=4337),q=271"
9388,44062578,0,9195616,22031289,0.2087,"AGL(1,4289)xF5099:C2549"
9389,44071966,0,1332293,22035983,0.0302,"F3617+(4q+1=2309)+(6q+1=3463),q=577"
9390,44081355,0,10591503,22040677,0.2403,"AGL(1,4603)xF4787:C2393"
9391,44090745,1,44090745,44090745,1.0000,"AGL(1,9391) [exact]"
9392,44100136,0,5486328,22050068,0.1244,"AGL(1,3313)xF6079:C1013"
9393,44109528,0,1753307,22054764,0.0397,"AGL(1,4096)xF5297:C331"
9394,44118921,0,11000395,22059460,0.2493,"AGL(1,4691)xF4703:C2351"
9395,44128315,0,8821905,22064157,0.1999,5x(1879:1878)diag+rot
9396,44137710,0,10563906,22068855,0.2393,"AGL(1,4597)xF4799:C2399"
9397,44147106,1,44147106,44147106,1.0000,"AGL(1,9397) [exact]"
9398,44156503,0,5658017,22078251,0.1281,"AGL(1,3571)xF5827:C971"
9399,44165901,0,1278023,22082950,0.0289,"AGL(1,4096)xF5303:C241"
9400,44175300,0,10944181,22087650,0.2477,"AGL(1,4721)xF4679:C2339"
9401,44184700,0,2114843,22092350,0.0479,"F2129+(4q+1=2909)+(6q+1=4363),q=727"
9402,44194101,0,10944181,22097050,0.2476,"AGL(1,4723)xF4679:C2339"
9403,44203503,1,44203503,44203503,1.0000,"AGL(1,9403) [exact]"
9404,44212906,0,5381801,22106453,0.1217,"AGL(1,3721)xF5683:C947"
9405,44222310,0,7045043,22111155,0.1593,"AGL(1,4096)xF5309:C1327"
9406,44231715,0,22113506,22115857,0.4999,2x(4703:2351)diag+rot
9407,44241121,0,1919028,22120560,0.0434,23x(409:408)diag+rot
9408,44250528,0,10944181,22125264,0.2473,"AGL(1,4729)xF4679:C2339"
9409,44259936,1,44259936,44259936,1.0000,"AGL(1,9409) [exact]"
9410,44269345,0,5658017,22134672,0.1278,"AGL(1,3583)xF5827:C971"
9411,44278755,0,14756448,22139377,0.3333,3x(3137:3136)diag+rot
9412,44288166,0,10944181,22144083,0.2471,"AGL(1,4733)xF4679:C2339"
9413,44297578,1,44297578,44297578,1.0000,"AGL(1,9413) [exact]"
9414,44306991,0,9359301,22153495,0.2112,"AGL(1,4327)xF5087:C2543"
9415,44316405,0,2114843,22158202,0.0477,"F2143+(4q+1=2909)+(6q+1=4363),q=727"
9416,44325820,0,5381801,22162910,0.1214,"AGL(1,3733)xF5683:C947"
9417,44335236,0,2096128,22167618,0.0473,"AGL(1,2048)xF7369:C307"
9418,44344653,0,10335331,22172326,0.2331,"AGL(1,4871)xF4547:C2273"
9419,44354071,1,44354071,44354071,1.0000,"AGL(1,9419) [exact]"
9420,44363490,0,10674510,22181745,0.2406,"AGL(1,4621)xF4799:C2399"
9421,44372910,1,44372910,44372910,1.0000,"AGL(1,9421) [exact]"
9422,44382331,0,5586153,22191165,0.1259,"AGL(1,3343)xF6079:C1013"
9423,44391753,0,1159003,22195876,0.0261,"F1811+(2q+1=1523)+(8q+1=6089),q=761"
9424,44401176,0,11056753,22200588,0.2490,"AGL(1,4721)xF4703:C2351"
9425,44410600,0,2114843,22205300,0.0476,"F2153+(4q+1=2909)+(6q+1=4363),q=727"
9426,44420025,0,11056753,22210012,0.2489,"AGL(1,4723)xF4703:C2351"
9427,44429451,0,4034756,22214725,0.0908,11x(857:856)diag+rot
9428,44438878,0,5211606,22219439,0.1173,"AGL(1,3229)xF6199:C1033"
9429,44448306,0,949163,22224153,0.0214,"F2609+(4q+1=1949)+(10q+1=4871),q=487"
9430,44457735,0,10944181,22228867,0.2462,"AGL(1,4751)xF4679:C2339"
9431,44467165,1,44467165,44467165,1.0000,"AGL(1,9431) [exact]"
9432,44476596,0,11056753,22238298,0.2486,"AGL(1,4729)xF4703:C2351"
9433,44486028,1,44486028,44486028,1.0000,"AGL(1,9433) [exact]"
9434,44495461,0,5658017,22247730,0.1272,"AGL(1,3607)xF5827:C971"
9435,44504895,0,1159003,22252447,0.0260,"F1823+(2q+1=1523)+(8q+1=6089),q=761"
9436,44514330,0,11056753,22257165,0.2484,"AGL(1,4733)xF4703:C2351"
9437,44523766,1,44523766,44523766,1.0000,"AGL(1,9437) [exact]"
9438,44533203,0,10944181,22266601,0.2458,"AGL(1,4759)xF4679:C2339"
9439,44542641,1,44542641,44542641,1.0000,"AGL(1,9439) [exact]"
9440,44552080,0,5658017,22276040,0.1270,"AGL(1,3613)xF5827:C971"
9441,44561520,0,949163,22280760,0.0213,"F2621+(4q+1=1949)+(10q+1=4871),q=487"
9442,44570961,0,11141560,22285480,0.2500,2x(4721:4720)diag
9443,44580403,0,1332293,22290201,0.0299,"F3671+(4q+1=2309)+(6q+1=3463),q=577"
9444,44589846,0,10841496,22294923,0.2431,"AGL(1,4657)xF4787:C2393"
9445,44599290,0,8916080,22299645,0.1999,5x(1889:1888)diag+rot
9446,44608735,0,22302006,22304367,0.4999,2x(4723:2361)diag+rot
9447,44618181,0,734681,22309090,0.0165,"F2399+(10q+1=2711)+(16q+1=4337),q=271"
9448,44627628,0,10804276,22313814,0.2421,"AGL(1,4649)xF4799:C2399"
9449,44637076,0,1332293,22318538,0.0298,"F3677+(4q+1=2309)+(6q+1=3463),q=577"
9450,44646525,0,10869453,22323262,0.2435,"AGL(1,4663)xF4787:C2393"
9451,44655975,0,3430713,22327987,0.0768,13x(727:726)diag+rot
9452,44665426,0,5686878,22332713,0.1273,"AGL(1,3373)xF6079:C1013"
9453,44674878,0,949163,22337439,0.0212,"F2633+(4q+1=1949)+(10q+1=4871),q=487"
9454,44684331,0,11056753,22342165,0.2474,"AGL(1,4751)xF4703:C2351"
9455,44693785,0,1026028,22346892,0.0230,"F1433+(8q+1=3209)+(12q+1=4813),q=401"
9456,44703240,0,10841496,22351620,0.2425,"AGL(1,4657)xF4799:C2399"
9457,44712696,0,1371996,22356348,0.0307,"F1657+(6q+1=3343)+(8q+1=4457),q=557"
9458,44722153,0,11179356,22361076,0.2500,2x(4729:4728)diag
9459,44731611,0,2114843,22365805,0.0473,"F2187+(4q+1=2909)+(6q+1=4363),q=727"
9460,44741070,0,10916128,22370535,0.2440,"AGL(1,4673)xF4787:C2393"
9461,44750530,1,44750530,44750530,1.0000,"AGL(1,9461) [exact]"
9462,44759991,0,11056753,22379995,0.2470,"AGL(1,4759)xF4703:C2351"
9463,44769453,1,44769453,44769453,1.0000,"AGL(1,9463) [exact]"
9464,44778916,0,5658017,22389458,0.1264,"AGL(1,3637)xF5827:C971"
9465,44788380,0,941878,22394190,0.0210,"F1373+(2q+1=1619)+(8q+1=6473),q=809"
9466,44797845,0,11198278,22398922,0.2500,2x(4733:4732)diag
9467,44807311,1,44807311,44807311,1.0000,"AGL(1,9467) [exact]"
9468,44816778,0,10944181,22408389,0.2442,"AGL(1,4789)xF4679:C2339"
9469,44826246,0,2632382,22413123,0.0587,17x(557:556)diag+rot
9470,44835715,0,5747745,22417857,0.1282,"AGL(1,3391)xF6079:C1013"
9471,44845185,0,869221,22422592,0.0194,"F2879+(2q+1=1319)+(8q+1=5273),q=659"
9472,44854656,0,10944181,22427328,0.2440,"AGL(1,4793)xF4679:C2339"
9473,44864128,1,44864128,44864128,1.0000,"AGL(1,9473) [exact]"
9474,44873601,0,8514001,22436800,0.1897,"AGL(1,5347)xF4127:C2063"
9475,44883075,0,2114843,22441537,0.0471,"F2203+(4q+1=2909)+(6q+1=4363),q=727"
9476,44892550,0,5381801,22446275,0.1199,"AGL(1,3793)xF5683:C947"
9477,44902026,0,1447489,22451013,0.0322,"AGL(1,4096)xF5381:C269"
9478,44911503,0,11000395,22455751,0.2449,"AGL(1,4691)xF4787:C2393"
9479,44920981,1,44920981,44920981,1.0000,"AGL(1,9479) [exact]"
9480,44930460,0,10944181,22465230,0.2436,"AGL(1,4801)xF4679:C2339"
9481,44939940,0,2360769,22469970,0.0525,19x(499:498)diag+rot
9482,44949421,0,4721501,22474710,0.1050,"AGL(1,4159)xF5323:C887"
9483,44958903,0,8386560,22479451,0.1865,"AGL(1,4096)xF5387:C2693"
9484,44968386,0,10335331,22484193,0.2298,"AGL(1,4937)xF4547:C2273"
9485,44977870,0,2114843,22488935,0.0470,"F2213+(4q+1=2909)+(6q+1=4363),q=727"
9486,44987355,0,11056753,22493677,0.2458,"AGL(1,4783)xF4703:C2351"
9487,44996841,0,952890,22498420,0.0212,"F1381+(2q+1=2027)+(6q+1=6079),q=1013"
9488,45006328,0,4868760,22503164,0.1082,"AGL(1,3121)xF6367:C1061"
9489,45015816,0,5000703,22507908,0.1111,3x(3163:3162)diag
9490,45025305,0,11056753,22512652,0.2456,"AGL(1,4703)xF4787:C2393"
9491,45034795,1,45034795,45034795,1.0000,"AGL(1,9491) [exact]"
9492,45044286,0,11056753,22522143,0.2455,"AGL(1,4789)xF4703:C2351"
9493,45053778,0,4091483,22526889,0.0908,11x(863:862)diag+rot
9494,45063271,0,5313827,22531635,0.1179,"AGL(1,3847)xF5647:C941"
9495,45072765,0,8386560,22536382,0.1861,"AGL(1,4096)xF5399:C2699"
9496,45082260,0,11056753,22541130,0.2453,"AGL(1,4793)xF4703:C2351"
9497,45091756,1,45091756,45091756,1.0000,"AGL(1,9497) [exact]"
9498,45101253,0,10335331,22550626,0.2292,"AGL(1,4951)xF4547:C2273"
9499,45110751,0,1442451,22555375,0.0320,"F1699+(6q+1=3343)+(8q+1=4457),q=557"
9500,45120250,0,5658017,22560125,0.1254,"AGL(1,3673)xF5827:C971"
9501,45129750,0,15040083,22564875,0.3333,3x(3167:3166)diag+rot
9502,45139251,0,22567250,22569625,0.4999,2x(4751:2375)diag+rot
9503,45148753,0,1159003,22574376,0.0257,"F3413+(2q+1=1523)+(6q+1=4567),q=761"
9504,45158256,0,11056753,22579128,0.2448,"AGL(1,4801)xF4703:C2351"
9505,45167760,0,1805950,22583880,0.0400,5x(1901:1900)diag
9506,45177265,0,5466471,22588632,0.1210,"AGL(1,3307)xF6199:C1033"
9507,45186771,0,5019696,22593385,0.1111,3x(3169:3168)diag
9508,45196278,0,11141560,22598139,0.2465,"AGL(1,4721)xF4787:C2393"
9509,45205786,0,2114843,22602893,0.0468,"F2237+(4q+1=2909)+(6q+1=4363),q=727"
9510,45215295,0,11151003,22607647,0.2466,"AGL(1,4723)xF4787:C2393"
9511,45224805,1,45224805,45224805,1.0000,"AGL(1,9511) [exact]"
9512,45234316,0,5891028,22617158,0.1302,"AGL(1,3433)xF6079:C1013"
9513,45243828,0,3667309,22621914,0.0811,"AGL(1,4096)xF5417:C677"
9514,45253341,0,10335331,22626670,0.2284,"AGL(1,4967)xF4547:C2273"
9515,45262855,0,2114843,22631427,0.0467,"F2243+(4q+1=2909)+(6q+1=4363),q=727"
9516,45272370,0,11179356,22636185,0.2469,"AGL(1,4729)xF4787:C2393"
9517,45281886,0,1456101,22640943,0.0322,31x(307:306)diag+rot
9518,45291403,0,22643322,22645701,0.4999,2x(4759:2379)diag+rot
9519,45300921,0,1159003,22650460,0.0256,"F1907+(2q+1=1523)+(8q+1=6089),q=761"
9520,45310440,0,11198278,22655220,0.2471,"AGL(1,4733)xF4787:C2393"
9521,45319960,1,45319960,45319960,1.0000,"AGL(1,9521) [exact]"
9522,45329481,0,11151003,22664740,0.2460,"AGL(1,4723)xF4799:C2399"
9523,45339003,0,2114843,22669501,0.0466,"F2251+(4q+1=2909)+(6q+1=4363),q=727"
9524,45348526,0,5658017,22674263,0.1248,"AGL(1,3697)xF5827:C971"
9525,45358050,0,1159003,22679025,0.0256,"F1913+(2q+1=1523)+(8q+1=6089),q=761"
9526,45367575,0,8563591,22683787,0.1888,"AGL(1,4139)xF5387:C2693"
9527,45377101,0,6478360,22688550,0.1428,7x(1361:1360)diag+rot
9528,45386628,0,11179356,22693314,0.2463,"AGL(1,4729)xF4799:C2399"
9529,45396156,0,3487614,22698078,0.0768,13x(733:732)diag+rot
9530,45405685,0,5546115,22702842,0.1221,"AGL(1,3331)xF6199:C1033"
9531,45415215,0,1034641,22707607,0.0228,"F1439+(2q+1=1619)+(8q+1=6473),q=809"
9532,45424746,0,11198278,22712373,0.2465,"AGL(1,4733)xF4799:C2399"
9533,45434278,1,45434278,45434278,1.0000,"AGL(1,9533) [exact]"
9534,45443811,0,11056753,22721905,0.2433,"AGL(1,4831)xF4703:C2351"
9535,45453345,0,9086855,22726672,0.1999,5x(1907:1906)diag+rot
9536,45462880,0,5973696,22731440,0.1314,"AGL(1,3457)xF6079:C1013"
9537,45472416,0,581051,22736208,0.0128,"F1823+(10q+1=2411)+(22q+1=5303),q=241"
9538,45481953,0,11283625,22740976,0.2481,"AGL(1,4751)xF4787:C2393"
9539,45491491,1,45491491,45491491,1.0000,"AGL(1,9539) [exact]"
9540,45501030,0,10944181,22750515,0.2405,"AGL(1,4861)xF4679:C2339"
9541,45510570,0,2114843,22755285,0.0465,"F2269+(4q+1=2909)+(6q+1=4363),q=727"
9542,45520111,0,5994453,22760055,0.1317,"AGL(1,3463)xF6079:C1013"
9543,45529653,0,5057790,22764826,0.1111,3x(3181:3180)diag
9544,45539196,0,9930196,22769598,0.2181,"AGL(1,4457)xF5087:C2543"
9545,45548740,0,2114843,22774370,0.0464,"F2273+(4q+1=2909)+(6q+1=4363),q=727"
9546,45558285,0,11321661,22779142,0.2485,"AGL(1,4759)xF4787:C2393"
9547,45567831,1,45567831,45567831,1.0000,"AGL(1,9547) [exact]"
9548,45577378,0,6015246,22788689,0.1320,"AGL(1,3469)xF6079:C1013"
9549,45586926,0,949163,22793463,0.0208,"F2729+(4q+1=1949)+(10q+1=4871),q=487"
9550,45596475,0,11283625,22798237,0.2475,"AGL(1,4751)xF4799:C2399"
9551,45606025,1,45606025,45606025,1.0000,"AGL(1,9551) [exact]"
9552,45615576,0,8621628,22807788,0.1890,"AGL(1,4153)xF5399:C2699"
9553,45625128,0,2114843,22812564,0.0464,"F2281+(4q+1=2909)+(6q+1=4363),q=727"
9554,45634681,0,5658017,22817340,0.1240,"AGL(1,3727)xF5827:C971"
9555,45644235,0,1043473,22822117,0.0229,"AGL(1,2048)xF7507:C139"
9556,45653790,0,10944181,22826895,0.2397,"AGL(1,4877)xF4679:C2339"
9557,45663346,0,2398807,22831673,0.0525,19x(503:502)diag+rot
9558,45672903,0,11321661,22836451,0.2479,"AGL(1,4759)xF4799:C2399"
9559,45682461,0,2114843,22841230,0.0463,"F2287+(4q+1=2909)+(6q+1=4363),q=727"
9560,45692020,0,6056940,22846010,0.1326,"AGL(1,3481)xF6079:C1013"
9561,45701580,0,5076891,22850790,0.1111,3x(3187:3186)diag
9562,45711141,0,10776403,22855570,0.2358,"AGL(1,4643)xF4919:C2459"
9563,45720703,0,1159003,22860351,0.0253,"F1951+(2q+1=1523)+(8q+1=6089),q=761"
9564,45730266,0,11056753,22865133,0.2418,"AGL(1,4861)xF4703:C2351"
9565,45739830,0,9144140,22869915,0.1999,5x(1913:1912)diag+rot
9566,45749395,0,22872306,22874697,0.4999,2x(4783:2391)diag+rot
9567,45758961,0,2992637,22879480,0.0654,"AGL(1,4096)xF5471:C547"
9568,45768528,0,10944181,22884264,0.2391,"AGL(1,4889)xF4679:C2339"
9569,45778096,0,6535627,22889048,0.1428,7x(1367:1366)diag+rot
9570,45787665,0,11436153,22893832,0.2498,"AGL(1,4783)xF4787:C2393"
9571,45797235,0,2689451,22898617,0.0587,17x(563:562)diag+rot
9572,45806806,0,5686878,22903403,0.1241,"AGL(1,3373)xF6199:C1033"
9573,45816378,0,15268935,22908189,0.3333,3x(3191:3190)diag+rot
9574,45825951,0,22910582,22912975,0.4999,2x(4787:2393)diag+rot
9575,45835525,0,1332293,22917762,0.0291,"F3803+(4q+1=2309)+(6q+1=3463),q=577"
9576,45845100,0,11455291,22922550,0.2499,"AGL(1,4789)xF4787:C2393"
9577,45854676,0,2096128,22927338,0.0457,"AGL(1,2048)xF7529:C941"
9578,45864253,0,11464866,22932126,0.2500,2x(4789:4788)diag
9579,45873831,0,8386560,22936915,0.1828,"AGL(1,4096)xF5483:C2741"
9580,45883410,0,11455291,22941705,0.2497,"AGL(1,4793)xF4787:C2393"
9581,45892990,0,2114843,22946495,0.0461,"F2309+(4q+1=2909)+(6q+1=4363),q=727"
9582,45902571,0,11436153,22951285,0.2491,"AGL(1,4783)xF4799:C2399"
9583,45912153,0,6554772,22956076,0.1428,7x(1369:1368)diag+rot
9584,45921736,0,5172936,22960868,0.1126,"AGL(1,3217)xF6367:C1061"
9585,45931320,0,1183309,22965660,0.0258,"AGL(1,2048)xF7537:C157"
9586,45940905,0,11484028,22970452,0.2500,2x(4793:4792)diag
9587,45950491,1,45950491,45950491,1.0000,"AGL(1,9587) [exact]"
9588,45960078,0,11464866,22980039,0.2495,"AGL(1,4789)xF4799:C2399"
9589,45969666,0,1599366,22984833,0.0348,"F1789+(6q+1=3343)+(8q+1=4457),q=557"
9590,45979255,0,6158027,22989627,0.1339,"AGL(1,3511)xF6079:C1013"
9591,45988845,0,1159003,22994422,0.0252,"F1979+(2q+1=1523)+(8q+1=6089),q=761"
9592,45998436,0,11484028,22999218,0.2497,"AGL(1,4793)xF4799:C2399"
9593,46008028,0,1332293,23004014,0.0290,"F3821+(4q+1=2309)+(6q+1=3463),q=577"
9594,46017621,0,10154271,23008810,0.2207,"AGL(1,4507)xF5087:C2543"
9595,46027215,0,2096128,23013607,0.0455,"AGL(1,2048)xF7547:C343"
9596,46036810,0,6158027,23018405,0.1338,"AGL(1,3517)xF6079:C1013"
9597,46046406,0,949163,23023203,0.0206,"F2777+(4q+1=1949)+(10q+1=4871),q=487"
9598,46056003,0,23025602,23028001,0.4999,2x(4799:2399)diag+rot
9599,46065601,0,1583835,23032800,0.0344,29x(331:330)diag+rot
9600,46075200,0,11512801,23037600,0.2499,"AGL(1,4801)xF4799:C2399"
9601,46084800,1,46084800,46084800,1.0000,"AGL(1,9601) [exact]"
9602,46094401,0,11522400,23047200,0.2500,2x(4801:4800)diag
9603,46104003,0,8386560,23052001,0.1819,"AGL(1,4096)xF5507:C2753"
9604,46113606,0,11455291,23056803,0.2484,"AGL(1,4817)xF4787:C2393"
9605,46123210,0,2114843,23061605,0.0459,"F2333+(4q+1=2909)+(6q+1=4363),q=727"
9606,46132815,0,11056753,23066407,0.2397,"AGL(1,4903)xF4703:C2351"
9607,46142421,0,3544983,23071210,0.0768,13x(739:738)diag+rot
9608,46152028,0,6158027,23076014,0.1334,"AGL(1,3529)xF6079:C1013"
9609,46161636,0,15384009,23080818,0.3333,3x(3203:3202)diag+rot
9610,46171245,0,11000395,23085622,0.2383,"AGL(1,4691)xF4919:C2459"
9611,46180855,0,3296573,23090427,0.0714,(1373:343)wr7
9612,46190466,0,11512801,23095233,0.2492,"AGL(1,4813)xF4799:C2399"
9613,46200078,1,46200078,46200078,1.0000,"AGL(1,9613) [exact]"
9614,46209691,0,5381801,23104845,0.1165,"AGL(1,3931)xF5683:C947"
9615,46219305,0,1159003,23109652,0.0251,"F2003+(2q+1=1523)+(8q+1=6089),q=761"
9616,46228920,0,11512801,23114460,0.2490,"AGL(1,4817)xF4799:C2399"
9617,46238536,0,1159003,23119268,0.0251,"F3527+(2q+1=1523)+(6q+1=4567),q=761"
9618,46248153,0,11455291,23124076,0.2477,"AGL(1,4831)xF4787:C2393"
9619,46257771,1,46257771,46257771,1.0000,"AGL(1,9619) [exact]"
9620,46267390,0,6158027,23133695,0.1331,"AGL(1,3541)xF6079:C1013"
9621,46277010,0,2096128,23138505,0.0453,"AGL(1,2048)xF7573:C631"
9622,46286631,0,11056753,23143315,0.2389,"AGL(1,4703)xF4919:C2459"
9623,46296253,1,46296253,46296253,1.0000,"AGL(1,9623) [exact]"
9624,46305876,0,10335331,23152938,0.2232,"AGL(1,5077)xF4547:C2273"
9625,46315500,0,2096128,23157750,0.0453,"AGL(1,2048)xF7577:C947"
9626,46325125,0,11580078,23162562,0.2500,2x(4813:4812)diag
9627,46334751,0,15441708,23167375,0.3333,3x(3209:3208)diag+rot
9628,46344378,0,10335331,23172189,0.2230,"AGL(1,5081)xF4547:C2273"
9629,46354006,1,46354006,46354006,1.0000,"AGL(1,9629) [exact]"
9630,46363635,0,11512801,23181817,0.2483,"AGL(1,4831)xF4799:C2399"
9631,46373265,1,46373265,46373265,1.0000,"AGL(1,9631) [exact]"
9632,46382896,0,5891028,23191448,0.1270,"AGL(1,3433)xF6199:C1033"
9633,46392528,0,869221,23196264,0.0187,"F3041+(2q+1=1319)+(8q+1=5273),q=659"
9634,46402161,0,11599336,23201080,0.2500,2x(4817:4816)diag
9635,46411795,0,1332293,23205897,0.0287,"F3863+(4q+1=2309)+(6q+1=3463),q=577"
9636,46421430,0,11056753,23210715,0.2382,"AGL(1,4933)xF4703:C2351"
9637,46431066,0,2056619,23215533,0.0443,"AGL(1,2048)xF7589:C271"
9638,46440703,0,6158027,23220351,0.1326,"AGL(1,3559)xF6079:C1013"
9639,46450341,0,1159003,23225170,0.0250,"F2027+(2q+1=1523)+(8q+1=6089),q=761"
9640,46459980,0,11141560,23229990,0.2398,"AGL(1,4721)xF4919:C2459"
9641,46469620,0,1286809,23234810,0.0277,"F1619+(8q+1=3209)+(12q+1=4813),q=401"
9642,46479261,0,11151003,23239630,0.2399,"AGL(1,4723)xF4919:C2459"
9643,46488903,1,46488903,46488903,1.0000,"AGL(1,9643) [exact]"
9644,46498546,0,5268751,23249273,0.1133,"AGL(1,4021)xF5623:C937"
9645,46508190,0,1205128,23254095,0.0259,"F1553+(2q+1=1619)+(8q+1=6473),q=809"
9646,46517835,0,11056753,23258917,0.2377,"AGL(1,4943)xF4703:C2351"
9647,46527481,0,4225386,23263740,0.0908,11x(877:876)diag+rot
9648,46537128,0,11455291,23268564,0.2462,"AGL(1,4861)xF4787:C2393"
9649,46546776,1,46546776,46546776,1.0000,"AGL(1,9649) [exact]"
9650,46556425,0,6158027,23278212,0.1323,"AGL(1,3571)xF6079:C1013"
9651,46566075,0,5172936,23283037,0.1111,3x(3217:3216)diag
9652,46575726,0,11198278,23287863,0.2404,"AGL(1,4733)xF4919:C2459"
9653,46585378,0,2572891,23292689,0.0552,"AGL(1,4096)xF5557:C463"
9654,46595031,0,11056753,23297515,0.2373,"AGL(1,4951)xF4703:C2351"
9655,46604685,0,2114843,23302342,0.0454,"F2383+(4q+1=2909)+(6q+1=4363),q=727"
9656,46614340,0,5973696,23307170,0.1282,"AGL(1,3457)xF6199:C1033"
9657,46623996,0,949163,23311998,0.0204,"F2837+(4q+1=1949)+(10q+1=4871),q=487"
9658,46633653,0,11455291,23316826,0.2456,"AGL(1,4871)xF4787:C2393"
9659,46643311,0,3583489,23321655,0.0768,13x(743:742)diag+rot
9660,46652970,0,11512801,23326485,0.2468,"AGL(1,4861)xF4799:C2399"
9661,46662630,1,46662630,46662630,1.0000,"AGL(1,9661) [exact]"
9662,46672291,0,23333730,23336145,0.4999,2x(4831:2415)diag+rot
9663,46681953,0,15557430,23340976,0.3333,3x(3221:3220)diag+rot
9664,46691616,0,11455291,23345808,0.2453,"AGL(1,4877)xF4787:C2393"
9665,46701280,0,9336390,23350640,0.1999,5x(1933:1932)diag+rot
9666,46710945,0,10944181,23355472,0.2343,"AGL(1,4987)xF4679:C2339"
9667,46720611,0,6670230,23360305,0.1428,7x(1381:1380)diag+rot
9668,46730278,0,6015246,23365139,0.1287,"AGL(1,3469)xF6199:C1033"
9669,46739946,0,1109027,23369973,0.0237,"AGL(1,4096)xF5573:C199"
9670,46749615,0,11512801,23374807,0.2463,"AGL(1,4871)xF4799:C2399"
9671,46759285,0,2456434,23379642,0.0525,19x(509:508)diag+rot
9672,46768956,0,11056753,23384478,0.2364,"AGL(1,4969)xF4703:C2351"
9673,46778628,0,2747132,23389314,0.0587,17x(569:568)diag+rot
9674,46788301,0,5658017,23394150,0.1209,"AGL(1,3847)xF5827:C971"
9675,46797975,0,1252153,23398987,0.0268,"F1583+(2q+1=1619)+(8q+1=6473),q=809"
9676,46807650,0,11512801,23403825,0.2460,"AGL(1,4877)xF4799:C2399"
9677,46817326,1,46817326,46817326,1.0000,"AGL(1,9677) [exact]"
9678,46827003,0,11321661,23413501,0.2418,"AGL(1,4759)xF4919:C2459"
9679,46836681,1,46836681,46836681,1.0000,"AGL(1,9679) [exact]"
9680,46846360,0,6056940,23423180,0.1293,"AGL(1,3481)xF6199:C1033"
9681,46856040,0,1159003,23428020,0.0247,"F2069+(2q+1=1523)+(8q+1=6089),q=761"
9682,46865721,0,10944181,23432860,0.2335,"AGL(1,5003)xF4679:C2339"
9683,46875403,0,2114843,23437701,0.0451,"F2411+(4q+1=2909)+(6q+1=4363),q=727"
9684,46885086,0,10563906,23442543,0.2253,"AGL(1,4597)xF5087:C2543"
9685,46894770,0,1286809,23447385,0.0274,"F1663+(8q+1=3209)+(12q+1=4813),q=401"
9686,46904455,0,6158027,23452227,0.1313,"AGL(1,3607)xF6079:C1013"
9687,46914141,0,5211606,23457070,0.1111,3x(3229:3228)diag
9688,46923828,0,11512801,23461914,0.2454,"AGL(1,4889)xF4799:C2399"
9689,46933516,1,46933516,46933516,1.0000,"AGL(1,9689) [exact]"
9690,46943205,0,11455291,23471602,0.2440,"AGL(1,4903)xF4787:C2393"
9691,46952895,0,2096128,23476447,0.0446,"AGL(1,2048)xF7643:C3821"
9692,46962586,0,6158027,23481293,0.1311,"AGL(1,3613)xF6079:C1013"
9693,46972278,0,1280800,23486139,0.0273,"F1601+(2q+1=1619)+(8q+1=6473),q=809"
9694,46981971,0,10335331,23490985,0.2200,"AGL(1,5147)xF4547:C2273"
9695,46991665,0,2114843,23495832,0.0450,"F2423+(4q+1=2909)+(6q+1=4363),q=727"
9696,47001360,0,11455291,23500680,0.2437,"AGL(1,4909)xF4787:C2393"
9697,47011056,1,47011056,47011056,1.0000,"AGL(1,9697) [exact]"
9698,47020753,0,6119751,23510376,0.1301,"AGL(1,3499)xF6199:C1033"
9699,47030451,0,1290421,23515225,0.0274,"F1607+(2q+1=1619)+(8q+1=6473),q=809"
9700,47040150,0,11455291,23520075,0.2435,"AGL(1,4913)xF4787:C2393"
9701,47049850,0,1805950,23524925,0.0384,"F1901+(6q+1=3343)+(8q+1=4457),q=557"
9702,47059551,0,11512801,23529775,0.2446,"AGL(1,4903)xF4799:C2399"
9703,47069253,0,1513668,23534626,0.0322,31x(313:312)diag+rot
9704,47078956,0,5658017,23539478,0.1202,"AGL(1,3877)xF5827:C971"
9705,47088660,0,1300078,23544330,0.0276,"F1613+(2q+1=1619)+(8q+1=6473),q=809"
9706,47098365,0,11455291,23549182,0.2432,"AGL(1,4787)xF4919:C2459"
9707,47108071,0,2766495,23554035,0.0587,17x(571:570)diag+rot
9708,47117778,0,11512801,23558889,0.2443,"AGL(1,4909)xF4799:C2399"
9709,47127486,0,2114843,23563743,0.0449,"F2437+(4q+1=2909)+(6q+1=4363),q=727"
9710,47137195,0,6161805,23568597,0.1307,"AGL(1,3511)xF6199:C1033"
9711,47146905,0,1309771,23573452,0.0278,"F1619+(2q+1=1619)+(8q+1=6473),q=809"
9712,47156616,0,11512801,23578308,0.2441,"AGL(1,4913)xF4799:C2399"
9713,47166328,0,4283433,23583164,0.0908,11x(883:882)diag+rot
9714,47176041,0,11056753,23588020,0.2344,"AGL(1,5011)xF4703:C2351"
9715,47185755,0,1332293,23592877,0.0282,"F3943+(4q+1=2309)+(6q+1=3463),q=577"
9716,47195470,0,6182886,23597735,0.1310,"AGL(1,3517)xF6199:C1033"
9717,47205186,0,949163,23602593,0.0201,"F2897+(4q+1=1949)+(10q+1=4871),q=487"
9718,47214903,0,11512801,23607451,0.2438,"AGL(1,4799)xF4919:C2459"
9719,47224621,1,47224621,47224621,1.0000,"AGL(1,9719) [exact]"
9720,47234340,0,11522400,23617170,0.2439,"AGL(1,4801)xF4919:C2459"
9721,47244060,1,47244060,47244060,1.0000,"AGL(1,9721) [exact]"
9722,47253781,0,11812230,23626890,0.2500,2x(4861:4860)diag
9723,47263503,0,1159003,23631751,0.0245,"F2111+(2q+1=1523)+(8q+1=6089),q=761"
9724,47273226,0,11455291,23636613,0.2423,"AGL(1,4937)xF4787:C2393"
9725,47282950,0,1309771,23641475,0.0277,"F1619+(2q+1=2027)+(6q+1=6079),q=1013"
9726,47292675,0,11056753,23646337,0.2338,"AGL(1,5023)xF4703:C2351"
9727,47302401,0,1313010,23651200,0.0278,"F1621+(2q+1=2027)+(6q+1=6079),q=1013"
9728,47312128,0,6225156,23656064,0.1316,"AGL(1,3529)xF6199:C1033"
9729,47321856,0,1966336,23660928,0.0416,"AGL(1,2048)xF7681:C512"
9730,47331585,0,11512801,23665792,0.2432,"AGL(1,4931)xF4799:C2399"
9731,47341315,0,2114843,23670657,0.0447,"F2459+(4q+1=2909)+(6q+1=4363),q=727"
9732,47351046,0,11580078,23675523,0.2446,"AGL(1,4813)xF4919:C2459"
9733,47360778,1,47360778,47360778,1.0000,"AGL(1,9733) [exact]"
9734,47370511,0,5658017,23685255,0.1194,"AGL(1,3907)xF5827:C971"
9735,47380245,0,8386560,23690122,0.1770,"AGL(1,4096)xF5639:C2819"
9736,47389980,0,11599336,23694990,0.2448,"AGL(1,4817)xF4919:C2459"
9737,47399716,0,949163,23699858,0.0200,"F2917+(4q+1=1949)+(10q+1=4871),q=487"
9738,47409453,0,11455291,23704726,0.2416,"AGL(1,4951)xF4787:C2393"
9739,47419191,1,47419191,47419191,1.0000,"AGL(1,9739) [exact]"
9740,47428930,0,6267570,23714465,0.1321,"AGL(1,3541)xF6199:C1033"
9741,47438670,0,1159003,23719335,0.0244,"F2129+(2q+1=1523)+(8q+1=6089),q=761"
9742,47448411,0,23721770,23724205,0.4999,2x(4871:2435)diag+rot
9743,47458153,1,47458153,47458153,1.0000,"AGL(1,9743) [exact]"
9744,47467896,0,11455291,23733948,0.2413,"AGL(1,4957)xF4787:C2393"
9745,47477640,0,9491630,23738820,0.1999,5x(1949:1948)diag+rot
9746,47487385,0,6288831,23743692,0.1324,"AGL(1,3547)xF6199:C1033"
9747,47497131,0,2096128,23748565,0.0441,"AGL(1,2048)xF7699:C1283"
9748,47506878,0,10804276,23753439,0.2274,"AGL(1,4649)xF5099:C2549"
9749,47516626,1,47516626,47516626,1.0000,"AGL(1,9749) [exact]"
9750,47526375,0,11666865,23763187,0.2455,"AGL(1,4831)xF4919:C2459"
9751,47536125,0,2096128,23768062,0.0441,"AGL(1,2048)xF7703:C3851"
9752,47545876,0,6158027,23772938,0.1295,"AGL(1,3673)xF6079:C1013"
9753,47555628,0,15848625,23777814,0.3333,3x(3251:3250)diag+rot
9754,47565381,0,11890126,23782690,0.2500,2x(4877:4876)diag
9755,47575135,0,1902225,23787567,0.0400,5x(1951:1950)diag
9756,47584890,0,11512801,23792445,0.2419,"AGL(1,4957)xF4799:C2399"
9757,47594646,0,4322351,23797323,0.0908,11x(887:886)diag+rot
9758,47604403,0,6331461,23802201,0.1330,"AGL(1,3559)xF6199:C1033"
9759,47614161,0,5289378,23807080,0.1111,3x(3253:3252)diag
9760,47623920,0,11455291,23811960,0.2405,"AGL(1,4973)xF4787:C2393"
9761,47633680,0,1332293,23816840,0.0280,"F3989+(4q+1=2309)+(6q+1=3463),q=577"
9762,47643441,0,11056753,23821720,0.2321,"AGL(1,5059)xF4703:C2351"
9763,47653203,0,3661125,23826601,0.0768,13x(751:750)diag+rot
9764,47662966,0,5172936,23831483,0.1085,"AGL(1,3217)xF6547:C1091"
9765,47672730,0,2096128,23836365,0.0440,"AGL(1,2048)xF7717:C643"
9766,47682495,0,11512801,23841247,0.2414,"AGL(1,4967)xF4799:C2399"
9767,47692261,1,47692261,47692261,1.0000,"AGL(1,9767) [exact]"
9768,47702028,0,11512801,23851014,0.2413,"AGL(1,4969)xF4799:C2399"
9769,47711796,1,47711796,47711796,1.0000,"AGL(1,9769) [exact]"
9770,47721565,0,6374235,23860782,0.1336,"AGL(1,3571)xF6199:C1033"
9771,47731335,0,15907188,23865667,0.3333,3x(3257:3256)diag+rot
9772,47741106,0,11512801,23870553,0.2412,"AGL(1,4973)xF4799:C2399"
9773,47750878,0,1862051,23875439,0.0390,"F1973+(6q+1=3343)+(8q+1=4457),q=557"
9774,47760651,0,11455291,23880325,0.2398,"AGL(1,4987)xF4787:C2393"
9775,47770425,0,2114843,23885212,0.0443,"F2503+(4q+1=2909)+(6q+1=4363),q=727"
9776,47780200,0,6158027,23890100,0.1289,"AGL(1,3697)xF6079:C1013"
9777,47789976,0,5308911,23894988,0.1111,3x(3259:3258)diag
9778,47799753,0,11948716,23899876,0.2500,2x(4889:4888)diag
9779,47809531,0,5381801,23904765,0.1126,"AGL(1,4096)xF5683:C947"
9780,47819310,0,11812230,23909655,0.2470,"AGL(1,4861)xF4919:C2459"
9781,47829090,1,47829090,47829090,1.0000,"AGL(1,9781) [exact]"
9782,47838871,0,6403567,23919435,0.1339,"AGL(1,3583)xF6199:C1033"
9783,47848653,0,949163,23924326,0.0198,"F2963+(4q+1=1949)+(10q+1=4871),q=487"
9784,47858436,0,11056753,23929218,0.2310,"AGL(1,5081)xF4703:C2351"
9785,47868220,0,1332293,23934110,0.0278,"F4013+(4q+1=2309)+(6q+1=3463),q=577"
9786,47878005,0,11512801,23939002,0.2405,"AGL(1,4987)xF4799:C2399"
9787,47887791,1,47887791,47887791,1.0000,"AGL(1,9787) [exact]"
9788,47897578,0,6158027,23948789,0.1286,"AGL(1,3709)xF6079:C1013"
9789,47907366,0,8101139,23953683,0.1691,"AGL(1,4096)xF5693:C1423"
9790,47917155,0,11860885,23958577,0.2475,"AGL(1,4871)xF4919:C2459"
9791,47926945,1,47926945,47926945,1.0000,"AGL(1,9791) [exact]"
9792,47936736,0,11512801,23968368,0.2402,"AGL(1,4993)xF4799:C2399"
9793,47946528,0,6845307,23973264,0.1428,7x(1399:1398)diag+rot
9794,47956321,0,5658017,23978160,0.1180,"AGL(1,3967)xF5827:C971"
9795,47966115,0,869221,23983057,0.0181,"F3203+(2q+1=1319)+(8q+1=5273),q=659"
9796,47975910,0,11890126,23987955,0.2478,"AGL(1,4877)xF4919:C2459"
9797,47985706,0,1862051,23992853,0.0388,"F1997+(6q+1=3343)+(8q+1=4457),q=557"
9798,47995503,0,11512801,23997751,0.2399,"AGL(1,4999)xF4799:C2399"
9799,48005301,0,1862051,24002650,0.0388,"F1999+(6q+1=3343)+(8q+1=4457),q=557"
9800,48015100,0,6158027,24007550,0.1283,"AGL(1,3721)xF6079:C1013"
9801,48024900,0,1309771,24012450,0.0273,"F1709+(2q+1=1619)+(8q+1=6473),q=809"
9802,48034701,0,11512801,24017350,0.2397,"AGL(1,5003)xF4799:C2399"
9803,48044503,1,48044503,48044503,1.0000,"AGL(1,9803) [exact]"
9804,48054306,0,11056753,24027153,0.2301,"AGL(1,5101)xF4703:C2351"
9805,48064110,0,2096128,24032055,0.0436,"AGL(1,2048)xF7757:C277"
9806,48073915,0,24034506,24036957,0.4999,2x(4903:2451)diag+rot
9807,48083721,0,3260981,24041860,0.0678,"AGL(1,4096)xF5711:C571"
9808,48093528,0,11948716,24046764,0.2484,"AGL(1,4889)xF4919:C2459"
9809,48103336,0,2824992,24051668,0.0587,17x(577:576)diag+rot
9810,48113145,0,11512801,24056572,0.2393,"AGL(1,5011)xF4799:C2399"
9811,48122955,1,48122955,48122955,1.0000,"AGL(1,9811) [exact]"
9812,48132766,0,6403567,24066383,0.1330,"AGL(1,3613)xF6199:C1033"
9813,48142578,0,8169593,24071289,0.1697,"AGL(1,4096)xF5717:C1429"
9814,48152391,0,9169903,24076195,0.1904,"AGL(1,5531)xF4283:C2141"
9815,48162205,0,2114843,24081102,0.0439,"F2543+(4q+1=2909)+(6q+1=4363),q=727"
9816,48172020,0,11179356,24086010,0.2321,"AGL(1,4729)xF5087:C2543"
9817,48181836,1,48181836,48181836,1.0000,"AGL(1,9817) [exact]"
9818,48191653,0,12046686,24095826,0.2500,2x(4909:4908)diag
9819,48201471,0,1159003,24100735,0.0240,"F2207+(2q+1=1523)+(8q+1=6089),q=761"
9820,48211290,0,11512801,24105645,0.2388,"AGL(1,5021)xF4799:C2399"
9821,48221110,0,2114843,24110555,0.0439,"F2549+(4q+1=2909)+(6q+1=4363),q=727"
9822,48230931,0,12017253,24115465,0.2492,"AGL(1,4903)xF4919:C2459"
9823,48240753,0,2114843,24120376,0.0438,"F2551+(4q+1=2909)+(6q+1=4363),q=727"
9824,48250576,0,5973696,24125288,0.1238,"AGL(1,3457)xF6367:C1061"
9825,48260400,0,1309771,24130200,0.0271,"F1733+(2q+1=1619)+(8q+1=6473),q=809"
9826,48270225,0,12066328,24135112,0.2500,2x(4913:4912)diag
9827,48280051,0,1862051,24140025,0.0386,"F2027+(6q+1=3343)+(8q+1=4457),q=557"
9828,48289878,0,12046686,24144939,0.2495,"AGL(1,4909)xF4919:C2459"
9829,48299706,1,48299706,48299706,1.0000,"AGL(1,9829) [exact]"
9830,48309535,0,6403567,24154767,0.1326,"AGL(1,3631)xF6199:C1033"
9831,48319365,0,949163,24159682,0.0196,"F3011+(4q+1=1949)+(10q+1=4871),q=487"
9832,48329196,0,12066328,24164598,0.2497,"AGL(1,4913)xF4919:C2459"
9833,48339028,1,48339028,48339028,1.0000,"AGL(1,9833) [exact]"
9834,48348861,0,9885681,24174430,0.2045,"AGL(1,4447)xF5387:C2693"
9835,48358695,0,848253,24179347,0.0175,"F1303+(4q+1=3413)+(6q+1=5119),q=853"
9836,48368530,0,6403567,24184265,0.1324,"AGL(1,3637)xF6199:C1033"
9837,48378366,0,734681,24189183,0.0152,"F2789+(10q+1=2711)+(16q+1=4337),q=271"
9838,48388203,0,24191642,24194101,0.4999,2x(4919:2459)diag+rot
9839,48398041,1,48398041,48398041,1.0000,"AGL(1,9839) [exact]"
9840,48407880,0,11512801,24203940,0.2378,"AGL(1,5041)xF4799:C2399"
9841,48417720,0,3719898,24208860,0.0768,13x(757:756)diag+rot
9842,48427561,0,6403567,24213780,0.1322,"AGL(1,3643)xF6199:C1033"
9843,48437403,0,949163,24218701,0.0196,"F3023+(4q+1=1949)+(10q+1=4871),q=487"
9844,48447246,0,10335331,24223623,0.2133,"AGL(1,5297)xF4547:C2273"
9845,48457090,0,2753771,24228545,0.0568,"AGL(1,4096)xF5749:C479"
9846,48466935,0,11455291,24233467,0.2364,"AGL(1,5059)xF4787:C2393"
9847,48476781,0,1514670,24238390,0.0312,"F1741+(2q+1=2027)+(6q+1=6079),q=1013"
9848,48486628,0,6158027,24243314,0.1270,"AGL(1,3769)xF6079:C1013"
9849,48496476,0,1159003,24248238,0.0239,"F2237+(2q+1=1523)+(8q+1=6089),q=761"
9850,48506325,0,12095821,24253162,0.2494,"AGL(1,4931)xF4919:C2459"
9851,48516175,1,48516175,48516175,1.0000,"AGL(1,9851) [exact]"
9852,48526026,0,12095821,24263013,0.2493,"AGL(1,4933)xF4919:C2459"
9853,48535878,0,1862051,24267939,0.0384,"F2053+(6q+1=3343)+(8q+1=4457),q=557"
9854,48545731,0,5658017,24272865,0.1166,"AGL(1,4027)xF5827:C971"
9855,48555585,0,1159003,24277792,0.0239,"F2243+(2q+1=1523)+(8q+1=6089),q=761"
9856,48565440,0,12095821,24282720,0.2491,"AGL(1,4937)xF4919:C2459"
9857,48575296,1,48575296,48575296,1.0000,"AGL(1,9857) [exact]"
9858,48585153,0,11512801,24292576,0.2370,"AGL(1,5059)xF4799:C2399"
9859,48595011,1,48595011,48595011,1.0000,"AGL(1,9859) [exact]"
9860,48604870,0,6056940,24302435,0.1246,"AGL(1,3481)xF6379:C1063"
9861,48614730,0,949163,24307365,0.0195,"F3041+(4q+1=1949)+(10q+1=4871),q=487"
9862,48624591,0,24309830,24312295,0.4999,2x(4931:2465)diag+rot
9863,48634453,0,6943552,24317226,0.1428,7x(1409:1408)diag+rot
9864,48644316,0,11455291,24322158,0.2355,"AGL(1,5077)xF4787:C2393"
9865,48654180,0,9726890,24327090,0.1999,5x(1973:1972)diag+rot
9866,48664045,0,12164778,24332022,0.2500,2x(4933:4932)diag
9867,48673911,0,734681,24336955,0.0151,"F2819+(10q+1=2711)+(16q+1=4337),q=271"
9868,48683778,0,11455291,24341889,0.2353,"AGL(1,5081)xF4787:C2393"
9869,48693646,0,1862051,24346823,0.0382,"F2069+(6q+1=3343)+(8q+1=4457),q=557"
9870,48703515,0,12095821,24351757,0.2484,"AGL(1,4951)xF4919:C2459"
9871,48713385,1,48713385,48713385,1.0000,"AGL(1,9871) [exact]"
9872,48723256,0,6403567,24361628,0.1314,"AGL(1,3673)xF6199:C1033"
9873,48733128,0,722801,24366564,0.0148,"F1543+(6q+1=2083)+(18q+1=6247),q=347"
9874,48743001,0,12184516,24371500,0.2500,2x(4937:4936)diag
9875,48752875,0,1309771,24376437,0.0269,"F1783+(2q+1=1619)+(8q+1=6473),q=809"
9876,48762750,0,12095821,24381375,0.2481,"AGL(1,4957)xF4919:C2459"
9877,48772626,0,881563,24386313,0.0181,"F2287+(12q+1=3253)+(16q+1=4337),q=271"
9878,48782503,0,6161805,24391251,0.1263,"AGL(1,3511)xF6367:C1061"
9879,48792381,0,1309771,24396190,0.0268,"F1787+(2q+1=1619)+(8q+1=6473),q=809"
9880,48802260,0,11512801,24401130,0.2359,"AGL(1,5081)xF4799:C2399"
9881,48812140,0,2114843,24406070,0.0433,"F2609+(4q+1=2909)+(6q+1=4363),q=727"
9882,48822021,0,11436153,24411010,0.2342,"AGL(1,4783)xF5099:C2549"
9883,48831903,1,48831903,48831903,1.0000,"AGL(1,9883) [exact]"
9884,48841786,0,6182886,24420893,0.1266,"AGL(1,3517)xF6367:C1061"
9885,48851670,0,1159003,24425835,0.0237,"F2273+(2q+1=1523)+(8q+1=6089),q=761"
9886,48861555,0,24428306,24430777,0.4999,2x(4943:2471)diag+rot
9887,48871441,1,48871441,48871441,1.0000,"AGL(1,9887) [exact]"
9888,48881328,0,12095821,24440664,0.2475,"AGL(1,4969)xF4919:C2459"
9889,48891216,0,2114843,24445608,0.0433,"F2617+(4q+1=2909)+(6q+1=4363),q=727"
9890,48901105,0,6403567,24450552,0.1309,"AGL(1,3691)xF6199:C1033"
9891,48910995,0,947813,24455497,0.0194,"F1459+(12q+1=3373)+(18q+1=5059),q=281"
9892,48920886,0,12095821,24460443,0.2473,"AGL(1,4973)xF4919:C2459"
9893,48930778,0,3759340,24465389,0.0768,13x(761:760)diag+rot
9894,48940671,0,11455291,24470335,0.2341,"AGL(1,5107)xF4787:C2393"
9895,48950565,0,9786155,24475282,0.1999,5x(1979:1978)diag+rot
9896,48960460,0,6403567,24480230,0.1308,"AGL(1,3697)xF6199:C1033"
9897,48970356,0,16320153,24485178,0.3333,3x(3299:3298)diag+rot
9898,48980253,0,11512801,24490126,0.2350,"AGL(1,4799)xF5099:C2549"
9899,48990151,0,2573740,24495075,0.0525,19x(521:520)diag+rot
9900,49000050,0,11580078,24500025,0.2363,"AGL(1,4813)xF5087:C2543"
9901,49009950,1,49009950,49009950,1.0000,"AGL(1,9901) [exact]"
9902,49019851,0,24507450,24509925,0.4999,2x(4951:2475)diag+rot
9903,49029753,0,8386560,24514876,0.1711,"AGL(1,4096)xF5807:C2903"
9904,49039656,0,11599336,24519828,0.2365,"AGL(1,4817)xF5087:C2543"
9905,49049560,0,2114843,24524780,0.0431,"F2633+(4q+1=2909)+(6q+1=4363),q=727"
9906,49059465,0,12095821,24529732,0.2466,"AGL(1,4987)xF4919:C2459"
9907,49069371,1,49069371,49069371,1.0000,"AGL(1,9907) [exact]"
9908,49079278,0,6403567,24539639,0.1305,"AGL(1,3709)xF6199:C1033"
9909,49089186,0,8386560,24544593,0.1708,"AGL(1,4096)xF5813:C1453"
9910,49099095,0,10944181,24549547,0.2229,"AGL(1,5231)xF4679:C2339"
9911,49109005,0,1862051,24554502,0.0379,"F2111+(6q+1=3343)+(8q+1=4457),q=557"
9912,49118916,0,12095821,24559458,0.2463,"AGL(1,4993)xF4919:C2459"
9913,49128828,0,2131295,24564414,0.0434,23x(431:430)diag+rot
9914,49138741,0,12283446,24569370,0.2500,2x(4957:4956)diag
9915,49148655,0,1309771,24574327,0.0266,"F1823+(2q+1=1619)+(8q+1=6473),q=809"
9916,49158570,0,11599336,24579285,0.2360,"AGL(1,4817)xF5099:C2549"
9917,49168486,0,1638955,24584243,0.0333,"F1811+(2q+1=2027)+(6q+1=6079),q=1013"
9918,49178403,0,12095821,24589201,0.2460,"AGL(1,4999)xF4919:C2459"
9919,49188321,0,2114843,24594160,0.0430,"F2647+(4q+1=2909)+(6q+1=4363),q=727"
9920,49198240,0,6403567,24599120,0.1302,"AGL(1,3721)xF6199:C1033"
9921,49208160,0,5466471,24604080,0.1111,3x(3307:3306)diag
9922,49218081,0,12095821,24609040,0.2458,"AGL(1,5003)xF4919:C2459"
9923,49228003,1,49228003,49228003,1.0000,"AGL(1,9923) [exact]"
9924,49237926,0,9859020,24618963,0.2002,"AGL(1,4441)xF5483:C2741"
9925,49247850,0,1409983,24623925,0.0286,"AGL(1,2048)xF7877:C179"
9926,49257775,0,6403567,24628887,0.1300,"AGL(1,3727)xF6199:C1033"
9927,49267701,0,795779,24633850,0.0162,"AGL(1,2048)xF7879:C101"
9928,49277628,0,12095821,24638814,0.2455,"AGL(1,5009)xF4919:C2459"
9929,49287556,1,49287556,49287556,1.0000,"AGL(1,9929) [exact]"
9930,49297485,0,12095821,24648742,0.2454,"AGL(1,5011)xF4919:C2459"
9931,49307415,1,49307415,49307415,1.0000,"AGL(1,9931) [exact]"
9932,49317346,0,6403567,24658673,0.1298,"AGL(1,3733)xF6199:C1033"
9933,49327278,0,698759,24663639,0.0142,"F1657+(18q+1=3547)+(24q+1=4729),q=197"
9934,49337211,0,24666122,24668605,0.4999,2x(4967:2483)diag+rot
9935,49347145,0,9865455,24673572,0.1999,5x(1987:1986)diag+rot
9936,49357080,0,11056753,24678540,0.2240,"AGL(1,5233)xF4703:C2351"
9937,49367016,0,2593557,24683508,0.0525,19x(523:522)diag+rot
9938,49376953,0,12342996,24688476,0.2500,2x(4969:4968)diag
9939,49386891,0,5486328,24693445,0.1111,3x(3313:3312)diag
9940,49396830,0,12095821,24698415,0.2449,"AGL(1,5021)xF4919:C2459"
9941,49406770,1,49406770,49406770,1.0000,"AGL(1,9941) [exact]"
9942,49416711,0,12095821,24708355,0.2448,"AGL(1,5023)xF4919:C2459"
9943,49426653,0,2114843,24713326,0.0428,"F2671+(4q+1=2909)+(6q+1=4363),q=727"
9944,49436596,0,5381801,24718298,0.1089,"AGL(1,4261)xF5683:C947"
9945,49446540,0,1159003,24723270,0.0234,"F2333+(2q+1=1523)+(8q+1=6089),q=761"
9946,49456485,0,12362878,24728242,0.2500,2x(4973:4972)diag
9947,49466431,0,1700937,24733215,0.0344,29x(343:342)diag+rot
9948,49476378,0,11812230,24738189,0.2387,"AGL(1,4861)xF5087:C2543"
9949,49486326,1,49486326,49486326,1.0000,"AGL(1,9949) [exact]"
9950,49496275,0,6417153,24748137,0.1296,"AGL(1,3583)xF6367:C1061"
9951,49506225,0,1159003,24753112,0.0234,"F2339+(2q+1=1523)+(8q+1=6089),q=761"
9952,49516176,0,11512801,24758088,0.2325,"AGL(1,5153)xF4799:C2399"
9953,49526128,0,1862051,24763064,0.0376,"F2153+(6q+1=3343)+(8q+1=4457),q=557"
9954,49536081,0,11455291,24768040,0.2313,"AGL(1,5167)xF4787:C2393"
9955,49546035,0,2114843,24773017,0.0427,"F2683+(4q+1=2909)+(6q+1=4363),q=727"
9956,49555990,0,6158027,24777995,0.1243,"AGL(1,3877)xF6079:C1013"
9957,49565946,0,5506221,24782973,0.1111,3x(3319:3318)diag
9958,49575903,0,12095821,24787951,0.2440,"AGL(1,5039)xF4919:C2459"
9959,49585861,0,2151144,24792930,0.0434,23x(433:432)diag+rot
9960,49595820,0,12095821,24797910,0.2439,"AGL(1,5041)xF4919:C2459"
9961,49605780,0,7082271,24802890,0.1428,7x(1423:1422)diag+rot
9962,49615741,0,6417153,24807870,0.1293,"AGL(1,3583)xF6379:C1063"
9963,49625703,0,2458273,24812851,0.0495,"AGL(1,4096)xF5867:C419"
9964,49635666,0,11890126,24817833,0.2395,"AGL(1,4877)xF5087:C2543"
9965,49645630,0,9925140,24822815,0.1999,5x(1993:1992)diag+rot
9966,49655595,0,11512801,24827797,0.2319,"AGL(1,5167)xF4799:C2399"
9967,49665561,1,49665561,49665561,1.0000,"AGL(1,9967) [exact]"
9968,49675528,0,6403567,24837764,0.1289,"AGL(1,3769)xF6199:C1033"
9969,49685496,0,16558509,24842748,0.3333,3x(3323:3322)diag+rot
9970,49695465,0,12095821,24847732,0.2434,"AGL(1,5051)xF4919:C2459"
9971,49705435,0,2114843,24852717,0.0425,"F2699+(4q+1=2909)+(6q+1=4363),q=727"
9972,49715406,0,10073316,24857703,0.2026,"AGL(1,4489)xF5483:C2741"
9973,49725378,1,49725378,49725378,1.0000,"AGL(1,9973) [exact]"
9974,49735351,0,24865182,24867675,0.4999,2x(4987:2493)diag+rot
9975,49745325,0,8386560,24872662,0.1686,"AGL(1,4096)xF5879:C2939"
9976,49755300,0,11948716,24877650,0.2401,"AGL(1,4889)xF5087:C2543"
9977,49765276,0,4519581,24882638,0.0908,11x(907:906)diag+rot
9978,49775253,0,12095821,24887626,0.2430,"AGL(1,5059)xF4919:C2459"
9979,49785231,0,2923847,24892615,0.0587,17x(587:586)diag+rot
9980,49795210,0,6525078,24897605,0.1310,"AGL(1,3613)xF6367:C1061"
9981,49805190,0,2096128,24902595,0.0421,"AGL(1,2048)xF7933:C661"
9982,49815171,0,11056753,24907585,0.2220,"AGL(1,5279)xF4703:C2351"
9983,49825153,0,2114843,24912576,0.0424,"F2711+(4q+1=2909)+(6q+1=4363),q=727"
9984,49835136,0,11455291,24917568,0.2299,"AGL(1,5197)xF4787:C2393"
9985,49845120,0,9965030,24922560,0.1999,5x(1997:1996)diag+rot
9986,49855105,0,12462528,24927552,0.2500,2x(4993:4992)diag
9987,49865091,0,16618368,24932545,0.3333,3x(3329:3328)diag+rot
9988,49875078,0,11948716,24937539,0.2396,"AGL(1,4889)xF5099:C2549"
9989,49885066,0,7122157,24942533,0.1428,7x(1427:1426)diag+rot
9990,49895055,0,12017253,24947527,0.2409,"AGL(1,4903)xF5087:C2543"
9991,49905045,0,2114843,24952522,0.0424,"F2719+(4q+1=2909)+(6q+1=4363),q=727"
9992,49915036,0,6525078,24957518,0.1307,"AGL(1,3613)xF6379:C1063"
9993,49925028,0,5546115,24962514,0.1111,3x(3331:3330)diag
9994,49935021,0,9169903,24967510,0.1836,"AGL(1,5711)xF4283:C2141"
9995,49945015,0,9985005,24972507,0.1999,5x(1999:1998)diag+rot
9996,49955010,0,12095821,24977505,0.2421,"AGL(1,5077)xF4919:C2459"
9997,49965006,0,3838848,24982503,0.0768,13x(769:768)diag+rot
9998,49975003,0,24985002,24987501,0.4999,2x(4999:2499)diag+rot
9999,49985001,0,1339981,24992500,0.0268,"AGL(1,4096)xF5903:C227"
10000,49995000,0,12095821,24997500,0.2419,"AGL(1,5081)xF4919:C2459"
