15:17:27  class 0 (e=0) pinned 0: UNSAT (0s)
15:18:18  class 0 (e=0) pinned 1: SAT (52s)
15:19:20  class 1 (e=25) pinned 0: SAT (62s)
15:19:20  class 1 (e=25) pinned 1: SAT (0s)
15:19:20  class 2 (e=20) pinned 0: SAT (0s)
15:20:24  class 2 (e=20) pinned 1: SAT (64s)
15:21:21  class 3 (e=45) pinned 0: SAT (57s)
15:21:21  class 3 (e=45) pinned 1: UNSAT (0s)
15:21:21  class 4 (e=10) pinned 0: SAT (0s)
15:22:21  class 4 (e=10) pinned 1: SAT (60s)
15:23:22  class 5 (e=35) pinned 0: SAT (60s)
15:23:22  class 5 (e=35) pinned 1: SAT (0s)
15:23:22  class 6 (e=10) pinned 0: SAT (0s)
15:24:21  class 6 (e=10) pinned 1: SAT (59s)
15:25:19  class 7 (e=35) pinned 0: SAT (58s)
15:26:33  class 7 (e=35) pinned 1: SAT (74s)
15:27:36  class 8 (e=36) pinned 0: SAT (63s)
15:27:36  class 8 (e=36) pinned 1: SAT (0s)
15:27:37  class 9 (e=9) pinned 0: SAT (0s)
15:28:31  class 9 (e=9) pinned 1: SAT (55s)
15:28:44  class 10 (e=18) pinned 0: SAT (13s)
15:28:55  class 10 (e=18) pinned 1: SAT (11s)
15:29:42  class 11 (e=27) pinned 0: SAT (48s)
15:29:45  class 11 (e=27) pinned 1: SAT (2s)
15:30:37  class 12 (e=27) pinned 0: SAT (52s)
15:30:43  class 12 (e=27) pinned 1: SAT (6s)
15:30:49  class 13 (e=9) pinned 0: SAT (6s)
15:31:41  class 13 (e=9) pinned 1: SAT (53s)
15:32:32  class 14 (e=36) pinned 0: SAT (51s)
15:32:43  class 14 (e=36) pinned 1: SAT (11s)
15:32:49  class 15 (e=18) pinned 0: SAT (6s)
15:33:41  class 15 (e=18) pinned 1: SAT (52s)
15:33:41  class 16 (e=9) pinned 0: SAT (0s)
15:34:32  class 16 (e=9) pinned 1: SAT (51s)
15:34:44  class 17 (e=18) pinned 0: SAT (12s)
15:34:56  class 17 (e=18) pinned 1: SAT (11s)
15:35:05  class 18 (e=18) pinned 0: SAT (9s)
15:35:27  class 18 (e=18) pinned 1: SAT (22s)
15:36:18  class 19 (e=27) pinned 0: SAT (51s)
15:36:52  class 19 (e=27) pinned 1: SAT (34s)
15:37:14  class 20 (e=18) pinned 0: SAT (22s)
15:37:45  class 20 (e=18) pinned 1: SAT (31s)
15:38:36  class 21 (e=27) pinned 0: SAT (51s)
15:38:40  class 21 (e=27) pinned 1: SAT (4s)
15:39:28  class 22 (e=27) pinned 0: SAT (48s)
15:39:34  class 22 (e=27) pinned 1: SAT (6s)
15:40:26  class 23 (e=36) pinned 0: SAT (53s)
15:40:27  class 23 (e=36) pinned 1: SAT (0s)
15:41:20  class 24 (e=40) pinned 0: SAT (54s)
15:41:20  class 24 (e=40) pinned 1: UNSAT (0s)
15:41:20  class 25 (e=5) pinned 0: UNSAT (0s)
15:42:18  class 25 (e=5) pinned 1: SAT (58s)
15:42:20  class 26 (e=20) pinned 0: SAT (2s)
15:44:27  class 26 (e=20) pinned 1: SAT (127s)
15:46:33  class 27 (e=25) pinned 0: SAT (126s)
15:46:35  class 27 (e=25) pinned 1: SAT (2s)
15:46:54  class 28 (e=20) pinned 0: SAT (20s)
15:46:59  class 28 (e=20) pinned 1: SAT (4s)
15:47:16  class 29 (e=25) pinned 0: SAT (18s)
15:47:24  class 29 (e=25) pinned 1: SAT (8s)
15:47:37  class 30 (e=30) pinned 0: SAT (13s)
15:47:37  class 30 (e=30) pinned 1: SAT (0s)
15:47:37  class 31 (e=15) pinned 0: SAT (0s)
15:47:50  class 31 (e=15) pinned 1: SAT (13s)
15:47:50  class 32 (e=5) pinned 0: SAT (0s)
15:48:45  class 32 (e=5) pinned 1: SAT (55s)
15:49:41  class 33 (e=30) pinned 0: SAT (56s)
15:49:42  class 33 (e=30) pinned 1: SAT (0s)
15:49:42  class 34 (e=15) pinned 0: SAT (0s)
15:50:38  class 34 (e=15) pinned 1: SAT (57s)
15:51:35  class 35 (e=40) pinned 0: SAT (56s)
15:51:35  class 35 (e=40) pinned 1: SAT (0s)
15:51:35  class 36 (e=10) pinned 0: UNSAT (0s)
15:52:39  class 36 (e=10) pinned 1: SAT (64s)
15:53:07  class 37 (e=20) pinned 0: SAT (28s)
15:53:07  class 37 (e=20) pinned 1: SAT (0s)
15:53:22  class 38 (e=30) pinned 0: SAT (14s)
15:53:24  class 38 (e=30) pinned 1: SAT (3s)
15:54:25  class 39 (e=30) pinned 0: SAT (61s)
15:54:25  class 39 (e=30) pinned 1: SAT (0s)
15:54:25  class 40 (e=15) pinned 0: SAT (0s)
15:56:17  class 40 (e=15) pinned 1: SAT (112s)
15:56:20  class 41 (e=15) pinned 0: SAT (3s)
15:56:23  class 41 (e=15) pinned 1: SAT (3s)
15:56:37  class 42 (e=25) pinned 0: SAT (15s)
15:57:05  class 42 (e=25) pinned 1: SAT (28s)
15:58:10  class 43 (e=35) pinned 0: SAT (64s)
15:58:10  class 43 (e=35) pinned 1: UNSAT (0s)
15:58:22  class 44 (e=20) pinned 0: SAT (13s)
15:59:07  class 44 (e=20) pinned 1: SAT (45s)
16:00:03  class 45 (e=30) pinned 0: SAT (57s)
16:07:28  class 45 (e=30) pinned 1: SAT (444s)
16:07:28  class 46 (e=5) pinned 0: UNSAT (0s)
16:08:25  class 46 (e=5) pinned 1: SAT (57s)
16:08:46  class 47 (e=15) pinned 0: SAT (21s)
16:09:21  class 47 (e=15) pinned 1: SAT (35s)
16:09:21  class 48 (e=6) pinned 0: UNSAT (0s)
16:10:18  class 48 (e=6) pinned 1: SAT (57s)
16:10:18  class 49 (e=16) pinned 0: SAT (0s)
16:11:15  class 49 (e=16) pinned 1: SAT (57s)
16:11:53  class 50 (e=26) pinned 0: SAT (38s)
16:12:13  class 50 (e=26) pinned 1: SAT (20s)
16:26:21  class 51 (e=11) pinned 0: CAP (848s)
16:27:20  class 51 (e=11) pinned 1: SAT (59s)
16:28:12  class 52 (e=21) pinned 0: SAT (52s)
16:28:21  class 52 (e=21) pinned 1: SAT (10s)
16:29:19  class 53 (e=31) pinned 0: SAT (58s)
16:30:02  class 53 (e=31) pinned 1: SAT (43s)
16:31:00  class 54 (e=41) pinned 0: SAT (57s)
16:31:00  class 54 (e=41) pinned 1: UNSAT (0s)
16:31:00  class 55 (e=4) pinned 0: UNSAT (0s)
16:31:59  class 55 (e=4) pinned 1: SAT (59s)
16:31:59  class 56 (e=14) pinned 0: SAT (0s)
16:33:04  class 56 (e=14) pinned 1: SAT (65s)
16:33:34  class 57 (e=24) pinned 0: SAT (31s)
16:34:03  class 57 (e=24) pinned 1: SAT (29s)
16:35:02  class 58 (e=34) pinned 0: SAT (59s)
16:48:32  class 58 (e=34) pinned 1: CAP (810s)
16:49:18  class 59 (e=19) pinned 0: SAT (46s)
16:49:35  class 59 (e=19) pinned 1: SAT (17s)
16:50:35  class 60 (e=29) pinned 0: SAT (60s)
17:04:00  class 60 (e=29) pinned 1: CAP (804s)
17:05:00  class 61 (e=39) pinned 0: SAT (60s)
17:05:00  class 61 (e=39) pinned 1: UNSAT (0s)
17:05:50  class 62 (e=30) pinned 0: SAT (50s)
17:05:58  class 62 (e=30) pinned 1: SAT (8s)
17:06:59  class 63 (e=40) pinned 0: SAT (61s)
17:06:59  class 63 (e=40) pinned 1: UNSAT (0s)
17:07:16  class 64 (e=15) pinned 0: SAT (17s)
17:07:56  class 64 (e=15) pinned 1: SAT (40s)
17:08:54  class 65 (e=25) pinned 0: SAT (58s)
17:08:56  class 65 (e=25) pinned 1: SAT (2s)
17:09:36  class 66 (e=25) pinned 0: SAT (40s)
17:09:53  class 66 (e=25) pinned 1: SAT (17s)
17:09:56  class 67 (e=10) pinned 0: SAT (3s)
17:10:53  class 67 (e=10) pinned 1: SAT (57s)
17:10:53  class 68 (e=11) pinned 0: SAT (0s)
17:11:58  class 68 (e=11) pinned 1: SAT (65s)
17:12:59  class 69 (e=31) pinned 0: SAT (61s)
17:20:22  class 69 (e=31) pinned 1: CAP (442s)
17:20:47  class 70 (e=16) pinned 0: SAT (25s)
17:21:27  class 70 (e=16) pinned 1: SAT (40s)
17:22:25  class 71 (e=36) pinned 0: SAT (59s)
17:22:25  class 71 (e=36) pinned 1: SAT (0s)
17:22:26  class 72 (e=9) pinned 0: SAT (0s)
17:23:23  class 72 (e=9) pinned 1: SAT (57s)
17:24:18  class 73 (e=29) pinned 0: SAT (55s)
17:24:19  class 73 (e=29) pinned 1: SAT (1s)
17:24:34  class 74 (e=14) pinned 0: SAT (15s)
17:25:17  class 74 (e=14) pinned 1: SAT (43s)
17:26:14  class 75 (e=34) pinned 0: SAT (58s)
17:42:41  class 75 (e=34) pinned 1: CAP (987s)
17:43:38  class 76 (e=35) pinned 0: SAT (57s)
17:43:45  class 76 (e=35) pinned 1: SAT (7s)
17:44:29  class 77 (e=20) pinned 0: SAT (44s)
17:44:43  class 77 (e=20) pinned 1: SAT (14s)
17:45:45  class 78 (e=21) pinned 0: SAT (62s)
17:45:50  class 78 (e=21) pinned 1: SAT (5s)
17:46:10  class 79 (e=21) pinned 0: SAT (20s)
17:46:55  class 79 (e=21) pinned 1: SAT (45s)
17:47:57  class 80 (e=42) pinned 0: SAT (62s)
17:47:57  class 80 (e=42) pinned 1: UNSAT (0s)
17:47:57  class 81 (e=3) pinned 0: UNSAT (0s)
17:49:03  class 81 (e=3) pinned 1: SAT (66s)
17:50:00  class 82 (e=24) pinned 0: SAT (57s)
17:50:07  class 82 (e=24) pinned 1: SAT (6s)
17:50:26  class 83 (e=24) pinned 0: SAT (20s)
17:51:09  class 83 (e=24) pinned 1: SAT (43s)
17:59:52  class 84 (e=12) pinned 0: CAP (523s)
18:00:40  class 84 (e=12) pinned 1: SAT (48s)
18:00:41  class 85 (e=3) pinned 0: UNSAT (0s)
18:01:37  class 85 (e=3) pinned 1: SAT (57s)
18:02:39  class 86 (e=36) pinned 0: SAT (61s)
18:22:17  class 86 (e=36) pinned 1: CAP (1178s)
18:22:53  class 87 (e=27) pinned 0: SAT (35s)
18:23:12  class 87 (e=27) pinned 1: SAT (19s)
18:23:47  class 88 (e=18) pinned 0: SAT (35s)
18:24:07  class 88 (e=18) pinned 1: SAT (20s)
18:37:50  class 89 (e=9) pinned 0: CAP (822s)
18:38:45  class 89 (e=9) pinned 1: SAT (56s)
18:39:41  class 90 (e=42) pinned 0: SAT (56s)
18:39:41  class 90 (e=42) pinned 1: UNSAT (0s)
18:40:35  class 91 (e=33) pinned 0: SAT (54s)
18:46:33  class 91 (e=33) pinned 1: CAP (357s)
18:46:33  class 92 (e=6) pinned 0: UNSAT (0s)
18:47:26  class 92 (e=6) pinned 1: SAT (54s)
18:47:26  class 93 (e=6) pinned 0: SAT (0s)
18:48:20  class 93 (e=6) pinned 1: SAT (53s)
18:49:22  class 94 (e=9) pinned 0: SAT (62s)
18:50:14  class 94 (e=9) pinned 1: SAT (53s)
18:50:15  class 95 (e=9) pinned 0: SAT (0s)
18:51:08  class 95 (e=9) pinned 1: SAT (53s)
18:52:01  class 96 (e=30) pinned 0: SAT (53s)
18:59:24  class 96 (e=30) pinned 1: CAP (444s)
19:00:18  class 97 (e=30) pinned 0: SAT (54s)
19:00:28  class 97 (e=30) pinned 1: SAT (10s)
19:01:21  class 98 (e=33) pinned 0: SAT (53s)
19:01:27  class 98 (e=33) pinned 1: SAT (6s)
19:02:20  class 99 (e=33) pinned 0: SAT (53s)
19:02:58  class 99 (e=33) pinned 1: SAT (38s)
19:03:01  class 100 (e=12) pinned 0: SAT (3s)
19:03:51  class 100 (e=12) pinned 1: SAT (51s)
19:03:53  class 101 (e=12) pinned 0: SAT (2s)
19:04:41  class 101 (e=12) pinned 1: SAT (48s)
19:04:45  class 102 (e=15) pinned 0: SAT (4s)
19:05:35  class 102 (e=15) pinned 1: SAT (50s)
19:05:38  class 103 (e=15) pinned 0: SAT (3s)
19:06:23  class 103 (e=15) pinned 1: SAT (45s)
19:07:16  class 104 (e=36) pinned 0: SAT (53s)
19:07:16  class 104 (e=36) pinned 1: SAT (0s)
19:08:09  class 105 (e=36) pinned 0: SAT (53s)
19:08:15  class 105 (e=36) pinned 1: SAT (6s)
19:09:07  class 106 (e=39) pinned 0: SAT (53s)
19:09:08  class 106 (e=39) pinned 1: SAT (0s)
19:10:01  class 107 (e=39) pinned 0: SAT (53s)
19:10:01  class 107 (e=39) pinned 1: UNSAT (0s)
19:10:01  class 108 (e=7) pinned 0: SAT (0s)
19:10:56  class 108 (e=7) pinned 1: SAT (56s)
19:11:18  class 109 (e=14) pinned 0: SAT (22s)
19:11:54  class 109 (e=14) pinned 1: SAT (36s)
19:12:47  class 110 (e=28) pinned 0: SAT (53s)
19:13:05  class 110 (e=28) pinned 1: SAT (18s)
19:14:01  class 111 (e=35) pinned 0: SAT (56s)
19:19:44  class 111 (e=35) pinned 1: CAP (343s)
19:19:44  class 112 (e=10) pinned 0: SAT (1s)
19:20:32  class 112 (e=10) pinned 1: SAT (48s)
19:20:39  class 113 (e=17) pinned 0: SAT (7s)
19:21:08  class 113 (e=17) pinned 1: SAT (28s)
19:22:00  class 114 (e=31) pinned 0: SAT (52s)
19:22:13  class 114 (e=31) pinned 1: SAT (13s)
19:23:08  class 115 (e=38) pinned 0: SAT (55s)
19:23:08  class 115 (e=38) pinned 1: SAT (0s)
19:30:15  class 116 (e=12) pinned 0: CAP (427s)
19:31:07  class 116 (e=12) pinned 1: SAT (52s)
19:31:27  class 117 (e=18) pinned 0: SAT (20s)
19:32:02  class 117 (e=18) pinned 1: SAT (35s)
19:32:02  class 118 (e=9) pinned 0: SAT (0s)
19:32:57  class 118 (e=9) pinned 1: SAT (55s)
19:33:04  class 119 (e=15) pinned 0: SAT (7s)
19:33:54  class 119 (e=15) pinned 1: SAT (50s)
19:34:02  class 120 (e=15) pinned 0: SAT (8s)
19:34:47  class 120 (e=15) pinned 1: SAT (46s)
19:35:29  class 121 (e=21) pinned 0: SAT (42s)
19:49:15  class 121 (e=21) pinned 1: CAP (826s)
19:49:57  class 122 (e=27) pinned 0: SAT (42s)
19:50:08  class 122 (e=27) pinned 1: SAT (11s)
19:51:07  class 123 (e=33) pinned 0: SAT (59s)
19:51:08  class 123 (e=33) pinned 1: SAT (1s)
19:51:56  class 124 (e=27) pinned 0: SAT (48s)
19:52:08  class 124 (e=27) pinned 1: SAT (12s)
19:52:11  class 125 (e=12) pinned 0: SAT (3s)
19:53:11  class 125 (e=12) pinned 1: SAT (60s)
19:53:37  class 126 (e=18) pinned 0: SAT (27s)
19:54:05  class 126 (e=18) pinned 1: SAT (28s)
19:55:02  class 127 (e=30) pinned 0: SAT (57s)
19:55:03  class 127 (e=30) pinned 1: SAT (1s)
19:55:37  class 128 (e=24) pinned 0: SAT (34s)
19:56:06  class 128 (e=24) pinned 1: SAT (29s)
19:57:00  class 129 (e=30) pinned 0: SAT (54s)
19:57:01  class 129 (e=30) pinned 1: SAT (1s)
19:57:55  class 130 (e=36) pinned 0: SAT (54s)
19:57:55  class 130 (e=36) pinned 1: SAT (0s)
19:58:20  class 131 (e=18) pinned 0: SAT (25s)
19:58:51  class 131 (e=18) pinned 1: SAT (31s)
19:59:41  class 132 (e=27) pinned 0: SAT (50s)
19:59:46  class 132 (e=27) pinned 1: SAT (5s)
20:00:39  class 133 (e=33) pinned 0: SAT (53s)
20:00:57  class 133 (e=33) pinned 1: SAT (17s)
20:01:06  class 134 (e=18) pinned 0: SAT (10s)
20:02:00  class 134 (e=18) pinned 1: SAT (54s)
20:02:56  class 135 (e=30) pinned 0: SAT (56s)
20:09:00  class 135 (e=30) pinned 1: CAP (364s)
20:09:34  class 136 (e=21) pinned 0: SAT (34s)
20:10:20  class 136 (e=21) pinned 1: SAT (46s)
20:11:16  class 137 (e=33) pinned 0: SAT (56s)
20:11:17  class 137 (e=33) pinned 1: SAT (1s)
20:11:17  class 138 (e=6) pinned 0: UNSAT (0s)
20:12:12  class 138 (e=6) pinned 1: SAT (55s)
20:13:01  class 139 (e=18) pinned 0: SAT (49s)
20:13:33  class 139 (e=18) pinned 1: SAT (32s)
20:13:33  class 140 (e=9) pinned 0: SAT (0s)
20:14:29  class 140 (e=9) pinned 1: SAT (56s)
20:14:54  class 141 (e=15) pinned 0: SAT (25s)
20:15:37  class 141 (e=15) pinned 1: SAT (43s)
20:15:38  class 142 (e=6) pinned 0: UNSAT (0s)
20:16:33  class 142 (e=6) pinned 1: SAT (55s)
20:17:16  class 143 (e=18) pinned 0: SAT (43s)
20:17:46  class 143 (e=18) pinned 1: SAT (30s)
20:18:01  class 144 (e=21) pinned 0: SAT (16s)
20:18:51  class 144 (e=21) pinned 1: SAT (50s)
20:19:49  class 145 (e=33) pinned 0: SAT (58s)
20:19:49  class 145 (e=33) pinned 1: SAT (0s)
20:20:44  class 146 (e=24) pinned 0: SAT (55s)
20:21:25  class 146 (e=24) pinned 1: SAT (41s)
20:21:26  class 147 (e=9) pinned 0: SAT (1s)
20:22:22  class 147 (e=9) pinned 1: SAT (56s)
20:23:10  class 148 (e=21) pinned 0: SAT (49s)
20:23:34  class 148 (e=21) pinned 1: SAT (24s)
20:31:56  class 149 (e=12) pinned 0: CAP (502s)
20:32:51  class 149 (e=12) pinned 1: SAT (55s)
20:33:37  class 150 (e=27) pinned 0: SAT (46s)
20:34:01  class 150 (e=27) pinned 1: SAT (24s)
20:34:58  class 151 (e=39) pinned 0: SAT (56s)
20:34:58  class 151 (e=39) pinned 1: UNSAT (0s)
20:35:50  class 152 (e=30) pinned 0: SAT (53s)
20:35:58  class 152 (e=30) pinned 1: SAT (8s)
20:36:55  class 153 (e=42) pinned 0: SAT (57s)
20:36:55  class 153 (e=42) pinned 1: UNSAT (0s)
20:36:55  class 154 (e=3) pinned 0: UNSAT (0s)
20:37:52  class 154 (e=3) pinned 1: SAT (57s)
20:38:20  class 155 (e=15) pinned 0: SAT (28s)
20:39:10  class 155 (e=15) pinned 1: SAT (49s)
20:39:10  class 156 (e=6) pinned 0: UNSAT (0s)
20:40:08  class 156 (e=6) pinned 1: SAT (58s)
20:40:58  class 157 (e=18) pinned 0: SAT (50s)
20:41:32  class 157 (e=18) pinned 1: SAT (33s)
20:42:29  class 158 (e=33) pinned 0: SAT (57s)
20:50:53  class 158 (e=33) pinned 1: CAP (504s)
20:51:45  class 159 (e=24) pinned 0: SAT (52s)
20:52:25  class 159 (e=24) pinned 1: SAT (39s)
20:53:20  class 160 (e=36) pinned 0: SAT (56s)
20:53:21  class 160 (e=36) pinned 1: SAT (1s)
20:54:13  class 161 (e=21) pinned 0: SAT (52s)
20:54:37  class 161 (e=21) pinned 1: SAT (24s)
20:54:37  class 162 (e=12) pinned 0: SAT (0s)
20:55:31  class 162 (e=12) pinned 1: SAT (54s)
20:56:26  class 163 (e=24) pinned 0: SAT (55s)
20:57:14  class 163 (e=24) pinned 1: SAT (48s)
20:58:02  class 164 (e=27) pinned 0: SAT (48s)
20:58:24  class 164 (e=27) pinned 1: SAT (21s)
20:59:19  class 165 (e=39) pinned 0: SAT (55s)
20:59:19  class 165 (e=39) pinned 1: UNSAT (0s)
21:00:12  class 166 (e=30) pinned 0: SAT (54s)
21:00:16  class 166 (e=30) pinned 1: SAT (3s)
21:01:10  class 167 (e=36) pinned 0: SAT (55s)
21:01:11  class 167 (e=36) pinned 1: SAT (0s)
21:02:04  class 168 (e=27) pinned 0: SAT (54s)
21:02:25  class 168 (e=27) pinned 1: SAT (21s)
21:03:23  class 169 (e=39) pinned 0: SAT (57s)
21:03:23  class 169 (e=39) pinned 1: UNSAT (0s)
21:03:24  class 170 (e=12) pinned 0: SAT (1s)
21:04:24  class 170 (e=12) pinned 1: SAT (60s)
21:05:16  class 171 (e=24) pinned 0: SAT (52s)
21:18:19  class 171 (e=24) pinned 1: CAP (782s)
21:19:12  class 172 (e=15) pinned 0: SAT (53s)
21:20:17  class 172 (e=15) pinned 1: SAT (65s)
21:21:17  class 173 (e=27) pinned 0: SAT (60s)
21:21:18  class 173 (e=27) pinned 1: SAT (1s)
21:22:13  class 174 (e=24) pinned 0: SAT (55s)
21:24:25  class 174 (e=24) pinned 1: SAT (132s)
21:24:47  class 175 (e=15) pinned 0: SAT (22s)
21:25:55  class 175 (e=15) pinned 1: SAT (68s)
21:25:59  class 176 (e=12) pinned 0: SAT (4s)
21:27:01  class 176 (e=12) pinned 1: SAT (63s)
21:27:03  class 177 (e=12) pinned 0: SAT (2s)
21:28:05  class 177 (e=12) pinned 1: SAT (62s)
21:29:13  class 178 (e=30) pinned 0: SAT (68s)
21:29:19  class 178 (e=30) pinned 1: SAT (6s)
21:30:24  class 179 (e=27) pinned 0: SAT (65s)
21:30:54  class 179 (e=27) pinned 1: SAT (30s)
21:31:39  class 180 (e=18) pinned 0: SAT (45s)
21:32:23  class 180 (e=18) pinned 1: SAT (44s)
21:32:26  class 181 (e=15) pinned 0: SAT (2s)
21:33:26  class 181 (e=15) pinned 1: SAT (60s)
21:34:29  class 182 (e=36) pinned 0: SAT (63s)
21:34:30  class 182 (e=36) pinned 1: SAT (0s)
21:35:35  class 183 (e=33) pinned 0: SAT (65s)
21:35:35  class 183 (e=33) pinned 1: SAT (0s)
21:35:37  class 184 (e=12) pinned 0: SAT (2s)
21:36:36  class 184 (e=12) pinned 1: SAT (59s)
21:36:37  class 185 (e=9) pinned 0: SAT (0s)
21:37:41  class 185 (e=9) pinned 1: SAT (65s)
21:38:44  class 186 (e=30) pinned 0: SAT (63s)
21:38:51  class 186 (e=30) pinned 1: SAT (7s)
21:39:41  class 187 (e=27) pinned 0: SAT (50s)
21:39:59  class 187 (e=27) pinned 1: SAT (18s)
21:40:45  class 188 (e=18) pinned 0: SAT (46s)
21:41:39  class 188 (e=18) pinned 1: SAT (54s)
21:41:44  class 189 (e=15) pinned 0: SAT (5s)
21:42:46  class 189 (e=15) pinned 1: SAT (62s)
21:43:49  class 190 (e=33) pinned 0: SAT (63s)
21:43:50  class 190 (e=33) pinned 1: SAT (0s)
21:44:49  class 191 (e=33) pinned 0: SAT (59s)
21:44:53  class 191 (e=33) pinned 1: SAT (4s)
21:45:49  class 192 (e=30) pinned 0: SAT (56s)
21:51:29  class 192 (e=30) pinned 1: CAP (340s)
21:52:29  class 193 (e=21) pinned 0: SAT (61s)
21:53:10  class 193 (e=21) pinned 1: SAT (41s)
21:54:01  class 194 (e=24) pinned 0: SAT (51s)
21:55:06  class 194 (e=24) pinned 1: SAT (65s)
21:56:04  class 195 (e=27) pinned 0: SAT (58s)
21:57:16  class 195 (e=27) pinned 1: SAT (72s)
21:57:31  class 196 (e=12) pinned 0: SAT (15s)
21:58:31  class 196 (e=12) pinned 1: SAT (60s)
21:59:14  class 197 (e=15) pinned 0: SAT (42s)
22:00:12  class 197 (e=15) pinned 1: SAT (58s)
22:00:12  class 198 (e=9) pinned 0: SAT (0s)
22:01:10  class 198 (e=9) pinned 1: SAT (58s)
22:01:17  class 199 (e=12) pinned 0: SAT (7s)
22:02:12  class 199 (e=12) pinned 1: SAT (55s)
22:03:13  class 200 (e=27) pinned 0: SAT (61s)
22:04:19  class 200 (e=27) pinned 1: SAT (66s)
22:05:15  class 201 (e=30) pinned 0: SAT (56s)
22:12:36  class 201 (e=30) pinned 1: CAP (441s)
22:13:25  class 202 (e=15) pinned 0: SAT (49s)
22:14:19  class 202 (e=15) pinned 1: SAT (54s)
22:15:14  class 203 (e=18) pinned 0: SAT (55s)
22:16:01  class 203 (e=18) pinned 1: SAT (47s)
22:16:52  class 204 (e=33) pinned 0: SAT (50s)
22:28:55  class 204 (e=33) pinned 1: CAP (724s)
22:29:49  class 205 (e=36) pinned 0: SAT (54s)
22:29:49  class 205 (e=36) pinned 1: SAT (0s)
22:29:49  class 206 (e=9) pinned 0: SAT (0s)
22:30:37  class 206 (e=9) pinned 1: SAT (47s)
22:30:38  class 207 (e=12) pinned 0: SAT (1s)
22:31:37  class 207 (e=12) pinned 1: SAT (59s)
22:32:33  class 208 (e=27) pinned 0: SAT (56s)
22:33:40  class 208 (e=27) pinned 1: SAT (68s)
22:34:41  class 209 (e=30) pinned 0: SAT (61s)
22:35:33  class 209 (e=30) pinned 1: SAT (52s)
22:36:26  class 210 (e=15) pinned 0: SAT (53s)
22:37:28  class 210 (e=15) pinned 1: SAT (62s)
22:38:24  class 211 (e=18) pinned 0: SAT (56s)
22:39:06  class 211 (e=18) pinned 1: SAT (41s)
22:39:57  class 212 (e=33) pinned 0: SAT (51s)
22:51:07  class 212 (e=33) pinned 1: CAP (670s)
22:52:07  class 213 (e=36) pinned 0: SAT (60s)
22:52:07  class 213 (e=36) pinned 1: SAT (0s)
22:53:10  class 214 (e=30) pinned 0: SAT (64s)
22:54:05  class 214 (e=30) pinned 1: SAT (55s)
22:55:00  class 215 (e=33) pinned 0: SAT (55s)
22:55:16  class 215 (e=33) pinned 1: SAT (16s)
22:56:10  class 216 (e=18) pinned 0: SAT (54s)
22:56:55  class 216 (e=18) pinned 1: SAT (45s)
22:57:50  class 217 (e=21) pinned 0: SAT (55s)
22:58:19  class 217 (e=21) pinned 1: SAT (29s)
22:58:32  class 218 (e=15) pinned 0: SAT (13s)
22:59:23  class 218 (e=15) pinned 1: SAT (51s)
22:59:47  class 219 (e=21) pinned 0: SAT (24s)
23:00:40  class 219 (e=21) pinned 1: SAT (53s)
23:01:27  class 220 (e=24) pinned 0: SAT (47s)
23:02:01  class 220 (e=24) pinned 1: SAT (34s)
23:02:01  class 221 (e=6) pinned 0: UNSAT (0s)
23:02:58  class 221 (e=6) pinned 1: SAT (57s)
23:03:11  class 222 (e=15) pinned 0: SAT (13s)
23:04:03  class 222 (e=15) pinned 1: SAT (52s)
23:04:46  class 223 (e=18) pinned 0: SAT (43s)
23:05:17  class 223 (e=18) pinned 1: SAT (31s)
23:05:40  class 224 (e=21) pinned 0: SAT (23s)
23:08:07  class 224 (e=21) pinned 1: SAT (147s)
23:08:40  class 225 (e=24) pinned 0: SAT (33s)
23:09:17  class 225 (e=24) pinned 1: SAT (37s)
23:09:30  class 226 (e=15) pinned 0: SAT (13s)
23:10:18  class 226 (e=15) pinned 1: SAT (48s)
23:11:04  class 227 (e=24) pinned 0: SAT (46s)
23:11:48  class 227 (e=24) pinned 1: SAT (44s)
23:12:37  class 228 (e=27) pinned 0: SAT (49s)
23:12:45  class 228 (e=27) pinned 1: SAT (8s)
23:13:22  class 229 (e=24) pinned 0: SAT (37s)
23:14:39  class 229 (e=24) pinned 1: SAT (76s)
23:15:25  class 230 (e=27) pinned 0: SAT (46s)
23:15:59  class 230 (e=27) pinned 1: SAT (34s)
23:16:47  class 231 (e=33) pinned 0: SAT (49s)
23:16:50  class 231 (e=33) pinned 1: SAT (3s)
23:17:39  class 232 (e=36) pinned 0: SAT (49s)
23:17:40  class 232 (e=36) pinned 1: UNSAT (1s)
23:17:40  class 233 (e=9) pinned 0: UNSAT (0s)
23:18:34  class 233 (e=9) pinned 1: SAT (53s)
23:18:52  class 234 (e=15) pinned 0: SAT (18s)
23:19:40  class 234 (e=15) pinned 1: SAT (47s)
23:20:06  class 235 (e=18) pinned 0: SAT (26s)
23:20:49  class 235 (e=18) pinned 1: SAT (43s)
23:21:23  class 236 (e=24) pinned 0: SAT (35s)
23:21:58  class 236 (e=24) pinned 1: SAT (34s)
23:22:38  class 237 (e=27) pinned 0: SAT (41s)
23:22:55  class 237 (e=27) pinned 1: SAT (17s)
23:23:26  class 238 (e=18) pinned 0: SAT (31s)
23:24:05  class 238 (e=18) pinned 1: SAT (38s)
23:24:51  class 239 (e=21) pinned 0: SAT (46s)
23:25:05  class 239 (e=21) pinned 1: SAT (15s)
23:25:41  class 240 (e=18) pinned 0: SAT (36s)
23:26:16  class 240 (e=18) pinned 1: SAT (35s)
23:27:00  class 241 (e=21) pinned 0: SAT (45s)
23:32:59  class 241 (e=21) pinned 1: CAP (358s)
23:33:48  class 242 (e=27) pinned 0: SAT (49s)
23:34:07  class 242 (e=27) pinned 1: SAT (19s)
23:34:56  class 243 (e=30) pinned 0: SAT (48s)
23:34:59  class 243 (e=30) pinned 1: SAT (3s)
23:35:02  class 244 (e=12) pinned 0: SAT (3s)
23:35:50  class 244 (e=12) pinned 1: SAT (49s)
23:36:31  class 245 (e=18) pinned 0: SAT (41s)
23:37:14  class 245 (e=18) pinned 1: SAT (43s)
23:38:03  class 246 (e=21) pinned 0: SAT (49s)
23:38:31  class 246 (e=21) pinned 1: SAT (28s)
23:39:17  class 247 (e=27) pinned 0: SAT (46s)
23:39:33  class 247 (e=27) pinned 1: SAT (17s)
23:40:22  class 248 (e=30) pinned 0: SAT (49s)
23:40:24  class 248 (e=30) pinned 1: SAT (2s)
23:41:09  class 249 (e=21) pinned 0: SAT (45s)
23:41:29  class 249 (e=21) pinned 1: SAT (20s)
23:42:18  class 250 (e=24) pinned 0: SAT (48s)
23:42:22  class 250 (e=24) pinned 1: SAT (5s)
23:43:11  class 251 (e=30) pinned 0: SAT (48s)
23:44:38  class 251 (e=30) pinned 1: SAT (88s)
23:45:27  class 252 (e=39) pinned 0: SAT (49s)
23:45:28  class 252 (e=39) pinned 1: UNSAT (0s)
23:46:08  class 253 (e=21) pinned 0: SAT (41s)
23:46:28  class 253 (e=21) pinned 1: SAT (20s)
23:47:17  class 254 (e=24) pinned 0: SAT (48s)
23:58:55  class 254 (e=24) pinned 1: CAP (699s)
23:59:42  class 255 (e=30) pinned 0: SAT (46s)
23:59:44  class 255 (e=30) pinned 1: SAT (2s)
23:59:44  class 256 (e=4) pinned 0: UNSAT (0s)
00:00:32  class 256 (e=4) pinned 1: SAT (49s)
00:00:32  class 257 (e=2) pinned 0: UNSAT (0s)
00:01:22  class 257 (e=2) pinned 1: SAT (49s)
00:09:02  class 258 (e=16) pinned 0: CAP (461s)
00:09:47  class 258 (e=16) pinned 1: SAT (45s)
00:10:19  class 259 (e=20) pinned 0: SAT (32s)
00:10:59  class 259 (e=20) pinned 1: SAT (40s)
00:18:13  class 260 (e=18) pinned 0: CAP (434s)
00:18:58  class 260 (e=18) pinned 1: SAT (45s)
00:19:30  class 261 (e=22) pinned 0: SAT (32s)
00:20:00  class 261 (e=22) pinned 1: SAT (30s)
00:20:00  class 262 (e=8) pinned 0: SAT (0s)
00:20:48  class 262 (e=8) pinned 1: SAT (48s)
00:20:48  class 263 (e=6) pinned 0: SAT (0s)
00:21:37  class 263 (e=6) pinned 1: SAT (49s)
00:22:10  class 264 (e=24) pinned 0: SAT (33s)
00:22:46  class 264 (e=24) pinned 1: SAT (36s)
00:23:18  class 265 (e=22) pinned 0: SAT (32s)
00:23:56  class 265 (e=22) pinned 1: SAT (38s)
00:24:16  class 266 (e=8) pinned 0: SAT (19s)
00:25:04  class 266 (e=8) pinned 1: SAT (49s)
00:31:15  class 267 (e=10) pinned 0: CAP (370s)
00:32:01  class 267 (e=10) pinned 1: SAT (47s)
00:32:11  class 268 (e=14) pinned 0: SAT (10s)
00:32:51  class 268 (e=14) pinned 1: SAT (40s)
00:33:32  class 269 (e=28) pinned 0: SAT (41s)
00:33:52  class 269 (e=28) pinned 1: SAT (19s)
00:34:33  class 270 (e=26) pinned 0: SAT (42s)
00:34:55  class 270 (e=26) pinned 1: SAT (22s)
00:34:55  class 271 (e=8) pinned 0: UNSAT (0s)
00:35:44  class 271 (e=8) pinned 1: SAT (49s)
00:35:44  class 272 (e=6) pinned 0: UNSAT (0s)
00:36:33  class 272 (e=6) pinned 1: SAT (49s)
00:36:33  class 273 (e=10) pinned 0: SAT (0s)
00:37:29  class 273 (e=10) pinned 1: SAT (55s)
00:38:19  class 274 (e=24) pinned 0: SAT (51s)
00:38:46  class 274 (e=24) pinned 1: SAT (27s)
00:38:59  class 275 (e=22) pinned 0: SAT (12s)
00:39:25  class 275 (e=22) pinned 1: SAT (27s)
00:40:16  class 276 (e=26) pinned 0: SAT (51s)
00:55:53  class 1011 (e=13) pinned 0: CAP (495s)
00:57:13  NOTE: probing ALL 1242 classes (no --classes/--auto). This is the full backbone sweep; at ~1 min/probe expect ~41 hours, checkpointed.
00:57:13  targets (1242): 0(e=0), 1(e=25), 2(e=20), 3(e=45), 4(e=10), 5(e=35), 6(e=10), 7(e=35), 8(e=36), 9(e=9), 10(e=18), 11(e=27), 12(e=27), 13(e=9), 14(e=36), 15(e=18), 16(e=9), 17(e=18), 18(e=18), 19(e=27), 20(e=18), 21(e=27), 22(e=27), 23(e=36), 24(e=40) ...
00:57:13  probing class 276 (e=26) pinned 1 ...
00:57:43    ... class 276 pinned 1: 248305 nodes (8277/s, cap 20000000)
00:58:13    ... class 276 pinned 1: 559210 nodes (9320/s, cap 20000000)
00:58:43    ... class 276 pinned 1: 952571 nodes (10584/s, cap 20000000)
00:59:13    ... class 276 pinned 1: 1253446 nodes (10445/s, cap 20000000)
00:59:43    ... class 276 pinned 1: 1615153 nodes (10768/s, cap 20000000)
01:00:13    ... class 276 pinned 1: 1930530 nodes (10725/s, cap 20000000)
01:00:43    ... class 276 pinned 1: 2239172 nodes (10663/s, cap 20000000)
01:01:13    ... class 276 pinned 1: 2609553 nodes (10873/s, cap 20000000)
01:01:43    ... class 276 pinned 1: 2909521 nodes (10776/s, cap 20000000)
01:02:13    ... class 276 pinned 1: 3284994 nodes (10950/s, cap 20000000)
01:02:43    ... class 276 pinned 1: 3562860 nodes (10796/s, cap 20000000)
01:02:53  class 276 (e=26) pinned 1: SAT (340s)
01:02:53  probing class 277 (e=8) pinned 0 ...
01:02:53  class 277 (e=8) pinned 0: UNSAT (0s)
01:02:53  probing class 277 (e=8) pinned 1 ...
01:03:23    ... class 277 pinned 1: 192268 nodes (6409/s, cap 20000000)
01:03:48  class 277 (e=8) pinned 1: SAT (55s)
01:03:48  probing class 278 (e=12) pinned 0 ...
01:03:48  class 278 (e=12) pinned 0: SAT (0s)
01:03:48  probing class 278 (e=12) pinned 1 ...
01:04:18    ... class 278 pinned 1: 192637 nodes (6421/s, cap 20000000)
01:04:40  class 278 (e=12) pinned 1: SAT (52s)
01:04:40  probing class 279 (e=10) pinned 0 ...
01:04:40  class 279 (e=10) pinned 0: SAT (0s)
01:04:40  probing class 279 (e=10) pinned 1 ...
01:09:20  NOTE: probing ALL 1242 classes (no --classes/--auto). This is the full backbone sweep; at ~1 min/probe expect ~41 hours, checkpointed.
01:09:20  targets (1242): 0(e=0), 1(e=25), 2(e=20), 3(e=45), 4(e=10), 5(e=35), 6(e=10), 7(e=35), 8(e=36), 9(e=9), 10(e=18), 11(e=27), 12(e=27), 13(e=9), 14(e=36), 15(e=18), 16(e=9), 17(e=18), 18(e=18), 19(e=27), 20(e=18), 21(e=27), 22(e=27), 23(e=36), 24(e=40) ...
01:09:20  probing class 279 (e=10) pinned 1 ...
01:09:50    ... class 279 pinned 1: 195706 nodes (6522/s, cap 20000000)
01:10:12  class 279 (e=10) pinned 1: SAT (52s)
01:10:12  probing class 280 (e=14) pinned 0 ...
01:10:12  class 280 (e=14) pinned 0: SAT (0s)
01:10:12  probing class 280 (e=14) pinned 1 ...
01:10:42    ... class 280 pinned 1: 199705 nodes (6657/s, cap 20000000)
01:11:03  class 280 (e=14) pinned 1: SAT (51s)
01:11:03  probing class 281 (e=24) pinned 0 ...
01:11:33    ... class 281 pinned 0: 204856 nodes (6829/s, cap 20000000)
01:11:50  class 281 (e=24) pinned 0: SAT (47s)
01:11:50  probing class 281 (e=24) pinned 1 ...
01:12:20    ... class 281 pinned 1: 212984 nodes (7099/s, cap 20000000)
01:12:50    ... class 281 pinned 1: 548087 nodes (9135/s, cap 20000000)
01:13:20    ... class 281 pinned 1: 960402 nodes (10671/s, cap 20000000)
01:13:50    ... class 281 pinned 1: 1385114 nodes (11542/s, cap 20000000)
01:14:20    ... class 281 pinned 1: 1772865 nodes (11819/s, cap 20000000)
01:14:50    ... class 281 pinned 1: 2151768 nodes (11954/s, cap 20000000)
01:15:20    ... class 281 pinned 1: 2598207 nodes (12372/s, cap 20000000)
01:15:50    ... class 281 pinned 1: 3024369 nodes (12601/s, cap 20000000)
01:16:20    ... class 281 pinned 1: 3468716 nodes (12847/s, cap 20000000)
01:16:50    ... class 281 pinned 1: 3912826 nodes (13042/s, cap 20000000)
01:17:20    ... class 281 pinned 1: 4331963 nodes (13127/s, cap 20000000)
01:17:50    ... class 281 pinned 1: 4776491 nodes (13268/s, cap 20000000)
01:18:20    ... class 281 pinned 1: 5217769 nodes (13378/s, cap 20000000)
01:18:50    ... class 281 pinned 1: 5638741 nodes (13425/s, cap 20000000)
01:19:20    ... class 281 pinned 1: 6088464 nodes (13530/s, cap 20000000)
01:19:50    ... class 281 pinned 1: 6534872 nodes (13614/s, cap 20000000)
01:20:20    ... class 281 pinned 1: 6960153 nodes (13647/s, cap 20000000)
01:20:50    ... class 281 pinned 1: 7368019 nodes (13644/s, cap 20000000)
01:21:20    ... class 281 pinned 1: 7798382 nodes (13681/s, cap 20000000)
01:21:50    ... class 281 pinned 1: 8223490 nodes (13705/s, cap 20000000)
01:22:20    ... class 281 pinned 1: 8644491 nodes (13721/s, cap 20000000)
01:22:50    ... class 281 pinned 1: 9082976 nodes (13762/s, cap 20000000)
01:23:20    ... class 281 pinned 1: 9497380 nodes (13764/s, cap 20000000)
01:23:50    ... class 281 pinned 1: 9916971 nodes (13773/s, cap 20000000)
01:24:20    ... class 281 pinned 1: 10325881 nodes (13767/s, cap 20000000)
01:24:50    ... class 281 pinned 1: 10731419 nodes (13758/s, cap 20000000)
01:25:20    ... class 281 pinned 1: 11166879 nodes (13786/s, cap 20000000)
01:25:50    ... class 281 pinned 1: 11585830 nodes (13792/s, cap 20000000)
01:26:20    ... class 281 pinned 1: 12008775 nodes (13803/s, cap 20000000)
01:26:50    ... class 281 pinned 1: 12414750 nodes (13794/s, cap 20000000)
01:27:20    ... class 281 pinned 1: 12799476 nodes (13763/s, cap 20000000)
01:27:50    ... class 281 pinned 1: 13188512 nodes (13738/s, cap 20000000)
01:28:20    ... class 281 pinned 1: 13617698 nodes (13755/s, cap 20000000)
01:28:50    ... class 281 pinned 1: 14047348 nodes (13772/s, cap 20000000)
01:29:20    ... class 281 pinned 1: 14495443 nodes (13805/s, cap 20000000)
01:29:50    ... class 281 pinned 1: 14923874 nodes (13818/s, cap 20000000)
01:30:20    ... class 281 pinned 1: 15349425 nodes (13828/s, cap 20000000)
01:30:50    ... class 281 pinned 1: 15782415 nodes (13844/s, cap 20000000)
01:31:20    ... class 281 pinned 1: 16203497 nodes (13849/s, cap 20000000)
01:31:33  class 281 (e=24) pinned 1: SAT (1183s)
01:31:33  probing class 282 (e=28) pinned 0 ...
01:32:03    ... class 282 pinned 0: 187910 nodes (6264/s, cap 20000000)
01:32:25  class 282 (e=28) pinned 0: SAT (52s)
01:32:25  probing class 282 (e=28) pinned 1 ...
01:32:55    ... class 282 pinned 1: 232927 nodes (7764/s, cap 20000000)
01:33:25    ... class 282 pinned 1: 445970 nodes (7433/s, cap 20000000)
01:33:55    ... class 282 pinned 1: 720980 nodes (8010/s, cap 20000000)
01:34:25    ... class 282 pinned 1: 1243396 nodes (10361/s, cap 20000000)
01:34:55    ... class 282 pinned 1: 1660913 nodes (11072/s, cap 20000000)
01:35:25    ... class 282 pinned 1: 2113459 nodes (11741/s, cap 20000000)
01:35:55    ... class 282 pinned 1: 2565792 nodes (12218/s, cap 20000000)
01:36:25    ... class 282 pinned 1: 3143516 nodes (13098/s, cap 20000000)
01:36:55    ... class 282 pinned 1: 3725824 nodes (13799/s, cap 20000000)
01:37:25    ... class 282 pinned 1: 4312436 nodes (14375/s, cap 20000000)
01:37:55    ... class 282 pinned 1: 4840330 nodes (14667/s, cap 20000000)
01:38:25    ... class 282 pinned 1: 5157490 nodes (14326/s, cap 20000000)
01:38:55    ... class 282 pinned 1: 5593638 nodes (14342/s, cap 20000000)
01:39:25    ... class 282 pinned 1: 6118136 nodes (14567/s, cap 20000000)
01:39:55    ... class 282 pinned 1: 6698727 nodes (14886/s, cap 20000000)
01:40:25    ... class 282 pinned 1: 7293338 nodes (15194/s, cap 20000000)
01:40:55    ... class 282 pinned 1: 7882622 nodes (15456/s, cap 20000000)
01:41:25    ... class 282 pinned 1: 8437065 nodes (15624/s, cap 20000000)
01:41:55    ... class 282 pinned 1: 8899025 nodes (15612/s, cap 20000000)
01:42:25    ... class 282 pinned 1: 9479577 nodes (15799/s, cap 20000000)
01:42:55    ... class 282 pinned 1: 10079446 nodes (15999/s, cap 20000000)
01:43:25    ... class 282 pinned 1: 10677561 nodes (16178/s, cap 20000000)
01:43:55    ... class 282 pinned 1: 11276050 nodes (16342/s, cap 20000000)
01:44:25    ... class 282 pinned 1: 11873039 nodes (16490/s, cap 20000000)
01:44:55    ... class 282 pinned 1: 12461640 nodes (16615/s, cap 20000000)
01:45:25    ... class 282 pinned 1: 12813523 nodes (16427/s, cap 20000000)
01:45:55    ... class 282 pinned 1: 13190480 nodes (16284/s, cap 20000000)
01:46:25    ... class 282 pinned 1: 13643444 nodes (16242/s, cap 20000000)
01:46:55    ... class 282 pinned 1: 14214366 nodes (16338/s, cap 20000000)
01:47:25    ... class 282 pinned 1: 14724904 nodes (16361/s, cap 20000000)
01:47:55    ... class 282 pinned 1: 15289714 nodes (16440/s, cap 20000000)
01:48:25    ... class 282 pinned 1: 15859560 nodes (16520/s, cap 20000000)
01:48:55    ... class 282 pinned 1: 16432325 nodes (16598/s, cap 20000000)
01:49:25    ... class 282 pinned 1: 16993254 nodes (16660/s, cap 20000000)
01:49:55    ... class 282 pinned 1: 17549205 nodes (16713/s, cap 20000000)
01:50:25    ... class 282 pinned 1: 18107612 nodes (16766/s, cap 20000000)
01:50:55    ... class 282 pinned 1: 18614957 nodes (16770/s, cap 20000000)
01:51:25    ... class 282 pinned 1: 19005771 nodes (16671/s, cap 20000000)
01:51:55    ... class 282 pinned 1: 19486173 nodes (16654/s, cap 20000000)
01:52:25    ... class 282 pinned 1: 19846679 nodes (16538/s, cap 20000000)
01:52:38  class 282 (e=28) pinned 1: CAP (1213s)
01:52:38  probing class 283 (e=26) pinned 0 ...
01:53:08    ... class 283 pinned 0: 192970 nodes (6432/s, cap 20000000)
01:53:31  class 283 (e=26) pinned 0: SAT (53s)
01:53:31  probing class 283 (e=26) pinned 1 ...
01:54:01    ... class 283 pinned 1: 224390 nodes (7480/s, cap 20000000)
01:54:31    ... class 283 pinned 1: 432199 nodes (7203/s, cap 20000000)
01:54:37  class 283 (e=26) pinned 1: SAT (67s)
01:54:37  probing class 284 (e=30) pinned 0 ...
01:55:07    ... class 284 pinned 0: 192121 nodes (6404/s, cap 20000000)
01:55:30  class 284 (e=30) pinned 0: SAT (53s)
01:55:30  probing class 284 (e=30) pinned 1 ...
01:56:00    ... class 284 pinned 1: 213283 nodes (7109/s, cap 20000000)
01:56:30    ... class 284 pinned 1: 462469 nodes (7708/s, cap 20000000)
01:57:00    ... class 284 pinned 1: 880131 nodes (9779/s, cap 20000000)
01:57:30    ... class 284 pinned 1: 1302931 nodes (10858/s, cap 20000000)
01:58:00    ... class 284 pinned 1: 1735213 nodes (11568/s, cap 20000000)
01:58:30    ... class 284 pinned 1: 2153665 nodes (11965/s, cap 20000000)
01:59:00    ... class 284 pinned 1: 2569534 nodes (12236/s, cap 20000000)
01:59:30    ... class 284 pinned 1: 2983589 nodes (12432/s, cap 20000000)
02:00:00    ... class 284 pinned 1: 3396676 nodes (12580/s, cap 20000000)
02:00:30    ... class 284 pinned 1: 3811848 nodes (12706/s, cap 20000000)
02:01:00    ... class 284 pinned 1: 4230427 nodes (12819/s, cap 20000000)
02:01:30    ... class 284 pinned 1: 4645927 nodes (12905/s, cap 20000000)
02:02:00    ... class 284 pinned 1: 5055009 nodes (12962/s, cap 20000000)
02:02:30    ... class 284 pinned 1: 5459026 nodes (12998/s, cap 20000000)
02:03:00    ... class 284 pinned 1: 5859563 nodes (13021/s, cap 20000000)
02:03:30    ... class 284 pinned 1: 6280214 nodes (13084/s, cap 20000000)
02:04:00    ... class 284 pinned 1: 6704504 nodes (13146/s, cap 20000000)
02:04:30    ... class 284 pinned 1: 7133883 nodes (13211/s, cap 20000000)
02:05:00    ... class 284 pinned 1: 7550312 nodes (13246/s, cap 20000000)
02:05:30    ... class 284 pinned 1: 7951990 nodes (13253/s, cap 20000000)
02:06:00    ... class 284 pinned 1: 8344156 nodes (13245/s, cap 20000000)
02:06:30    ... class 284 pinned 1: 8722073 nodes (13215/s, cap 20000000)
02:07:00    ... class 284 pinned 1: 9136323 nodes (13241/s, cap 20000000)
02:07:30    ... class 284 pinned 1: 9541870 nodes (13253/s, cap 20000000)
02:08:00    ... class 284 pinned 1: 9960480 nodes (13281/s, cap 20000000)
02:08:30    ... class 284 pinned 1: 10379729 nodes (13307/s, cap 20000000)
02:09:00    ... class 284 pinned 1: 10811851 nodes (13348/s, cap 20000000)
02:09:30    ... class 284 pinned 1: 11245878 nodes (13388/s, cap 20000000)
02:10:00    ... class 284 pinned 1: 11683883 nodes (13430/s, cap 20000000)
02:10:30    ... class 284 pinned 1: 12111360 nodes (13457/s, cap 20000000)
02:11:00    ... class 284 pinned 1: 12540291 nodes (13484/s, cap 20000000)
02:11:30    ... class 284 pinned 1: 12956295 nodes (13496/s, cap 20000000)
02:12:00    ... class 284 pinned 1: 13386480 nodes (13522/s, cap 20000000)
02:12:30    ... class 284 pinned 1: 13823844 nodes (13553/s, cap 20000000)
02:13:00    ... class 284 pinned 1: 14265020 nodes (13586/s, cap 20000000)
02:13:30    ... class 284 pinned 1: 14711881 nodes (13622/s, cap 20000000)
02:14:00    ... class 284 pinned 1: 15127400 nodes (13628/s, cap 20000000)
02:14:30    ... class 284 pinned 1: 15547532 nodes (13638/s, cap 20000000)
02:15:00    ... class 284 pinned 1: 15926777 nodes (13613/s, cap 20000000)
02:15:30    ... class 284 pinned 1: 16317341 nodes (13598/s, cap 20000000)
02:16:00    ... class 284 pinned 1: 16731915 nodes (13603/s, cap 20000000)
02:16:30    ... class 284 pinned 1: 17143917 nodes (13606/s, cap 20000000)
02:17:00    ... class 284 pinned 1: 17552998 nodes (13607/s, cap 20000000)
02:17:30    ... class 284 pinned 1: 17951078 nodes (13599/s, cap 20000000)
02:18:00    ... class 284 pinned 1: 18348439 nodes (13591/s, cap 20000000)
02:18:30    ... class 284 pinned 1: 18746378 nodes (13584/s, cap 20000000)
02:19:00    ... class 284 pinned 1: 19152502 nodes (13583/s, cap 20000000)
02:19:30    ... class 284 pinned 1: 19564197 nodes (13586/s, cap 20000000)
02:20:00    ... class 284 pinned 1: 19983579 nodes (13594/s, cap 20000000)
02:20:02  class 284 (e=30) pinned 1: CAP (1471s)
02:20:02  probing class 285 (e=12) pinned 0 ...
02:20:08  class 285 (e=12) pinned 0: SAT (6s)
02:20:08  probing class 285 (e=12) pinned 1 ...
02:20:38    ... class 285 pinned 1: 194797 nodes (6493/s, cap 20000000)
02:21:00  class 285 (e=12) pinned 1: SAT (52s)
02:21:00  probing class 286 (e=16) pinned 0 ...
02:21:30    ... class 286 pinned 0: 207540 nodes (6918/s, cap 20000000)
02:21:30  class 286 (e=16) pinned 0: SAT (30s)
02:21:30  probing class 286 (e=16) pinned 1 ...
02:22:00    ... class 286 pinned 1: 202624 nodes (6754/s, cap 20000000)
02:22:14  class 286 (e=16) pinned 1: SAT (44s)
02:22:14  probing class 287 (e=14) pinned 0 ...
02:22:35  class 287 (e=14) pinned 0: SAT (21s)
02:22:35  probing class 287 (e=14) pinned 1 ...
02:23:05    ... class 287 pinned 1: 200717 nodes (6691/s, cap 20000000)
02:23:26  class 287 (e=14) pinned 1: SAT (50s)
02:23:26  probing class 288 (e=18) pinned 0 ...
02:23:56    ... class 288 pinned 0: 192504 nodes (6417/s, cap 20000000)
02:24:10  class 288 (e=18) pinned 0: SAT (44s)
02:24:10  probing class 288 (e=18) pinned 1 ...
02:24:40    ... class 288 pinned 1: 193338 nodes (6445/s, cap 20000000)
02:24:55  class 288 (e=18) pinned 1: SAT (45s)
02:24:55  probing class 289 (e=28) pinned 0 ...
02:25:25    ... class 289 pinned 0: 182293 nodes (6076/s, cap 20000000)
02:25:48  class 289 (e=28) pinned 0: SAT (54s)
02:25:48  probing class 289 (e=28) pinned 1 ...
02:26:00  class 289 (e=28) pinned 1: SAT (12s)
02:26:00  probing class 290 (e=32) pinned 0 ...
02:26:30    ... class 290 pinned 0: 192884 nodes (6429/s, cap 20000000)
02:26:51  class 290 (e=32) pinned 0: SAT (51s)
02:26:51  probing class 290 (e=32) pinned 1 ...
02:27:21    ... class 290 pinned 1: 222073 nodes (7402/s, cap 20000000)
02:27:51    ... class 290 pinned 1: 394796 nodes (6580/s, cap 20000000)
02:28:21    ... class 290 pinned 1: 557113 nodes (6190/s, cap 20000000)
02:28:51    ... class 290 pinned 1: 720426 nodes (6003/s, cap 20000000)
02:29:21    ... class 290 pinned 1: 883504 nodes (5890/s, cap 20000000)
02:29:51    ... class 290 pinned 1: 1046099 nodes (5812/s, cap 20000000)
02:30:21    ... class 290 pinned 1: 1209575 nodes (5760/s, cap 20000000)
02:30:51    ... class 290 pinned 1: 1372166 nodes (5717/s, cap 20000000)
02:31:21    ... class 290 pinned 1: 1535195 nodes (5686/s, cap 20000000)
02:31:51    ... class 290 pinned 1: 1689239 nodes (5631/s, cap 20000000)
02:32:21    ... class 290 pinned 1: 1834847 nodes (5560/s, cap 20000000)
02:32:51    ... class 290 pinned 1: 1973640 nodes (5482/s, cap 20000000)
02:33:21    ... class 290 pinned 1: 2120806 nodes (5438/s, cap 20000000)
02:33:51    ... class 290 pinned 1: 2272854 nodes (5412/s, cap 20000000)
02:34:21    ... class 290 pinned 1: 2434354 nodes (5410/s, cap 20000000)
02:34:51    ... class 290 pinned 1: 2596983 nodes (5410/s, cap 20000000)
02:35:21    ... class 290 pinned 1: 2760863 nodes (5413/s, cap 20000000)
02:35:51    ... class 290 pinned 1: 2923242 nodes (5413/s, cap 20000000)
02:36:21    ... class 290 pinned 1: 3088324 nodes (5418/s, cap 20000000)
02:36:51    ... class 290 pinned 1: 3252703 nodes (5421/s, cap 20000000)
02:37:21    ... class 290 pinned 1: 3416396 nodes (5423/s, cap 20000000)
02:37:51    ... class 290 pinned 1: 3581814 nodes (5427/s, cap 20000000)
02:38:21    ... class 290 pinned 1: 3748441 nodes (5432/s, cap 20000000)
02:38:51    ... class 290 pinned 1: 3914764 nodes (5437/s, cap 20000000)
02:39:21    ... class 290 pinned 1: 4081521 nodes (5442/s, cap 20000000)
02:39:51    ... class 290 pinned 1: 4247385 nodes (5445/s, cap 20000000)
02:40:21    ... class 290 pinned 1: 4414170 nodes (5450/s, cap 20000000)
02:40:51    ... class 290 pinned 1: 4578958 nodes (5451/s, cap 20000000)
02:41:21    ... class 290 pinned 1: 4726060 nodes (5432/s, cap 20000000)
02:41:51    ... class 290 pinned 1: 4866872 nodes (5408/s, cap 20000000)
02:42:21    ... class 290 pinned 1: 5010756 nodes (5388/s, cap 20000000)
02:42:51    ... class 290 pinned 1: 5173666 nodes (5389/s, cap 20000000)
02:43:21    ... class 290 pinned 1: 5338242 nodes (5392/s, cap 20000000)
02:43:51    ... class 290 pinned 1: 5502048 nodes (5394/s, cap 20000000)
02:44:21    ... class 290 pinned 1: 5666666 nodes (5397/s, cap 20000000)
02:44:51    ... class 290 pinned 1: 5829033 nodes (5397/s, cap 20000000)
02:45:21    ... class 290 pinned 1: 5995907 nodes (5402/s, cap 20000000)
02:45:51    ... class 290 pinned 1: 6157554 nodes (5401/s, cap 20000000)
02:46:21    ... class 290 pinned 1: 6308971 nodes (5392/s, cap 20000000)
02:46:51    ... class 290 pinned 1: 6462041 nodes (5385/s, cap 20000000)
02:47:21    ... class 290 pinned 1: 6612525 nodes (5376/s, cap 20000000)
02:47:51    ... class 290 pinned 1: 6766295 nodes (5370/s, cap 20000000)
02:48:21    ... class 290 pinned 1: 6917486 nodes (5362/s, cap 20000000)
02:48:51    ... class 290 pinned 1: 7073221 nodes (5358/s, cap 20000000)
02:49:21    ... class 290 pinned 1: 7226574 nodes (5353/s, cap 20000000)
02:49:51    ... class 290 pinned 1: 7382074 nodes (5349/s, cap 20000000)
02:50:21    ... class 290 pinned 1: 7535761 nodes (5344/s, cap 20000000)
02:50:51    ... class 290 pinned 1: 7688463 nodes (5339/s, cap 20000000)
02:51:21    ... class 290 pinned 1: 7836141 nodes (5331/s, cap 20000000)
02:51:51    ... class 290 pinned 1: 7991949 nodes (5328/s, cap 20000000)
02:52:21    ... class 290 pinned 1: 8147534 nodes (5325/s, cap 20000000)
02:52:51    ... class 290 pinned 1: 8314383 nodes (5330/s, cap 20000000)
02:53:21    ... class 290 pinned 1: 8473313 nodes (5329/s, cap 20000000)
02:53:51    ... class 290 pinned 1: 8616700 nodes (5319/s, cap 20000000)
02:54:21    ... class 290 pinned 1: 8760013 nodes (5309/s, cap 20000000)
02:54:51    ... class 290 pinned 1: 8920876 nodes (5310/s, cap 20000000)
02:55:21    ... class 290 pinned 1: 9080613 nodes (5310/s, cap 20000000)
02:55:51    ... class 290 pinned 1: 9243239 nodes (5312/s, cap 20000000)
02:56:21    ... class 290 pinned 1: 9404400 nodes (5313/s, cap 20000000)
02:56:51    ... class 290 pinned 1: 9567418 nodes (5315/s, cap 20000000)
02:57:21    ... class 290 pinned 1: 9705727 nodes (5304/s, cap 20000000)
02:57:51    ... class 290 pinned 1: 9866263 nodes (5304/s, cap 20000000)
02:58:21    ... class 290 pinned 1: 10020071 nodes (5302/s, cap 20000000)
02:58:51    ... class 290 pinned 1: 10180170 nodes (5302/s, cap 20000000)
02:59:21    ... class 290 pinned 1: 10344008 nodes (5305/s, cap 20000000)
02:59:51    ... class 290 pinned 1: 10504842 nodes (5305/s, cap 20000000)
03:00:21    ... class 290 pinned 1: 10663743 nodes (5305/s, cap 20000000)
03:00:51    ... class 290 pinned 1: 10817504 nodes (5303/s, cap 20000000)
03:01:21    ... class 290 pinned 1: 10975404 nodes (5302/s, cap 20000000)
03:01:51    ... class 290 pinned 1: 11136010 nodes (5303/s, cap 20000000)
03:02:21    ... class 290 pinned 1: 11295846 nodes (5303/s, cap 20000000)
03:02:51    ... class 290 pinned 1: 11454956 nodes (5303/s, cap 20000000)
03:03:21    ... class 290 pinned 1: 11615767 nodes (5304/s, cap 20000000)
03:03:51    ... class 290 pinned 1: 11778441 nodes (5306/s, cap 20000000)
03:04:21    ... class 290 pinned 1: 11940297 nodes (5307/s, cap 20000000)
03:04:51    ... class 290 pinned 1: 12101805 nodes (5308/s, cap 20000000)
03:05:21    ... class 290 pinned 1: 12263497 nodes (5309/s, cap 20000000)
03:05:51    ... class 290 pinned 1: 12424222 nodes (5309/s, cap 20000000)
03:06:21    ... class 290 pinned 1: 12585809 nodes (5310/s, cap 20000000)
03:06:51    ... class 290 pinned 1: 12748841 nodes (5312/s, cap 20000000)
03:07:21    ... class 290 pinned 1: 12911439 nodes (5313/s, cap 20000000)
03:07:51    ... class 290 pinned 1: 13074682 nodes (5315/s, cap 20000000)
03:08:21    ... class 290 pinned 1: 13238150 nodes (5317/s, cap 20000000)
03:08:51    ... class 290 pinned 1: 13401418 nodes (5318/s, cap 20000000)
03:09:21    ... class 290 pinned 1: 13564065 nodes (5319/s, cap 20000000)
03:09:51    ... class 290 pinned 1: 13724839 nodes (5320/s, cap 20000000)
03:10:21    ... class 290 pinned 1: 13881317 nodes (5318/s, cap 20000000)
03:10:51    ... class 290 pinned 1: 14043585 nodes (5320/s, cap 20000000)
03:11:21    ... class 290 pinned 1: 14205677 nodes (5320/s, cap 20000000)
03:11:51    ... class 290 pinned 1: 14367988 nodes (5321/s, cap 20000000)
03:12:21    ... class 290 pinned 1: 14530672 nodes (5323/s, cap 20000000)
03:12:51    ... class 290 pinned 1: 14693958 nodes (5324/s, cap 20000000)
03:13:21    ... class 290 pinned 1: 14857594 nodes (5325/s, cap 20000000)
03:13:51    ... class 290 pinned 1: 15021737 nodes (5327/s, cap 20000000)
03:14:21    ... class 290 pinned 1: 15185235 nodes (5328/s, cap 20000000)
03:14:51    ... class 290 pinned 1: 15348558 nodes (5329/s, cap 20000000)
03:15:21    ... class 290 pinned 1: 15511432 nodes (5330/s, cap 20000000)
03:15:51    ... class 290 pinned 1: 15674398 nodes (5331/s, cap 20000000)
03:16:21    ... class 290 pinned 1: 15837693 nodes (5333/s, cap 20000000)
03:16:51    ... class 290 pinned 1: 16001307 nodes (5334/s, cap 20000000)
03:17:21    ... class 290 pinned 1: 16164360 nodes (5335/s, cap 20000000)
03:17:51    ... class 290 pinned 1: 16328017 nodes (5336/s, cap 20000000)
03:18:21    ... class 290 pinned 1: 16491317 nodes (5337/s, cap 20000000)
03:18:51    ... class 290 pinned 1: 16654294 nodes (5338/s, cap 20000000)
03:19:21    ... class 290 pinned 1: 16817024 nodes (5339/s, cap 20000000)
03:19:51    ... class 290 pinned 1: 16980958 nodes (5340/s, cap 20000000)
03:20:21    ... class 290 pinned 1: 17145834 nodes (5341/s, cap 20000000)
03:20:51    ... class 290 pinned 1: 17305339 nodes (5341/s, cap 20000000)
03:21:21    ... class 290 pinned 1: 17468893 nodes (5342/s, cap 20000000)
03:21:51    ... class 290 pinned 1: 17632950 nodes (5343/s, cap 20000000)
03:22:21    ... class 290 pinned 1: 17796161 nodes (5344/s, cap 20000000)
03:22:51    ... class 290 pinned 1: 17941813 nodes (5340/s, cap 20000000)
03:23:21    ... class 290 pinned 1: 18079513 nodes (5333/s, cap 20000000)
03:23:51    ... class 290 pinned 1: 18225806 nodes (5329/s, cap 20000000)
03:24:21    ... class 290 pinned 1: 18366726 nodes (5324/s, cap 20000000)
03:24:51    ... class 290 pinned 1: 18511686 nodes (5319/s, cap 20000000)
03:25:21    ... class 290 pinned 1: 18662691 nodes (5317/s, cap 20000000)
03:25:51    ... class 290 pinned 1: 18814738 nodes (5315/s, cap 20000000)
03:26:21    ... class 290 pinned 1: 18968263 nodes (5313/s, cap 20000000)
03:26:51    ... class 290 pinned 1: 19119895 nodes (5311/s, cap 20000000)
03:27:21    ... class 290 pinned 1: 19258843 nodes (5305/s, cap 20000000)
03:27:51    ... class 290 pinned 1: 19401430 nodes (5301/s, cap 20000000)
03:28:21    ... class 290 pinned 1: 19550667 nodes (5298/s, cap 20000000)
03:28:51    ... class 290 pinned 1: 19704685 nodes (5297/s, cap 20000000)
03:29:21    ... class 290 pinned 1: 19858763 nodes (5296/s, cap 20000000)
03:29:48  class 290 (e=32) pinned 1: CAP (3776s)
03:29:48  probing class 291 (e=30) pinned 0 ...
03:30:18    ... class 291 pinned 0: 201403 nodes (6713/s, cap 20000000)
03:30:38  class 291 (e=30) pinned 0: SAT (50s)
03:30:38  probing class 291 (e=30) pinned 1 ...
03:31:08    ... class 291 pinned 1: 217200 nodes (7240/s, cap 20000000)
03:31:17  class 291 (e=30) pinned 1: SAT (39s)
03:31:17  probing class 292 (e=34) pinned 0 ...
03:31:47    ... class 292 pinned 0: 202214 nodes (6740/s, cap 20000000)
03:32:07  class 292 (e=34) pinned 0: SAT (50s)
03:32:07  probing class 292 (e=34) pinned 1 ...
03:32:37    ... class 292 pinned 1: 389963 nodes (12999/s, cap 20000000)
03:33:07    ... class 292 pinned 1: 800410 nodes (13340/s, cap 20000000)
03:33:37    ... class 292 pinned 1: 1214714 nodes (13497/s, cap 20000000)
03:34:07    ... class 292 pinned 1: 1634906 nodes (13624/s, cap 20000000)
03:34:37    ... class 292 pinned 1: 2038396 nodes (13589/s, cap 20000000)
03:35:07    ... class 292 pinned 1: 2455359 nodes (13641/s, cap 20000000)
03:35:37    ... class 292 pinned 1: 2873907 nodes (13685/s, cap 20000000)
03:36:07    ... class 292 pinned 1: 3292839 nodes (13720/s, cap 20000000)
03:36:37    ... class 292 pinned 1: 3714699 nodes (13758/s, cap 20000000)
03:37:07    ... class 292 pinned 1: 4134679 nodes (13782/s, cap 20000000)
03:37:37    ... class 292 pinned 1: 4562428 nodes (13826/s, cap 20000000)
03:38:07    ... class 292 pinned 1: 4993877 nodes (13872/s, cap 20000000)
03:38:37    ... class 292 pinned 1: 5423365 nodes (13906/s, cap 20000000)
03:39:07    ... class 292 pinned 1: 5853818 nodes (13938/s, cap 20000000)
03:39:37    ... class 292 pinned 1: 6275965 nodes (13947/s, cap 20000000)
03:40:07    ... class 292 pinned 1: 6686755 nodes (13931/s, cap 20000000)
03:40:37    ... class 292 pinned 1: 7102570 nodes (13927/s, cap 20000000)
03:41:07    ... class 292 pinned 1: 7520774 nodes (13927/s, cap 20000000)
03:41:37    ... class 292 pinned 1: 7944118 nodes (13937/s, cap 20000000)
03:42:07    ... class 292 pinned 1: 8364528 nodes (13941/s, cap 20000000)
03:42:37    ... class 292 pinned 1: 8787084 nodes (13948/s, cap 20000000)
03:43:07    ... class 292 pinned 1: 9198651 nodes (13937/s, cap 20000000)
03:43:37    ... class 292 pinned 1: 9611297 nodes (13929/s, cap 20000000)
03:44:07    ... class 292 pinned 1: 10011728 nodes (13905/s, cap 20000000)
03:44:37    ... class 292 pinned 1: 10409913 nodes (13880/s, cap 20000000)
03:45:07    ... class 292 pinned 1: 10822859 nodes (13875/s, cap 20000000)
03:45:37    ... class 292 pinned 1: 11231202 nodes (13866/s, cap 20000000)
03:46:07    ... class 292 pinned 1: 11629906 nodes (13845/s, cap 20000000)
03:46:37    ... class 292 pinned 1: 11996164 nodes (13789/s, cap 20000000)
03:47:07    ... class 292 pinned 1: 12327770 nodes (13697/s, cap 20000000)
03:47:37    ... class 292 pinned 1: 12697152 nodes (13653/s, cap 20000000)
03:48:07    ... class 292 pinned 1: 13055981 nodes (13600/s, cap 20000000)
03:48:37    ... class 292 pinned 1: 13424873 nodes (13560/s, cap 20000000)
14:34:47  NOTE: probing ALL 1242 classes (no --classes/--auto). This is the full backbone sweep; at ~1 min/probe expect ~41 hours, checkpointed.
14:34:47  targets (1242): 0(e=0), 1(e=25), 2(e=20), 3(e=45), 4(e=10), 5(e=35), 6(e=10), 7(e=35), 8(e=36), 9(e=9), 10(e=18), 11(e=27), 12(e=27), 13(e=9), 14(e=36), 15(e=18), 16(e=9), 17(e=18), 18(e=18), 19(e=27), 20(e=18), 21(e=27), 22(e=27), 23(e=36), 24(e=40) ...
14:34:47  probing class 292 (e=34) pinned 1 ...
14:35:17    ... class 292 pinned 1: 391695 nodes (13056/s, cap 20000000)
14:35:47    ... class 292 pinned 1: 801704 nodes (13362/s, cap 20000000)
14:36:17    ... class 292 pinned 1: 1203913 nodes (13377/s, cap 20000000)
14:36:47    ... class 292 pinned 1: 1619435 nodes (13495/s, cap 20000000)
14:37:17    ... class 292 pinned 1: 2017405 nodes (13449/s, cap 20000000)
14:37:47    ... class 292 pinned 1: 2392274 nodes (13290/s, cap 20000000)
14:38:17    ... class 292 pinned 1: 2779281 nodes (13235/s, cap 20000000)
14:38:47    ... class 292 pinned 1: 3171049 nodes (13213/s, cap 20000000)
14:39:17    ... class 292 pinned 1: 3557338 nodes (13175/s, cap 20000000)
14:39:47    ... class 292 pinned 1: 3946034 nodes (13153/s, cap 20000000)
14:40:17    ... class 292 pinned 1: 4364281 nodes (13225/s, cap 20000000)
14:40:47    ... class 292 pinned 1: 4762997 nodes (13231/s, cap 20000000)
14:41:17    ... class 292 pinned 1: 5182605 nodes (13289/s, cap 20000000)
14:41:47    ... class 292 pinned 1: 5608598 nodes (13354/s, cap 20000000)
14:42:17    ... class 292 pinned 1: 6021496 nodes (13381/s, cap 20000000)
14:42:47    ... class 292 pinned 1: 6441472 nodes (13420/s, cap 20000000)
14:43:17    ... class 292 pinned 1: 6843905 nodes (13419/s, cap 20000000)
14:43:47    ... class 292 pinned 1: 7254649 nodes (13433/s, cap 20000000)
14:44:17    ... class 292 pinned 1: 7673655 nodes (13461/s, cap 20000000)
14:44:47    ... class 292 pinned 1: 8078890 nodes (13464/s, cap 20000000)
14:45:17    ... class 292 pinned 1: 8474120 nodes (13450/s, cap 20000000)
14:45:47    ... class 292 pinned 1: 8849165 nodes (13407/s, cap 20000000)
14:46:17    ... class 292 pinned 1: 9230629 nodes (13377/s, cap 20000000)
14:46:47    ... class 292 pinned 1: 9628664 nodes (13372/s, cap 20000000)
14:47:17    ... class 292 pinned 1: 10026989 nodes (13368/s, cap 20000000)
14:47:47    ... class 292 pinned 1: 10427847 nodes (13368/s, cap 20000000)
14:48:17    ... class 292 pinned 1: 10830196 nodes (13370/s, cap 20000000)
14:48:47    ... class 292 pinned 1: 11236265 nodes (13376/s, cap 20000000)
14:49:17    ... class 292 pinned 1: 11648515 nodes (13388/s, cap 20000000)
14:49:47    ... class 292 pinned 1: 12059598 nodes (13399/s, cap 20000000)
14:50:17    ... class 292 pinned 1: 12473433 nodes (13412/s, cap 20000000)
14:50:47    ... class 292 pinned 1: 12878381 nodes (13414/s, cap 20000000)
14:51:17    ... class 292 pinned 1: 13280784 nodes (13414/s, cap 20000000)
14:51:47    ... class 292 pinned 1: 13685083 nodes (13416/s, cap 20000000)
14:52:17    ... class 292 pinned 1: 14075599 nodes (13405/s, cap 20000000)
14:52:47    ... class 292 pinned 1: 14434805 nodes (13365/s, cap 20000000)
14:53:17    ... class 292 pinned 1: 14828696 nodes (13359/s, cap 20000000)
14:53:47    ... class 292 pinned 1: 15238028 nodes (13366/s, cap 20000000)
14:54:17    ... class 292 pinned 1: 15644072 nodes (13370/s, cap 20000000)
14:54:47    ... class 292 pinned 1: 16049522 nodes (13374/s, cap 20000000)
14:55:17    ... class 292 pinned 1: 16452795 nodes (13376/s, cap 20000000)
14:55:47    ... class 292 pinned 1: 16856977 nodes (13378/s, cap 20000000)
14:56:17    ... class 292 pinned 1: 17258487 nodes (13378/s, cap 20000000)
14:56:47    ... class 292 pinned 1: 17660357 nodes (13379/s, cap 20000000)
14:57:17    ... class 292 pinned 1: 18061723 nodes (13379/s, cap 20000000)
14:57:47    ... class 292 pinned 1: 18460234 nodes (13376/s, cap 20000000)
14:58:17    ... class 292 pinned 1: 18863901 nodes (13378/s, cap 20000000)
14:58:47    ... class 292 pinned 1: 19269229 nodes (13381/s, cap 20000000)
14:59:17    ... class 292 pinned 1: 19679618 nodes (13387/s, cap 20000000)
14:59:40  class 292 (e=34) pinned 1: CAP (1493s)
14:59:40  probing class 293 (e=4) pinned 0 ...
14:59:40  class 293 (e=4) pinned 0: UNSAT (0s)
14:59:40  probing class 293 (e=4) pinned 1 ...
15:00:10    ... class 293 pinned 1: 190347 nodes (6345/s, cap 20000000)
15:00:34  class 293 (e=4) pinned 1: SAT (54s)
15:00:34  probing class 294 (e=8) pinned 0 ...
15:00:34  class 294 (e=8) pinned 0: UNSAT (0s)
15:00:34  probing class 294 (e=8) pinned 1 ...
15:01:04    ... class 294 pinned 1: 190372 nodes (6346/s, cap 20000000)
15:01:27  class 294 (e=8) pinned 1: SAT (53s)
15:01:27  probing class 295 (e=20) pinned 0 ...
15:01:39  class 295 (e=20) pinned 0: SAT (12s)
15:01:39  probing class 295 (e=20) pinned 1 ...
15:02:09    ... class 295 pinned 1: 221648 nodes (7388/s, cap 20000000)
15:02:25  class 295 (e=20) pinned 1: SAT (45s)
15:02:25  probing class 296 (e=24) pinned 0 ...
15:02:55    ... class 296 pinned 0: 214328 nodes (7144/s, cap 20000000)
15:03:14  class 296 (e=24) pinned 0: SAT (49s)
15:03:14  probing class 296 (e=24) pinned 1 ...
15:03:44    ... class 296 pinned 1: 255255 nodes (8508/s, cap 20000000)
15:04:14    ... class 296 pinned 1: 603685 nodes (10061/s, cap 20000000)
15:04:44    ... class 296 pinned 1: 949944 nodes (10555/s, cap 20000000)
15:05:14    ... class 296 pinned 1: 1297814 nodes (10815/s, cap 20000000)
15:05:44    ... class 296 pinned 1: 1634781 nodes (10898/s, cap 20000000)
15:06:14    ... class 296 pinned 1: 1982546 nodes (11014/s, cap 20000000)
15:06:44    ... class 296 pinned 1: 2332547 nodes (11107/s, cap 20000000)
15:07:14    ... class 296 pinned 1: 2680499 nodes (11169/s, cap 20000000)
15:07:44    ... class 296 pinned 1: 3032176 nodes (11230/s, cap 20000000)
15:08:14    ... class 296 pinned 1: 3500171 nodes (11667/s, cap 20000000)
15:08:44    ... class 296 pinned 1: 3966865 nodes (12021/s, cap 20000000)
15:09:14    ... class 296 pinned 1: 4431956 nodes (12311/s, cap 20000000)
15:09:44    ... class 296 pinned 1: 4754799 nodes (12192/s, cap 20000000)
15:10:14    ... class 296 pinned 1: 5035127 nodes (11988/s, cap 20000000)
15:10:44    ... class 296 pinned 1: 5409926 nodes (12022/s, cap 20000000)
15:11:14    ... class 296 pinned 1: 5718217 nodes (11913/s, cap 20000000)
15:11:44    ... class 296 pinned 1: 6024710 nodes (11813/s, cap 20000000)
15:12:14    ... class 296 pinned 1: 6309077 nodes (11683/s, cap 20000000)
15:12:44    ... class 296 pinned 1: 6612055 nodes (11600/s, cap 20000000)
15:13:14    ... class 296 pinned 1: 6915797 nodes (11526/s, cap 20000000)
15:13:44    ... class 296 pinned 1: 7221369 nodes (11462/s, cap 20000000)
15:14:14    ... class 296 pinned 1: 7525357 nodes (11402/s, cap 20000000)
15:14:44    ... class 296 pinned 1: 7833245 nodes (11352/s, cap 20000000)
15:15:14    ... class 296 pinned 1: 8135667 nodes (11299/s, cap 20000000)
15:15:44    ... class 296 pinned 1: 8503281 nodes (11338/s, cap 20000000)
15:16:14    ... class 296 pinned 1: 8915803 nodes (11430/s, cap 20000000)
15:16:44    ... class 296 pinned 1: 9305784 nodes (11489/s, cap 20000000)
15:17:14    ... class 296 pinned 1: 9719205 nodes (11570/s, cap 20000000)
15:17:44    ... class 296 pinned 1: 9996020 nodes (11490/s, cap 20000000)
15:18:14    ... class 296 pinned 1: 10259286 nodes (11399/s, cap 20000000)
15:18:44    ... class 296 pinned 1: 10616624 nodes (11416/s, cap 20000000)
15:19:14    ... class 296 pinned 1: 10912763 nodes (11367/s, cap 20000000)
15:19:44    ... class 296 pinned 1: 11204983 nodes (11318/s, cap 20000000)
15:20:14    ... class 296 pinned 1: 11502102 nodes (11277/s, cap 20000000)
15:20:44    ... class 296 pinned 1: 11801350 nodes (11239/s, cap 20000000)
15:21:14    ... class 296 pinned 1: 12099228 nodes (11203/s, cap 20000000)
15:21:44    ... class 296 pinned 1: 12396498 nodes (11168/s, cap 20000000)
15:22:14    ... class 296 pinned 1: 12689768 nodes (11131/s, cap 20000000)
15:22:44    ... class 296 pinned 1: 12988046 nodes (11101/s, cap 20000000)
15:23:14    ... class 296 pinned 1: 13285025 nodes (11071/s, cap 20000000)
15:23:44    ... class 296 pinned 1: 13622401 nodes (11075/s, cap 20000000)
15:24:14    ... class 296 pinned 1: 14013935 nodes (11122/s, cap 20000000)
15:24:44    ... class 296 pinned 1: 14403426 nodes (11165/s, cap 20000000)
15:25:14    ... class 296 pinned 1: 14806068 nodes (11217/s, cap 20000000)
15:25:44    ... class 296 pinned 1: 15125984 nodes (11204/s, cap 20000000)
15:26:14    ... class 296 pinned 1: 15384699 nodes (11148/s, cap 20000000)
15:26:44    ... class 296 pinned 1: 15709467 nodes (11141/s, cap 20000000)
15:27:14    ... class 296 pinned 1: 16028237 nodes (11131/s, cap 20000000)
15:27:44    ... class 296 pinned 1: 16326723 nodes (11107/s, cap 20000000)
15:28:14    ... class 296 pinned 1: 16618418 nodes (11079/s, cap 20000000)
15:28:44    ... class 296 pinned 1: 16936075 nodes (11069/s, cap 20000000)
15:29:14    ... class 296 pinned 1: 17250919 nodes (11058/s, cap 20000000)
15:29:44    ... class 296 pinned 1: 17570029 nodes (11050/s, cap 20000000)
15:30:14    ... class 296 pinned 1: 17886325 nodes (11041/s, cap 20000000)
15:30:44    ... class 296 pinned 1: 18211395 nodes (11037/s, cap 20000000)
15:31:14    ... class 296 pinned 1: 18535626 nodes (11033/s, cap 20000000)
15:31:44    ... class 296 pinned 1: 18911026 nodes (11059/s, cap 20000000)
15:32:14    ... class 296 pinned 1: 19332382 nodes (11111/s, cap 20000000)
15:32:44    ... class 296 pinned 1: 19756077 nodes (11162/s, cap 20000000)
15:33:01  class 296 (e=24) pinned 1: CAP (1787s)
15:33:01  probing class 297 (e=6) pinned 0 ...
15:33:01  class 297 (e=6) pinned 0: UNSAT (0s)
15:33:01  probing class 297 (e=6) pinned 1 ...
15:33:31    ... class 297 pinned 1: 185067 nodes (6169/s, cap 20000000)
15:33:55  class 297 (e=6) pinned 1: SAT (54s)
15:33:55  probing class 298 (e=10) pinned 0 ...
15:33:55  class 298 (e=10) pinned 0: SAT (0s)
15:33:55  probing class 298 (e=10) pinned 1 ...
15:34:25    ... class 298 pinned 1: 174130 nodes (5804/s, cap 20000000)
15:34:55  class 298 (e=10) pinned 1: SAT (59s)
15:34:55  probing class 299 (e=8) pinned 0 ...
15:34:55  class 299 (e=8) pinned 0: SAT (0s)
15:34:55  probing class 299 (e=8) pinned 1 ...
15:35:25    ... class 299 pinned 1: 184621 nodes (6154/s, cap 20000000)
15:35:52  class 299 (e=8) pinned 1: SAT (57s)
15:35:52  probing class 300 (e=12) pinned 0 ...
15:35:52  class 300 (e=12) pinned 0: SAT (0s)
15:35:52  probing class 300 (e=12) pinned 1 ...
15:36:22    ... class 300 pinned 1: 179818 nodes (5994/s, cap 20000000)
15:36:49  class 300 (e=12) pinned 1: SAT (57s)
15:36:49  probing class 301 (e=22) pinned 0 ...
15:37:14  class 301 (e=22) pinned 0: SAT (25s)
15:37:14  probing class 301 (e=22) pinned 1 ...
15:37:44    ... class 301 pinned 1: 202347 nodes (6745/s, cap 20000000)
15:37:55  class 301 (e=22) pinned 1: SAT (41s)
15:37:55  probing class 302 (e=26) pinned 0 ...
15:38:25    ... class 302 pinned 0: 196093 nodes (6536/s, cap 20000000)
15:38:46  class 302 (e=26) pinned 0: SAT (50s)
15:38:46  probing class 302 (e=26) pinned 1 ...
15:39:09  class 302 (e=26) pinned 1: SAT (23s)
15:39:09  probing class 303 (e=24) pinned 0 ...
15:39:39    ... class 303 pinned 0: 197906 nodes (6597/s, cap 20000000)
15:39:59  class 303 (e=24) pinned 0: SAT (50s)
15:39:59  probing class 303 (e=24) pinned 1 ...
15:40:29    ... class 303 pinned 1: 210685 nodes (7023/s, cap 20000000)
15:40:34  class 303 (e=24) pinned 1: SAT (35s)
15:40:34  probing class 304 (e=28) pinned 0 ...
15:41:04    ... class 304 pinned 0: 198745 nodes (6624/s, cap 20000000)
15:41:24  class 304 (e=28) pinned 0: SAT (50s)
15:41:24  probing class 304 (e=28) pinned 1 ...
15:41:54    ... class 304 pinned 1: 255737 nodes (8525/s, cap 20000000)
15:42:24    ... class 304 pinned 1: 595488 nodes (9925/s, cap 20000000)
15:42:54    ... class 304 pinned 1: 874967 nodes (9722/s, cap 20000000)
15:43:24    ... class 304 pinned 1: 1189755 nodes (9915/s, cap 20000000)
15:43:54    ... class 304 pinned 1: 1457910 nodes (9719/s, cap 20000000)
15:44:24    ... class 304 pinned 1: 1765161 nodes (9806/s, cap 20000000)
15:44:54    ... class 304 pinned 1: 2015210 nodes (9596/s, cap 20000000)
15:45:24    ... class 304 pinned 1: 2309907 nodes (9625/s, cap 20000000)
15:45:54    ... class 304 pinned 1: 2680460 nodes (9928/s, cap 20000000)
15:46:24    ... class 304 pinned 1: 3087426 nodes (10291/s, cap 20000000)
15:46:54    ... class 304 pinned 1: 3525389 nodes (10683/s, cap 20000000)
15:47:24    ... class 304 pinned 1: 3952798 nodes (10980/s, cap 20000000)
15:47:54    ... class 304 pinned 1: 4411077 nodes (11310/s, cap 20000000)
15:48:24    ... class 304 pinned 1: 4875534 nodes (11608/s, cap 20000000)
15:48:54    ... class 304 pinned 1: 5350468 nodes (11890/s, cap 20000000)
15:49:24    ... class 304 pinned 1: 5832044 nodes (12150/s, cap 20000000)
15:49:54    ... class 304 pinned 1: 6319216 nodes (12391/s, cap 20000000)
15:50:24    ... class 304 pinned 1: 6799269 nodes (12591/s, cap 20000000)
15:50:54    ... class 304 pinned 1: 7297516 nodes (12803/s, cap 20000000)
15:51:24    ... class 304 pinned 1: 7820074 nodes (13033/s, cap 20000000)
15:51:54    ... class 304 pinned 1: 8345700 nodes (13247/s, cap 20000000)
15:52:24    ... class 304 pinned 1: 8854699 nodes (13416/s, cap 20000000)
15:52:54    ... class 304 pinned 1: 9378042 nodes (13591/s, cap 20000000)
15:53:24    ... class 304 pinned 1: 9903619 nodes (13755/s, cap 20000000)
15:53:54    ... class 304 pinned 1: 10394266 nodes (13859/s, cap 20000000)
15:54:24    ... class 304 pinned 1: 10929269 nodes (14012/s, cap 20000000)
15:54:54    ... class 304 pinned 1: 11374938 nodes (14043/s, cap 20000000)
15:55:24    ... class 304 pinned 1: 11809101 nodes (14058/s, cap 20000000)
15:55:54    ... class 304 pinned 1: 12286542 nodes (14122/s, cap 20000000)
15:56:24    ... class 304 pinned 1: 12784267 nodes (14205/s, cap 20000000)
15:56:54    ... class 304 pinned 1: 13235052 nodes (14231/s, cap 20000000)
15:57:24    ... class 304 pinned 1: 13685051 nodes (14255/s, cap 20000000)
15:57:54    ... class 304 pinned 1: 14138403 nodes (14281/s, cap 20000000)
15:58:24    ... class 304 pinned 1: 14585827 nodes (14300/s, cap 20000000)
15:58:54    ... class 304 pinned 1: 15041624 nodes (14325/s, cap 20000000)
15:59:24    ... class 304 pinned 1: 15481499 nodes (14335/s, cap 20000000)
15:59:54    ... class 304 pinned 1: 15932854 nodes (14354/s, cap 20000000)
16:00:24    ... class 304 pinned 1: 16387551 nodes (14375/s, cap 20000000)
16:00:54    ... class 304 pinned 1: 16839706 nodes (14393/s, cap 20000000)
16:01:24    ... class 304 pinned 1: 17293547 nodes (14411/s, cap 20000000)
16:01:54    ... class 304 pinned 1: 17765099 nodes (14443/s, cap 20000000)
16:02:24    ... class 304 pinned 1: 18161014 nodes (14413/s, cap 20000000)
16:02:54    ... class 304 pinned 1: 18629109 nodes (14441/s, cap 20000000)
16:03:24    ... class 304 pinned 1: 19111879 nodes (14479/s, cap 20000000)
16:03:54    ... class 304 pinned 1: 19570267 nodes (14496/s, cap 20000000)
16:04:22  class 304 (e=28) pinned 1: CAP (1378s)
16:04:22  probing class 305 (e=10) pinned 0 ...
16:04:28  class 305 (e=10) pinned 0: SAT (6s)
16:04:28  probing class 305 (e=10) pinned 1 ...
16:04:58    ... class 305 pinned 1: 180458 nodes (6015/s, cap 20000000)
16:05:25  class 305 (e=10) pinned 1: SAT (56s)
16:05:25  probing class 306 (e=14) pinned 0 ...
16:05:55    ... class 306 pinned 0: 302597 nodes (10087/s, cap 20000000)
16:06:25    ... class 306 pinned 0: 576311 nodes (9605/s, cap 20000000)
16:06:55    ... class 306 pinned 0: 886669 nodes (9852/s, cap 20000000)
16:07:25    ... class 306 pinned 0: 1176645 nodes (9805/s, cap 20000000)
16:07:55    ... class 306 pinned 0: 1526702 nodes (10178/s, cap 20000000)
16:08:25    ... class 306 pinned 0: 1816932 nodes (10094/s, cap 20000000)
16:08:55    ... class 306 pinned 0: 2104003 nodes (10019/s, cap 20000000)
16:09:25    ... class 306 pinned 0: 2393763 nodes (9974/s, cap 20000000)
16:09:55    ... class 306 pinned 0: 2675327 nodes (9909/s, cap 20000000)
16:10:25    ... class 306 pinned 0: 2941107 nodes (9804/s, cap 20000000)
16:10:55    ... class 306 pinned 0: 3218016 nodes (9752/s, cap 20000000)
16:11:25    ... class 306 pinned 0: 3502375 nodes (9729/s, cap 20000000)
16:11:55    ... class 306 pinned 0: 3760621 nodes (9643/s, cap 20000000)
16:12:25    ... class 306 pinned 0: 4069084 nodes (9688/s, cap 20000000)
16:12:55    ... class 306 pinned 0: 4344492 nodes (9654/s, cap 20000000)
16:13:25    ... class 306 pinned 0: 4608408 nodes (9601/s, cap 20000000)
16:13:55    ... class 306 pinned 0: 4841571 nodes (9493/s, cap 20000000)
16:14:25    ... class 306 pinned 0: 5118455 nodes (9479/s, cap 20000000)
16:14:55    ... class 306 pinned 0: 5396366 nodes (9467/s, cap 20000000)
16:15:25    ... class 306 pinned 0: 5665146 nodes (9442/s, cap 20000000)
16:15:55    ... class 306 pinned 0: 5953697 nodes (9450/s, cap 20000000)
16:16:25    ... class 306 pinned 0: 6228060 nodes (9436/s, cap 20000000)
16:16:55    ... class 306 pinned 0: 6514026 nodes (9441/s, cap 20000000)
16:17:25    ... class 306 pinned 0: 6792001 nodes (9433/s, cap 20000000)
16:17:55    ... class 306 pinned 0: 7054964 nodes (9407/s, cap 20000000)
16:18:25    ... class 306 pinned 0: 7325563 nodes (9392/s, cap 20000000)
16:18:55    ... class 306 pinned 0: 7599826 nodes (9382/s, cap 20000000)
16:19:25    ... class 306 pinned 0: 7858806 nodes (9356/s, cap 20000000)
16:19:55    ... class 306 pinned 0: 8111223 nodes (9323/s, cap 20000000)
16:20:25    ... class 306 pinned 0: 8384381 nodes (9316/s, cap 20000000)
16:20:55    ... class 306 pinned 0: 8611367 nodes (9259/s, cap 20000000)
16:21:25    ... class 306 pinned 0: 8881899 nodes (9252/s, cap 20000000)
16:21:55    ... class 306 pinned 0: 9146821 nodes (9239/s, cap 20000000)
16:22:25    ... class 306 pinned 0: 9384129 nodes (9200/s, cap 20000000)
16:22:55    ... class 306 pinned 0: 9626241 nodes (9168/s, cap 20000000)
16:23:25    ... class 306 pinned 0: 9864312 nodes (9134/s, cap 20000000)
16:23:55    ... class 306 pinned 0: 10151358 nodes (9145/s, cap 20000000)
16:24:25    ... class 306 pinned 0: 10439871 nodes (9158/s, cap 20000000)
16:24:55    ... class 306 pinned 0: 10731523 nodes (9172/s, cap 20000000)
16:25:25    ... class 306 pinned 0: 11023916 nodes (9187/s, cap 20000000)
16:25:55    ... class 306 pinned 0: 11267317 nodes (9160/s, cap 20000000)
16:26:25    ... class 306 pinned 0: 11522762 nodes (9145/s, cap 20000000)
16:26:55    ... class 306 pinned 0: 11769301 nodes (9123/s, cap 20000000)
16:27:25    ... class 306 pinned 0: 12019422 nodes (9106/s, cap 20000000)
16:27:55    ... class 306 pinned 0: 12265728 nodes (9086/s, cap 20000000)
16:28:25    ... class 306 pinned 0: 12559420 nodes (9101/s, cap 20000000)
16:28:55    ... class 306 pinned 0: 12846524 nodes (9111/s, cap 20000000)
16:29:25    ... class 306 pinned 0: 13132289 nodes (9120/s, cap 20000000)
16:29:55    ... class 306 pinned 0: 13367012 nodes (9093/s, cap 20000000)
16:30:25    ... class 306 pinned 0: 13534775 nodes (9023/s, cap 20000000)
16:30:55    ... class 306 pinned 0: 13749752 nodes (8987/s, cap 20000000)
16:31:25    ... class 306 pinned 0: 13979553 nodes (8961/s, cap 20000000)
16:31:55    ... class 306 pinned 0: 14196038 nodes (8928/s, cap 20000000)
16:32:25    ... class 306 pinned 0: 14414085 nodes (8898/s, cap 20000000)
16:32:55    ... class 306 pinned 0: 14581594 nodes (8837/s, cap 20000000)
16:33:25    ... class 306 pinned 0: 14794872 nodes (8806/s, cap 20000000)
16:33:55    ... class 306 pinned 0: 15001351 nodes (8773/s, cap 20000000)
16:34:25    ... class 306 pinned 0: 15225801 nodes (8750/s, cap 20000000)
16:34:55    ... class 306 pinned 0: 15441433 nodes (8724/s, cap 20000000)
16:35:25    ... class 306 pinned 0: 15652535 nodes (8696/s, cap 20000000)
16:35:55    ... class 306 pinned 0: 15927769 nodes (8704/s, cap 20000000)
16:36:25    ... class 306 pinned 0: 16191730 nodes (8705/s, cap 20000000)
16:36:55    ... class 306 pinned 0: 16478775 nodes (8719/s, cap 20000000)
16:37:25    ... class 306 pinned 0: 16646347 nodes (8670/s, cap 20000000)
16:37:55    ... class 306 pinned 0: 16845280 nodes (8639/s, cap 20000000)
16:38:25    ... class 306 pinned 0: 17089888 nodes (8631/s, cap 20000000)
16:38:55    ... class 306 pinned 0: 17340742 nodes (8627/s, cap 20000000)
16:39:25    ... class 306 pinned 0: 17613829 nodes (8634/s, cap 20000000)
16:39:55    ... class 306 pinned 0: 17881856 nodes (8639/s, cap 20000000)
16:40:25    ... class 306 pinned 0: 18174383 nodes (8654/s, cap 20000000)
16:40:55    ... class 306 pinned 0: 18448775 nodes (8661/s, cap 20000000)
16:41:25    ... class 306 pinned 0: 18727318 nodes (8670/s, cap 20000000)
16:41:55    ... class 306 pinned 0: 19002547 nodes (8677/s, cap 20000000)
16:42:25    ... class 306 pinned 0: 19278578 nodes (8684/s, cap 20000000)
16:42:55    ... class 306 pinned 0: 19510298 nodes (8671/s, cap 20000000)
16:43:25    ... class 306 pinned 0: 19795805 nodes (8682/s, cap 20000000)
16:43:48  class 306 (e=14) pinned 0: CAP (2303s)
16:43:48  probing class 306 (e=14) pinned 1 ...
16:44:18    ... class 306 pinned 1: 118095 nodes (3936/s, cap 20000000)
16:44:48    ... class 306 pinned 1: 255036 nodes (4251/s, cap 20000000)
16:44:55  class 306 (e=14) pinned 1: SAT (67s)
16:44:55  probing class 307 (e=12) pinned 0 ...
16:45:25    ... class 307 pinned 0: 263129 nodes (8771/s, cap 20000000)
16:45:55    ... class 307 pinned 0: 491912 nodes (8198/s, cap 20000000)
16:46:25    ... class 307 pinned 0: 789256 nodes (8769/s, cap 20000000)
16:46:55    ... class 307 pinned 0: 1060839 nodes (8840/s, cap 20000000)
16:47:25    ... class 307 pinned 0: 1327077 nodes (8847/s, cap 20000000)
16:47:55    ... class 307 pinned 0: 1561157 nodes (8673/s, cap 20000000)
16:48:25    ... class 307 pinned 0: 1810426 nodes (8621/s, cap 20000000)
16:48:55    ... class 307 pinned 0: 2080656 nodes (8669/s, cap 20000000)
16:49:25    ... class 307 pinned 0: 2358209 nodes (8734/s, cap 20000000)
16:49:55    ... class 307 pinned 0: 2618374 nodes (8728/s, cap 20000000)
16:50:25    ... class 307 pinned 0: 2883020 nodes (8736/s, cap 20000000)
16:50:55    ... class 307 pinned 0: 3164286 nodes (8790/s, cap 20000000)
16:51:25    ... class 307 pinned 0: 3453205 nodes (8854/s, cap 20000000)
16:51:55    ... class 307 pinned 0: 3731337 nodes (8884/s, cap 20000000)
16:52:25    ... class 307 pinned 0: 3992921 nodes (8873/s, cap 20000000)
16:52:55    ... class 307 pinned 0: 4254733 nodes (8864/s, cap 20000000)
16:53:25    ... class 307 pinned 0: 4529166 nodes (8881/s, cap 20000000)
16:53:55    ... class 307 pinned 0: 4803978 nodes (8896/s, cap 20000000)
16:54:25    ... class 307 pinned 0: 5079770 nodes (8912/s, cap 20000000)
16:54:55    ... class 307 pinned 0: 5350709 nodes (8918/s, cap 20000000)
16:55:25    ... class 307 pinned 0: 5623168 nodes (8926/s, cap 20000000)
16:55:55    ... class 307 pinned 0: 5904659 nodes (8946/s, cap 20000000)
16:56:25    ... class 307 pinned 0: 6181377 nodes (8958/s, cap 20000000)
16:56:55    ... class 307 pinned 0: 6443684 nodes (8949/s, cap 20000000)
16:57:25    ... class 307 pinned 0: 6708633 nodes (8945/s, cap 20000000)
16:57:55    ... class 307 pinned 0: 6947490 nodes (8907/s, cap 20000000)
16:58:25    ... class 307 pinned 0: 7169891 nodes (8852/s, cap 20000000)
16:58:55    ... class 307 pinned 0: 7379524 nodes (8785/s, cap 20000000)
16:59:25    ... class 307 pinned 0: 7600748 nodes (8736/s, cap 20000000)
16:59:55    ... class 307 pinned 0: 7836009 nodes (8707/s, cap 20000000)
17:00:25    ... class 307 pinned 0: 8140282 nodes (8753/s, cap 20000000)
17:00:55    ... class 307 pinned 0: 8421833 nodes (8773/s, cap 20000000)
17:01:25    ... class 307 pinned 0: 8713024 nodes (8801/s, cap 20000000)
17:01:55    ... class 307 pinned 0: 8990808 nodes (8814/s, cap 20000000)
17:02:25    ... class 307 pinned 0: 9265403 nodes (8824/s, cap 20000000)
17:02:55    ... class 307 pinned 0: 9556373 nodes (8848/s, cap 20000000)
17:03:25    ... class 307 pinned 0: 9837908 nodes (8863/s, cap 20000000)
17:03:55    ... class 307 pinned 0: 10110801 nodes (8869/s, cap 20000000)
17:04:25    ... class 307 pinned 0: 10387970 nodes (8879/s, cap 20000000)
17:04:55    ... class 307 pinned 0: 10669278 nodes (8891/s, cap 20000000)
17:05:25    ... class 307 pinned 0: 10948090 nodes (8901/s, cap 20000000)
17:05:55    ... class 307 pinned 0: 11232260 nodes (8914/s, cap 20000000)
17:06:25    ... class 307 pinned 0: 11522638 nodes (8932/s, cap 20000000)
17:06:55    ... class 307 pinned 0: 11816858 nodes (8952/s, cap 20000000)
17:07:25    ... class 307 pinned 0: 12104224 nodes (8966/s, cap 20000000)
17:07:55    ... class 307 pinned 0: 12382254 nodes (8973/s, cap 20000000)
17:08:25    ... class 307 pinned 0: 12698822 nodes (9006/s, cap 20000000)
17:08:55    ... class 307 pinned 0: 13044429 nodes (9059/s, cap 20000000)
17:09:25    ... class 307 pinned 0: 13395112 nodes (9112/s, cap 20000000)
17:09:55    ... class 307 pinned 0: 13725580 nodes (9150/s, cap 20000000)
17:10:25    ... class 307 pinned 0: 13955409 nodes (9121/s, cap 20000000)
17:10:55    ... class 307 pinned 0: 14175158 nodes (9087/s, cap 20000000)
17:11:25    ... class 307 pinned 0: 14395544 nodes (9054/s, cap 20000000)
17:11:55    ... class 307 pinned 0: 14664547 nodes (9052/s, cap 20000000)
17:12:25    ... class 307 pinned 0: 15000494 nodes (9091/s, cap 20000000)
17:12:55    ... class 307 pinned 0: 15384057 nodes (9157/s, cap 20000000)
17:13:25    ... class 307 pinned 0: 15703843 nodes (9183/s, cap 20000000)
17:13:55    ... class 307 pinned 0: 16021662 nodes (9208/s, cap 20000000)
17:14:25    ... class 307 pinned 0: 16331639 nodes (9227/s, cap 20000000)
17:14:55    ... class 307 pinned 0: 16648086 nodes (9249/s, cap 20000000)
17:15:25    ... class 307 pinned 0: 16969614 nodes (9273/s, cap 20000000)
17:15:55    ... class 307 pinned 0: 17290254 nodes (9296/s, cap 20000000)
17:16:25    ... class 307 pinned 0: 17598936 nodes (9312/s, cap 20000000)
17:16:55    ... class 307 pinned 0: 17915288 nodes (9331/s, cap 20000000)
17:17:25    ... class 307 pinned 0: 18224841 nodes (9346/s, cap 20000000)
17:17:55    ... class 307 pinned 0: 18575626 nodes (9382/s, cap 20000000)
17:18:25    ... class 307 pinned 0: 18886305 nodes (9396/s, cap 20000000)
17:18:55    ... class 307 pinned 0: 19199567 nodes (9411/s, cap 20000000)
17:19:25    ... class 307 pinned 0: 19501560 nodes (9421/s, cap 20000000)
17:19:55    ... class 307 pinned 0: 19781073 nodes (9419/s, cap 20000000)
17:20:18  class 307 (e=12) pinned 0: CAP (2124s)
17:20:18  probing class 307 (e=12) pinned 1 ...
17:20:48    ... class 307 pinned 1: 181886 nodes (6063/s, cap 20000000)
17:21:14  class 307 (e=12) pinned 1: SAT (55s)
17:21:14  probing class 308 (e=16) pinned 0 ...
17:21:44    ... class 308 pinned 0: 187915 nodes (6264/s, cap 20000000)
17:22:01  class 308 (e=16) pinned 0: SAT (48s)
17:22:01  probing class 308 (e=16) pinned 1 ...
17:22:31    ... class 308 pinned 1: 185553 nodes (6185/s, cap 20000000)
17:22:47  class 308 (e=16) pinned 1: SAT (46s)
17:22:47  probing class 309 (e=26) pinned 0 ...
17:23:17    ... class 309 pinned 0: 176324 nodes (5877/s, cap 20000000)
17:23:24  class 309 (e=26) pinned 0: SAT (37s)
17:23:24  probing class 309 (e=26) pinned 1 ...
17:23:49  class 309 (e=26) pinned 1: SAT (25s)
17:23:49  probing class 310 (e=30) pinned 0 ...
17:24:19    ... class 310 pinned 0: 178645 nodes (5955/s, cap 20000000)
17:24:46  class 310 (e=30) pinned 0: SAT (56s)
17:24:46  probing class 310 (e=30) pinned 1 ...
17:25:16    ... class 310 pinned 1: 86310 nodes (2877/s, cap 20000000)
17:25:46    ... class 310 pinned 1: 112763 nodes (1879/s, cap 20000000)
17:26:16    ... class 310 pinned 1: 140501 nodes (1561/s, cap 20000000)
17:26:46    ... class 310 pinned 1: 178005 nodes (1483/s, cap 20000000)
17:27:16    ... class 310 pinned 1: 204023 nodes (1360/s, cap 20000000)
17:27:46    ... class 310 pinned 1: 251529 nodes (1397/s, cap 20000000)
17:28:16    ... class 310 pinned 1: 298492 nodes (1421/s, cap 20000000)
17:28:46    ... class 310 pinned 1: 688640 nodes (2869/s, cap 20000000)
17:28:52  class 310 (e=30) pinned 1: SAT (246s)
17:28:52  probing class 311 (e=28) pinned 0 ...
17:29:22    ... class 311 pinned 0: 177957 nodes (5932/s, cap 20000000)
17:29:48  class 311 (e=28) pinned 0: SAT (56s)
17:29:48  probing class 311 (e=28) pinned 1 ...
17:30:04  class 311 (e=28) pinned 1: SAT (16s)
17:30:04  probing class 312 (e=32) pinned 0 ...
17:30:34    ... class 312 pinned 0: 179637 nodes (5988/s, cap 20000000)
17:31:00  class 312 (e=32) pinned 0: SAT (56s)
17:31:00  probing class 312 (e=32) pinned 1 ...
17:31:01  class 312 (e=32) pinned 1: SAT (1s)
17:31:01  probing class 313 (e=12) pinned 0 ...
17:31:01  class 313 (e=12) pinned 0: SAT (0s)
17:31:01  probing class 313 (e=12) pinned 1 ...
17:31:31    ... class 313 pinned 1: 180146 nodes (6005/s, cap 20000000)
17:31:57  class 313 (e=12) pinned 1: SAT (56s)
17:31:57  probing class 314 (e=28) pinned 0 ...
17:32:27    ... class 314 pinned 0: 174938 nodes (5831/s, cap 20000000)
17:32:55  class 314 (e=28) pinned 0: SAT (59s)
17:32:55  probing class 314 (e=28) pinned 1 ...
17:33:00  class 314 (e=28) pinned 1: SAT (5s)
17:33:00  probing class 315 (e=10) pinned 0 ...
17:33:30    ... class 315 pinned 0: 171605 nodes (5720/s, cap 20000000)
17:34:00    ... class 315 pinned 0: 345123 nodes (5752/s, cap 20000000)
17:34:30    ... class 315 pinned 0: 518710 nodes (5763/s, cap 20000000)
17:35:00    ... class 315 pinned 0: 690993 nodes (5758/s, cap 20000000)
17:35:30    ... class 315 pinned 0: 871212 nodes (5808/s, cap 20000000)
17:36:00    ... class 315 pinned 0: 1045301 nodes (5807/s, cap 20000000)
17:36:30    ... class 315 pinned 0: 1225173 nodes (5834/s, cap 20000000)
17:37:00    ... class 315 pinned 0: 1401243 nodes (5838/s, cap 20000000)
17:37:30    ... class 315 pinned 0: 1581002 nodes (5856/s, cap 20000000)
17:38:00    ... class 315 pinned 0: 1755095 nodes (5850/s, cap 20000000)
17:38:30    ... class 315 pinned 0: 1930002 nodes (5848/s, cap 20000000)
17:39:00    ... class 315 pinned 0: 2106186 nodes (5850/s, cap 20000000)
17:39:30    ... class 315 pinned 0: 2279681 nodes (5845/s, cap 20000000)
17:40:00    ... class 315 pinned 0: 2461317 nodes (5860/s, cap 20000000)
17:40:30    ... class 315 pinned 0: 2635360 nodes (5856/s, cap 20000000)
17:41:00    ... class 315 pinned 0: 2811926 nodes (5858/s, cap 20000000)
17:41:30    ... class 315 pinned 0: 2992223 nodes (5867/s, cap 20000000)
17:42:00    ... class 315 pinned 0: 3172413 nodes (5875/s, cap 20000000)
17:42:30    ... class 315 pinned 0: 3344876 nodes (5868/s, cap 20000000)
17:43:00    ... class 315 pinned 0: 3518758 nodes (5865/s, cap 20000000)
17:43:30    ... class 315 pinned 0: 3693702 nodes (5863/s, cap 20000000)
17:44:00    ... class 315 pinned 0: 3870653 nodes (5865/s, cap 20000000)
17:44:30    ... class 315 pinned 0: 4045416 nodes (5863/s, cap 20000000)
17:45:00    ... class 315 pinned 0: 4223950 nodes (5867/s, cap 20000000)
17:45:30    ... class 315 pinned 0: 4399449 nodes (5866/s, cap 20000000)
17:46:00    ... class 315 pinned 0: 4579983 nodes (5872/s, cap 20000000)
17:46:30    ... class 315 pinned 0: 4760546 nodes (5877/s, cap 20000000)
17:47:00    ... class 315 pinned 0: 4937076 nodes (5877/s, cap 20000000)
17:47:30    ... class 315 pinned 0: 5110739 nodes (5874/s, cap 20000000)
17:48:00    ... class 315 pinned 0: 5286968 nodes (5874/s, cap 20000000)
17:48:30    ... class 315 pinned 0: 5462956 nodes (5874/s, cap 20000000)
17:49:00    ... class 315 pinned 0: 5638665 nodes (5874/s, cap 20000000)
17:49:30    ... class 315 pinned 0: 5819333 nodes (5878/s, cap 20000000)
17:50:00    ... class 315 pinned 0: 5991892 nodes (5874/s, cap 20000000)
17:50:30    ... class 315 pinned 0: 6172480 nodes (5879/s, cap 20000000)
17:51:00    ... class 315 pinned 0: 6351797 nodes (5881/s, cap 20000000)
17:51:30    ... class 315 pinned 0: 6529958 nodes (5883/s, cap 20000000)
17:52:35    ... class 315 pinned 0: 6678460 nodes (5684/s, cap 20000000)
17:53:05    ... class 315 pinned 0: 6880388 nodes (5710/s, cap 20000000)
17:53:35    ... class 315 pinned 0: 7095468 nodes (5746/s, cap 20000000)
17:54:29    ... class 315 pinned 0: 7250988 nodes (5626/s, cap 20000000)
17:54:59    ... class 315 pinned 0: 7461407 nodes (5658/s, cap 20000000)
17:55:29    ... class 315 pinned 0: 7669141 nodes (5686/s, cap 20000000)
17:55:59    ... class 315 pinned 0: 7879743 nodes (5715/s, cap 20000000)
17:56:29    ... class 315 pinned 0: 8064539 nodes (5724/s, cap 20000000)
17:56:59    ... class 315 pinned 0: 8276640 nodes (5752/s, cap 20000000)
17:57:29    ... class 315 pinned 0: 8485578 nodes (5777/s, cap 20000000)
17:57:59    ... class 315 pinned 0: 8678930 nodes (5790/s, cap 20000000)
17:58:29    ... class 315 pinned 0: 8862184 nodes (5797/s, cap 20000000)
17:58:59    ... class 315 pinned 0: 9038369 nodes (5798/s, cap 20000000)
17:59:29    ... class 315 pinned 0: 9195373 nodes (5787/s, cap 20000000)
17:59:59    ... class 315 pinned 0: 9362942 nodes (5784/s, cap 20000000)
18:00:29    ... class 315 pinned 0: 9518278 nodes (5773/s, cap 20000000)
18:00:59    ... class 315 pinned 0: 9682204 nodes (5767/s, cap 20000000)
18:01:29    ... class 315 pinned 0: 9838663 nodes (5758/s, cap 20000000)
18:01:59    ... class 315 pinned 0: 9987459 nodes (5744/s, cap 20000000)
18:02:29    ... class 315 pinned 0: 10152052 nodes (5739/s, cap 20000000)
18:02:59    ... class 315 pinned 0: 10320457 nodes (5737/s, cap 20000000)
18:03:29    ... class 315 pinned 0: 10504929 nodes (5744/s, cap 20000000)
18:03:59    ... class 315 pinned 0: 10669451 nodes (5740/s, cap 20000000)
18:04:29    ... class 315 pinned 0: 10826540 nodes (5732/s, cap 20000000)
18:04:59    ... class 315 pinned 0: 10994596 nodes (5730/s, cap 20000000)
18:05:29    ... class 315 pinned 0: 11179820 nodes (5737/s, cap 20000000)
18:05:59    ... class 315 pinned 0: 11388451 nodes (5755/s, cap 20000000)
18:06:29    ... class 315 pinned 0: 11572400 nodes (5761/s, cap 20000000)
18:06:59    ... class 315 pinned 0: 11739688 nodes (5758/s, cap 20000000)
18:07:29    ... class 315 pinned 0: 11899824 nodes (5752/s, cap 20000000)
18:07:59    ... class 315 pinned 0: 12064683 nodes (5748/s, cap 20000000)
18:08:29    ... class 315 pinned 0: 12239333 nodes (5749/s, cap 20000000)
18:08:59    ... class 315 pinned 0: 12389909 nodes (5739/s, cap 20000000)
18:09:29    ... class 315 pinned 0: 12562490 nodes (5739/s, cap 20000000)
18:09:59    ... class 315 pinned 0: 12723309 nodes (5734/s, cap 20000000)
18:10:29    ... class 315 pinned 0: 12910757 nodes (5741/s, cap 20000000)
18:10:59    ... class 315 pinned 0: 13110626 nodes (5753/s, cap 20000000)
18:11:29    ... class 315 pinned 0: 13304623 nodes (5762/s, cap 20000000)
18:11:59    ... class 315 pinned 0: 13496005 nodes (5770/s, cap 20000000)
18:12:29    ... class 315 pinned 0: 13693778 nodes (5781/s, cap 20000000)
18:12:59    ... class 315 pinned 0: 13866028 nodes (5780/s, cap 20000000)
18:13:29    ... class 315 pinned 0: 14036064 nodes (5779/s, cap 20000000)
18:13:59    ... class 315 pinned 0: 14205809 nodes (5777/s, cap 20000000)
18:14:29    ... class 315 pinned 0: 14371433 nodes (5774/s, cap 20000000)
18:14:59    ... class 315 pinned 0: 14538276 nodes (5772/s, cap 20000000)
18:15:29    ... class 315 pinned 0: 14711562 nodes (5772/s, cap 20000000)
18:15:59    ... class 315 pinned 0: 14871406 nodes (5767/s, cap 20000000)
18:16:29    ... class 315 pinned 0: 15036274 nodes (5764/s, cap 20000000)
18:16:59    ... class 315 pinned 0: 15203200 nodes (5761/s, cap 20000000)
18:17:29    ... class 315 pinned 0: 15374443 nodes (5761/s, cap 20000000)
18:17:59    ... class 315 pinned 0: 15542176 nodes (5759/s, cap 20000000)
18:18:29    ... class 315 pinned 0: 15708777 nodes (5757/s, cap 20000000)
18:18:59    ... class 315 pinned 0: 15879544 nodes (5756/s, cap 20000000)
18:19:29    ... class 315 pinned 0: 16055850 nodes (5757/s, cap 20000000)
18:19:59    ... class 315 pinned 0: 16236189 nodes (5760/s, cap 20000000)
18:20:29    ... class 315 pinned 0: 16423838 nodes (5765/s, cap 20000000)
18:20:59    ... class 315 pinned 0: 16605229 nodes (5768/s, cap 20000000)
18:21:29    ... class 315 pinned 0: 16787674 nodes (5771/s, cap 20000000)
18:21:59    ... class 315 pinned 0: 16972996 nodes (5775/s, cap 20000000)
18:22:29    ... class 315 pinned 0: 17155690 nodes (5779/s, cap 20000000)
18:22:59    ... class 315 pinned 0: 17335017 nodes (5781/s, cap 20000000)
18:23:29    ... class 315 pinned 0: 17514113 nodes (5782/s, cap 20000000)
18:23:59    ... class 315 pinned 0: 17698999 nodes (5786/s, cap 20000000)
18:24:29    ... class 315 pinned 0: 17879673 nodes (5788/s, cap 20000000)
18:24:59    ... class 315 pinned 0: 18057531 nodes (5790/s, cap 20000000)
18:25:29    ... class 315 pinned 0: 18243653 nodes (5794/s, cap 20000000)
18:25:59    ... class 315 pinned 0: 18424953 nodes (5796/s, cap 20000000)
18:26:29    ... class 315 pinned 0: 18597892 nodes (5796/s, cap 20000000)
18:26:59    ... class 315 pinned 0: 18768164 nodes (5795/s, cap 20000000)
18:27:29    ... class 315 pinned 0: 18939805 nodes (5794/s, cap 20000000)
18:27:59    ... class 315 pinned 0: 19113306 nodes (5794/s, cap 20000000)
18:28:29    ... class 315 pinned 0: 19282242 nodes (5792/s, cap 20000000)
18:28:59    ... class 315 pinned 0: 19419528 nodes (5782/s, cap 20000000)
18:29:29    ... class 315 pinned 0: 19530742 nodes (5763/s, cap 20000000)
18:29:59    ... class 315 pinned 0: 19658596 nodes (5750/s, cap 20000000)
18:30:29    ... class 315 pinned 0: 19764760 nodes (5731/s, cap 20000000)
18:30:59    ... class 315 pinned 0: 19889997 nodes (5717/s, cap 20000000)
18:31:20  class 315 (e=10) pinned 0: CAP (3500s)
18:31:20  probing class 315 (e=10) pinned 1 ...
18:31:50    ... class 315 pinned 1: 163701 nodes (5457/s, cap 20000000)
18:32:20    ... class 315 pinned 1: 323490 nodes (5391/s, cap 20000000)
18:32:23  class 315 (e=10) pinned 1: SAT (62s)
18:32:23  probing class 316 (e=14) pinned 0 ...
18:32:23  class 316 (e=14) pinned 0: SAT (0s)
18:32:23  probing class 316 (e=14) pinned 1 ...
18:32:53    ... class 316 pinned 1: 163064 nodes (5435/s, cap 20000000)
18:33:23    ... class 316 pinned 1: 325270 nodes (5421/s, cap 20000000)
18:33:25  class 316 (e=14) pinned 1: SAT (62s)
18:33:25  probing class 317 (e=12) pinned 0 ...
18:33:25  class 317 (e=12) pinned 0: SAT (0s)
18:33:25  probing class 317 (e=12) pinned 1 ...
18:33:55    ... class 317 pinned 1: 170954 nodes (5698/s, cap 20000000)
18:34:25    ... class 317 pinned 1: 335707 nodes (5595/s, cap 20000000)
18:34:25  class 317 (e=12) pinned 1: SAT (61s)
18:34:25  probing class 318 (e=26) pinned 0 ...
18:34:55    ... class 318 pinned 0: 170519 nodes (5684/s, cap 20000000)
18:35:22  class 318 (e=26) pinned 0: SAT (56s)
18:35:22  probing class 318 (e=26) pinned 1 ...
18:35:52    ... class 318 pinned 1: 180006 nodes (6000/s, cap 20000000)
18:35:54  class 318 (e=26) pinned 1: SAT (32s)
18:35:54  probing class 319 (e=30) pinned 0 ...
18:36:24    ... class 319 pinned 0: 168578 nodes (5619/s, cap 20000000)
18:36:54    ... class 319 pinned 0: 336482 nodes (5608/s, cap 20000000)
18:36:55  class 319 (e=30) pinned 0: SAT (60s)
18:36:55  probing class 319 (e=30) pinned 1 ...
18:37:25    ... class 319 pinned 1: 174034 nodes (5801/s, cap 20000000)
18:37:55    ... class 319 pinned 1: 348376 nodes (5806/s, cap 20000000)
18:38:25    ... class 319 pinned 1: 595617 nodes (6618/s, cap 20000000)
18:38:55    ... class 319 pinned 1: 868297 nodes (7236/s, cap 20000000)
18:39:25    ... class 319 pinned 1: 1153675 nodes (7691/s, cap 20000000)
18:39:55    ... class 319 pinned 1: 1423997 nodes (7911/s, cap 20000000)
18:40:25    ... class 319 pinned 1: 1718635 nodes (8184/s, cap 20000000)
18:40:55    ... class 319 pinned 1: 1996699 nodes (8320/s, cap 20000000)
18:41:25    ... class 319 pinned 1: 2310226 nodes (8556/s, cap 20000000)
18:41:55    ... class 319 pinned 1: 2641120 nodes (8804/s, cap 20000000)
18:42:25    ... class 319 pinned 1: 2971122 nodes (9003/s, cap 20000000)
18:42:55    ... class 319 pinned 1: 3293012 nodes (9147/s, cap 20000000)
18:43:25    ... class 319 pinned 1: 3618123 nodes (9277/s, cap 20000000)
18:43:55    ... class 319 pinned 1: 3938326 nodes (9377/s, cap 20000000)
18:44:25    ... class 319 pinned 1: 4233295 nodes (9407/s, cap 20000000)
18:44:55    ... class 319 pinned 1: 4534700 nodes (9447/s, cap 20000000)
18:45:25    ... class 319 pinned 1: 4850837 nodes (9511/s, cap 20000000)
18:45:55    ... class 319 pinned 1: 5173569 nodes (9581/s, cap 20000000)
18:46:25    ... class 319 pinned 1: 5479706 nodes (9613/s, cap 20000000)
18:46:55    ... class 319 pinned 1: 5755634 nodes (9593/s, cap 20000000)
18:47:25    ... class 319 pinned 1: 6049907 nodes (9603/s, cap 20000000)
18:47:55    ... class 319 pinned 1: 6350529 nodes (9622/s, cap 20000000)
18:48:25    ... class 319 pinned 1: 6677582 nodes (9678/s, cap 20000000)
18:48:55    ... class 319 pinned 1: 7016428 nodes (9745/s, cap 20000000)
18:49:25    ... class 319 pinned 1: 7342639 nodes (9790/s, cap 20000000)
18:49:55    ... class 319 pinned 1: 7647692 nodes (9805/s, cap 20000000)
18:50:25    ... class 319 pinned 1: 7985462 nodes (9859/s, cap 20000000)
18:50:55    ... class 319 pinned 1: 8311176 nodes (9894/s, cap 20000000)
18:51:25    ... class 319 pinned 1: 8639950 nodes (9931/s, cap 20000000)
18:51:55    ... class 319 pinned 1: 8973652 nodes (9971/s, cap 20000000)
18:52:25    ... class 319 pinned 1: 9302294 nodes (10002/s, cap 20000000)
18:52:55    ... class 319 pinned 1: 9634375 nodes (10036/s, cap 20000000)
18:53:25    ... class 319 pinned 1: 9968183 nodes (10069/s, cap 20000000)
18:53:55    ... class 319 pinned 1: 10289741 nodes (10088/s, cap 20000000)
18:54:25    ... class 319 pinned 1: 10627341 nodes (10121/s, cap 20000000)
18:54:55    ... class 319 pinned 1: 10949734 nodes (10139/s, cap 20000000)
18:55:25    ... class 319 pinned 1: 11278345 nodes (10161/s, cap 20000000)
18:55:55    ... class 319 pinned 1: 11605947 nodes (10181/s, cap 20000000)
18:56:25    ... class 319 pinned 1: 11946673 nodes (10211/s, cap 20000000)
18:56:55    ... class 319 pinned 1: 12299217 nodes (10249/s, cap 20000000)
18:57:25    ... class 319 pinned 1: 12643294 nodes (10279/s, cap 20000000)
18:57:55    ... class 319 pinned 1: 12965606 nodes (10290/s, cap 20000000)
18:58:25    ... class 319 pinned 1: 13250584 nodes (10272/s, cap 20000000)
18:58:55    ... class 319 pinned 1: 13567033 nodes (10278/s, cap 20000000)
18:59:25    ... class 319 pinned 1: 13864700 nodes (10270/s, cap 20000000)
18:59:55    ... class 319 pinned 1: 14172504 nodes (10270/s, cap 20000000)
19:00:25    ... class 319 pinned 1: 14501902 nodes (10285/s, cap 20000000)
19:00:55    ... class 319 pinned 1: 14845143 nodes (10309/s, cap 20000000)
19:01:25    ... class 319 pinned 1: 15198257 nodes (10339/s, cap 20000000)
19:01:55    ... class 319 pinned 1: 15550253 nodes (10367/s, cap 20000000)
19:02:25    ... class 319 pinned 1: 15877873 nodes (10378/s, cap 20000000)
19:02:55    ... class 319 pinned 1: 16217502 nodes (10396/s, cap 20000000)
19:03:25    ... class 319 pinned 1: 16538893 nodes (10402/s, cap 20000000)
19:03:55    ... class 319 pinned 1: 16884072 nodes (10422/s, cap 20000000)
19:04:25    ... class 319 pinned 1: 17231686 nodes (10443/s, cap 20000000)
19:04:55    ... class 319 pinned 1: 17593740 nodes (10472/s, cap 20000000)
19:05:25    ... class 319 pinned 1: 17952258 nodes (10498/s, cap 20000000)
19:05:55    ... class 319 pinned 1: 18304682 nodes (10520/s, cap 20000000)
19:06:25    ... class 319 pinned 1: 18654806 nodes (10539/s, cap 20000000)
19:06:55    ... class 319 pinned 1: 19001526 nodes (10556/s, cap 20000000)
19:07:25    ... class 319 pinned 1: 19344357 nodes (10571/s, cap 20000000)
19:07:55    ... class 319 pinned 1: 19664098 nodes (10572/s, cap 20000000)
19:08:24  class 319 (e=30) pinned 1: CAP (1889s)
19:08:24  probing class 320 (e=28) pinned 0 ...
19:08:54    ... class 320 pinned 0: 171633 nodes (5721/s, cap 20000000)
19:09:24  class 320 (e=28) pinned 0: SAT (59s)
19:09:24  probing class 320 (e=28) pinned 1 ...
19:09:54    ... class 320 pinned 1: 189856 nodes (6328/s, cap 20000000)
19:10:24    ... class 320 pinned 1: 359743 nodes (5996/s, cap 20000000)
19:10:54    ... class 320 pinned 1: 623100 nodes (6923/s, cap 20000000)
19:11:24    ... class 320 pinned 1: 895187 nodes (7460/s, cap 20000000)
19:11:54    ... class 320 pinned 1: 1169540 nodes (7797/s, cap 20000000)
19:12:24    ... class 320 pinned 1: 1445240 nodes (8029/s, cap 20000000)
19:12:54    ... class 320 pinned 1: 1721091 nodes (8196/s, cap 20000000)
19:13:24    ... class 320 pinned 1: 1979205 nodes (8247/s, cap 20000000)
19:13:54    ... class 320 pinned 1: 2243514 nodes (8309/s, cap 20000000)
19:14:24    ... class 320 pinned 1: 2516583 nodes (8389/s, cap 20000000)
19:14:54    ... class 320 pinned 1: 2798047 nodes (8479/s, cap 20000000)
19:15:24    ... class 320 pinned 1: 3082804 nodes (8563/s, cap 20000000)
19:15:54    ... class 320 pinned 1: 3366676 nodes (8632/s, cap 20000000)
19:16:24    ... class 320 pinned 1: 3648704 nodes (8687/s, cap 20000000)
19:16:54    ... class 320 pinned 1: 3929228 nodes (8732/s, cap 20000000)
19:17:24    ... class 320 pinned 1: 4208534 nodes (8768/s, cap 20000000)
19:17:54    ... class 320 pinned 1: 4488922 nodes (8802/s, cap 20000000)
19:18:24    ... class 320 pinned 1: 4763476 nodes (8821/s, cap 20000000)
19:18:54    ... class 320 pinned 1: 5038046 nodes (8839/s, cap 20000000)
19:19:24    ... class 320 pinned 1: 5312025 nodes (8853/s, cap 20000000)
19:19:54    ... class 320 pinned 1: 5596298 nodes (8883/s, cap 20000000)
19:20:24    ... class 320 pinned 1: 5882261 nodes (8912/s, cap 20000000)
19:20:54    ... class 320 pinned 1: 6161769 nodes (8930/s, cap 20000000)
19:21:24    ... class 320 pinned 1: 6444871 nodes (8951/s, cap 20000000)
19:21:54    ... class 320 pinned 1: 6729681 nodes (8973/s, cap 20000000)
19:22:24    ... class 320 pinned 1: 7009485 nodes (8986/s, cap 20000000)
19:22:54    ... class 320 pinned 1: 7290649 nodes (9001/s, cap 20000000)
19:23:24    ... class 320 pinned 1: 7564530 nodes (9005/s, cap 20000000)
19:23:54    ... class 320 pinned 1: 7841210 nodes (9013/s, cap 20000000)
19:24:24    ... class 320 pinned 1: 8118484 nodes (9020/s, cap 20000000)
19:24:54    ... class 320 pinned 1: 8405632 nodes (9038/s, cap 20000000)
19:25:24    ... class 320 pinned 1: 8703054 nodes (9066/s, cap 20000000)
19:25:54    ... class 320 pinned 1: 9078939 nodes (9171/s, cap 20000000)
19:26:24    ... class 320 pinned 1: 9451935 nodes (9267/s, cap 20000000)
19:26:54    ... class 320 pinned 1: 9825356 nodes (9357/s, cap 20000000)
19:27:24    ... class 320 pinned 1: 10198836 nodes (9443/s, cap 20000000)
19:27:54    ... class 320 pinned 1: 10571098 nodes (9523/s, cap 20000000)
19:28:24    ... class 320 pinned 1: 10934416 nodes (9592/s, cap 20000000)
19:28:54    ... class 320 pinned 1: 11285245 nodes (9645/s, cap 20000000)
19:29:24    ... class 320 pinned 1: 11636361 nodes (9697/s, cap 20000000)
19:29:54    ... class 320 pinned 1: 11986355 nodes (9745/s, cap 20000000)
19:30:24    ... class 320 pinned 1: 12315817 nodes (9774/s, cap 20000000)
19:30:54    ... class 320 pinned 1: 12658362 nodes (9813/s, cap 20000000)
19:31:24    ... class 320 pinned 1: 13006177 nodes (9853/s, cap 20000000)
19:31:54    ... class 320 pinned 1: 13355241 nodes (9893/s, cap 20000000)
19:32:24    ... class 320 pinned 1: 13705341 nodes (9931/s, cap 20000000)
19:32:54    ... class 320 pinned 1: 14055522 nodes (9968/s, cap 20000000)
19:33:24    ... class 320 pinned 1: 14406127 nodes (10004/s, cap 20000000)
19:33:54    ... class 320 pinned 1: 14759083 nodes (10040/s, cap 20000000)
19:34:24    ... class 320 pinned 1: 15131352 nodes (10088/s, cap 20000000)
19:34:54    ... class 320 pinned 1: 15483549 nodes (10120/s, cap 20000000)
19:35:24    ... class 320 pinned 1: 15838487 nodes (10153/s, cap 20000000)
19:35:54    ... class 320 pinned 1: 16192546 nodes (10184/s, cap 20000000)
19:36:24    ... class 320 pinned 1: 16550282 nodes (10216/s, cap 20000000)
19:36:54    ... class 320 pinned 1: 16905676 nodes (10246/s, cap 20000000)
19:37:24    ... class 320 pinned 1: 17277927 nodes (10284/s, cap 20000000)
19:37:54    ... class 320 pinned 1: 17639785 nodes (10316/s, cap 20000000)
19:38:24    ... class 320 pinned 1: 18018147 nodes (10355/s, cap 20000000)
19:38:54    ... class 320 pinned 1: 18397605 nodes (10394/s, cap 20000000)
19:39:24    ... class 320 pinned 1: 18779628 nodes (10433/s, cap 20000000)
19:39:54    ... class 320 pinned 1: 19159965 nodes (10470/s, cap 20000000)
19:40:24    ... class 320 pinned 1: 19586737 nodes (10530/s, cap 20000000)
19:40:54    ... class 320 pinned 1: 19959357 nodes (10560/s, cap 20000000)
19:40:57  class 320 (e=28) pinned 1: CAP (1893s)
19:40:57  probing class 321 (e=32) pinned 0 ...
19:41:27    ... class 321 pinned 0: 175911 nodes (5864/s, cap 20000000)
19:41:55  class 321 (e=32) pinned 0: SAT (58s)
19:41:55  probing class 321 (e=32) pinned 1 ...
19:42:16  class 321 (e=32) pinned 1: SAT (22s)
19:42:16  probing class 322 (e=14) pinned 0 ...
19:42:31  class 322 (e=14) pinned 0: SAT (15s)
19:42:31  probing class 322 (e=14) pinned 1 ...
19:43:01    ... class 322 pinned 1: 176299 nodes (5876/s, cap 20000000)
19:43:29  class 322 (e=14) pinned 1: SAT (58s)
19:43:29  probing class 323 (e=16) pinned 0 ...
19:43:59    ... class 323 pinned 0: 185019 nodes (6167/s, cap 20000000)
19:44:04  class 323 (e=16) pinned 0: SAT (35s)
19:44:04  probing class 323 (e=16) pinned 1 ...
19:44:34    ... class 323 pinned 1: 189436 nodes (6315/s, cap 20000000)
19:44:52  class 323 (e=16) pinned 1: SAT (48s)
19:44:52  probing class 324 (e=20) pinned 0 ...
19:45:22    ... class 324 pinned 0: 178311 nodes (5944/s, cap 20000000)
19:45:40  class 324 (e=20) pinned 0: SAT (48s)
19:45:40  probing class 324 (e=20) pinned 1 ...
19:45:53  class 324 (e=20) pinned 1: SAT (13s)
19:45:53  probing class 325 (e=30) pinned 0 ...
19:46:23    ... class 325 pinned 0: 177510 nodes (5917/s, cap 20000000)
19:46:53  class 325 (e=30) pinned 0: SAT (60s)
19:46:53  probing class 325 (e=30) pinned 1 ...
19:46:59  class 325 (e=30) pinned 1: SAT (6s)
19:46:59  probing class 326 (e=34) pinned 0 ...
19:47:29    ... class 326 pinned 0: 173365 nodes (5779/s, cap 20000000)
19:47:57  class 326 (e=34) pinned 0: SAT (58s)
19:47:57  probing class 326 (e=34) pinned 1 ...
19:48:27    ... class 326 pinned 1: 173828 nodes (5794/s, cap 20000000)
19:48:57    ... class 326 pinned 1: 344506 nodes (5742/s, cap 20000000)
19:49:27    ... class 326 pinned 1: 515793 nodes (5731/s, cap 20000000)
19:49:57    ... class 326 pinned 1: 686382 nodes (5720/s, cap 20000000)
19:50:27    ... class 326 pinned 1: 855954 nodes (5706/s, cap 20000000)
19:50:57    ... class 326 pinned 1: 1026503 nodes (5703/s, cap 20000000)
19:51:27    ... class 326 pinned 1: 1195972 nodes (5695/s, cap 20000000)
19:51:57    ... class 326 pinned 1: 1365758 nodes (5691/s, cap 20000000)
19:52:27    ... class 326 pinned 1: 1535603 nodes (5687/s, cap 20000000)
19:52:57    ... class 326 pinned 1: 1704307 nodes (5681/s, cap 20000000)
19:53:27    ... class 326 pinned 1: 1876893 nodes (5688/s, cap 20000000)
19:53:57    ... class 326 pinned 1: 2050385 nodes (5695/s, cap 20000000)
19:54:27    ... class 326 pinned 1: 2222468 nodes (5699/s, cap 20000000)
19:54:57    ... class 326 pinned 1: 2391454 nodes (5694/s, cap 20000000)
19:55:27    ... class 326 pinned 1: 2562088 nodes (5693/s, cap 20000000)
19:55:57    ... class 326 pinned 1: 2732959 nodes (5694/s, cap 20000000)
19:56:27    ... class 326 pinned 1: 2902961 nodes (5692/s, cap 20000000)
19:56:57    ... class 326 pinned 1: 3073189 nodes (5691/s, cap 20000000)
19:57:27    ... class 326 pinned 1: 3242117 nodes (5688/s, cap 20000000)
19:57:57    ... class 326 pinned 1: 3412341 nodes (5687/s, cap 20000000)
19:58:27    ... class 326 pinned 1: 3581951 nodes (5686/s, cap 20000000)
19:58:57    ... class 326 pinned 1: 3751900 nodes (5685/s, cap 20000000)
19:59:27    ... class 326 pinned 1: 3923708 nodes (5686/s, cap 20000000)
19:59:57    ... class 326 pinned 1: 4097784 nodes (5691/s, cap 20000000)
20:00:27    ... class 326 pinned 1: 4270037 nodes (5693/s, cap 20000000)
20:00:57    ... class 326 pinned 1: 4440137 nodes (5692/s, cap 20000000)
20:01:27    ... class 326 pinned 1: 4612251 nodes (5694/s, cap 20000000)
20:01:57    ... class 326 pinned 1: 4785211 nodes (5697/s, cap 20000000)
20:02:27    ... class 326 pinned 1: 4954966 nodes (5695/s, cap 20000000)
20:02:57    ... class 326 pinned 1: 5127275 nodes (5697/s, cap 20000000)
20:03:27    ... class 326 pinned 1: 5300074 nodes (5699/s, cap 20000000)
20:03:57    ... class 326 pinned 1: 5473431 nodes (5701/s, cap 20000000)
20:04:27    ... class 326 pinned 1: 5645923 nodes (5703/s, cap 20000000)
20:04:57    ... class 326 pinned 1: 5806596 nodes (5693/s, cap 20000000)
20:05:27    ... class 326 pinned 1: 5970186 nodes (5686/s, cap 20000000)
20:05:57    ... class 326 pinned 1: 6148045 nodes (5693/s, cap 20000000)
20:06:27    ... class 326 pinned 1: 6315006 nodes (5689/s, cap 20000000)
20:06:57    ... class 326 pinned 1: 6484226 nodes (5688/s, cap 20000000)
20:07:27    ... class 326 pinned 1: 6627253 nodes (5664/s, cap 20000000)
20:07:57    ... class 326 pinned 1: 6796252 nodes (5664/s, cap 20000000)
20:08:27    ... class 326 pinned 1: 6955547 nodes (5655/s, cap 20000000)
20:08:57    ... class 326 pinned 1: 7116422 nodes (5648/s, cap 20000000)
20:09:27    ... class 326 pinned 1: 7282947 nodes (5646/s, cap 20000000)
20:09:57    ... class 326 pinned 1: 7440613 nodes (5637/s, cap 20000000)
20:10:27    ... class 326 pinned 1: 7610305 nodes (5637/s, cap 20000000)
20:10:57    ... class 326 pinned 1: 7776184 nodes (5635/s, cap 20000000)
20:11:27    ... class 326 pinned 1: 7947479 nodes (5636/s, cap 20000000)
20:11:57    ... class 326 pinned 1: 8113963 nodes (5635/s, cap 20000000)
20:12:27    ... class 326 pinned 1: 8274071 nodes (5629/s, cap 20000000)
20:12:57    ... class 326 pinned 1: 8438581 nodes (5626/s, cap 20000000)
20:13:27    ... class 326 pinned 1: 8599445 nodes (5621/s, cap 20000000)
20:13:57    ... class 326 pinned 1: 8763116 nodes (5617/s, cap 20000000)
20:14:27    ... class 326 pinned 1: 8897483 nodes (5596/s, cap 20000000)
20:14:57    ... class 326 pinned 1: 9025380 nodes (5571/s, cap 20000000)
20:15:27    ... class 326 pinned 1: 9168219 nodes (5556/s, cap 20000000)
20:15:57    ... class 326 pinned 1: 9333460 nodes (5556/s, cap 20000000)
20:16:27    ... class 326 pinned 1: 9504247 nodes (5558/s, cap 20000000)
20:16:57    ... class 326 pinned 1: 9672542 nodes (5559/s, cap 20000000)
20:17:27    ... class 326 pinned 1: 9833432 nodes (5556/s, cap 20000000)
20:17:57    ... class 326 pinned 1: 10000104 nodes (5556/s, cap 20000000)
20:18:27    ... class 326 pinned 1: 10176315 nodes (5561/s, cap 20000000)
20:18:57    ... class 326 pinned 1: 10344641 nodes (5562/s, cap 20000000)
20:19:27    ... class 326 pinned 1: 10493450 nodes (5552/s, cap 20000000)
20:19:57    ... class 326 pinned 1: 10645377 nodes (5544/s, cap 20000000)
20:20:27    ... class 326 pinned 1: 10791778 nodes (5534/s, cap 20000000)
20:20:57    ... class 326 pinned 1: 10930712 nodes (5521/s, cap 20000000)
20:21:27    ... class 326 pinned 1: 11054048 nodes (5499/s, cap 20000000)
20:21:57    ... class 326 pinned 1: 11195162 nodes (5488/s, cap 20000000)
20:22:27    ... class 326 pinned 1: 11337723 nodes (5477/s, cap 20000000)
20:22:57    ... class 326 pinned 1: 11489708 nodes (5471/s, cap 20000000)
20:23:27    ... class 326 pinned 1: 11625341 nodes (5458/s, cap 20000000)
20:23:57    ... class 326 pinned 1: 11774949 nodes (5451/s, cap 20000000)
20:24:27    ... class 326 pinned 1: 11921498 nodes (5444/s, cap 20000000)
20:24:57    ... class 326 pinned 1: 12071629 nodes (5438/s, cap 20000000)
20:25:27    ... class 326 pinned 1: 12223256 nodes (5433/s, cap 20000000)
20:25:57    ... class 326 pinned 1: 12377067 nodes (5428/s, cap 20000000)
20:26:27    ... class 326 pinned 1: 12516573 nodes (5418/s, cap 20000000)
20:26:57    ... class 326 pinned 1: 12651344 nodes (5407/s, cap 20000000)
20:27:27    ... class 326 pinned 1: 12801566 nodes (5401/s, cap 20000000)
20:28:01    ... class 326 pinned 1: 12954224 nodes (5389/s, cap 20000000)
20:28:31    ... class 326 pinned 1: 13098612 nodes (5382/s, cap 20000000)
20:29:01    ... class 326 pinned 1: 13253149 nodes (5379/s, cap 20000000)
20:29:31    ... class 326 pinned 1: 13406433 nodes (5376/s, cap 20000000)
20:30:01    ... class 326 pinned 1: 13555866 nodes (5371/s, cap 20000000)
20:30:31    ... class 326 pinned 1: 13709402 nodes (5368/s, cap 20000000)
20:31:01    ... class 326 pinned 1: 13868321 nodes (5367/s, cap 20000000)
20:31:31    ... class 326 pinned 1: 14022645 nodes (5365/s, cap 20000000)
20:32:01    ... class 326 pinned 1: 14180894 nodes (5364/s, cap 20000000)
20:32:31    ... class 326 pinned 1: 14330296 nodes (5359/s, cap 20000000)
20:33:01    ... class 326 pinned 1: 14488726 nodes (5358/s, cap 20000000)
20:33:31    ... class 326 pinned 1: 14629359 nodes (5351/s, cap 20000000)
20:34:01    ... class 326 pinned 1: 14763371 nodes (5341/s, cap 20000000)
20:34:31    ... class 326 pinned 1: 14910200 nodes (5337/s, cap 20000000)
20:35:01    ... class 326 pinned 1: 15059154 nodes (5333/s, cap 20000000)
20:35:31    ... class 326 pinned 1: 15202206 nodes (5327/s, cap 20000000)
20:36:01    ... class 326 pinned 1: 15348667 nodes (5322/s, cap 20000000)
20:36:31    ... class 326 pinned 1: 15495643 nodes (5318/s, cap 20000000)
20:37:01    ... class 326 pinned 1: 15639509 nodes (5313/s, cap 20000000)
20:37:31    ... class 326 pinned 1: 15774339 nodes (5304/s, cap 20000000)
20:38:01    ... class 326 pinned 1: 15925657 nodes (5302/s, cap 20000000)
20:38:31    ... class 326 pinned 1: 16082373 nodes (5301/s, cap 20000000)
20:39:01    ... class 326 pinned 1: 16239874 nodes (5300/s, cap 20000000)
20:39:31    ... class 326 pinned 1: 16396578 nodes (5300/s, cap 20000000)
20:40:01    ... class 326 pinned 1: 16556671 nodes (5300/s, cap 20000000)
20:40:31    ... class 326 pinned 1: 16718447 nodes (5301/s, cap 20000000)
20:41:01    ... class 326 pinned 1: 16879850 nodes (5302/s, cap 20000000)
20:41:31    ... class 326 pinned 1: 17038089 nodes (5301/s, cap 20000000)
20:42:01    ... class 326 pinned 1: 17194162 nodes (5300/s, cap 20000000)
20:42:31    ... class 326 pinned 1: 17345818 nodes (5298/s, cap 20000000)
20:43:01    ... class 326 pinned 1: 17499005 nodes (5296/s, cap 20000000)
20:43:31    ... class 326 pinned 1: 17655584 nodes (5296/s, cap 20000000)
20:44:01    ... class 326 pinned 1: 17807496 nodes (5294/s, cap 20000000)
20:44:31    ... class 326 pinned 1: 17965526 nodes (5293/s, cap 20000000)
20:45:01    ... class 326 pinned 1: 18125054 nodes (5294/s, cap 20000000)
20:45:31    ... class 326 pinned 1: 18284820 nodes (5294/s, cap 20000000)
20:46:01    ... class 326 pinned 1: 18444661 nodes (5294/s, cap 20000000)
20:46:31    ... class 326 pinned 1: 18603834 nodes (5294/s, cap 20000000)
20:47:01    ... class 326 pinned 1: 18765874 nodes (5295/s, cap 20000000)
20:47:31    ... class 326 pinned 1: 18928610 nodes (5296/s, cap 20000000)
20:48:01    ... class 326 pinned 1: 19091392 nodes (5297/s, cap 20000000)
20:48:31    ... class 326 pinned 1: 19251699 nodes (5298/s, cap 20000000)
20:49:01    ... class 326 pinned 1: 19408970 nodes (5297/s, cap 20000000)
20:49:31    ... class 326 pinned 1: 19566432 nodes (5297/s, cap 20000000)
20:50:01    ... class 326 pinned 1: 19726014 nodes (5297/s, cap 20000000)
20:50:31    ... class 326 pinned 1: 19884860 nodes (5297/s, cap 20000000)
20:50:53  class 326 (e=34) pinned 1: CAP (3776s)
20:50:53  probing class 327 (e=32) pinned 0 ...
20:51:23    ... class 327 pinned 0: 186717 nodes (6224/s, cap 20000000)
20:51:47  class 327 (e=32) pinned 0: SAT (54s)
20:51:47  probing class 327 (e=32) pinned 1 ...
20:52:17    ... class 327 pinned 1: 326648 nodes (10888/s, cap 20000000)
20:52:47    ... class 327 pinned 1: 852525 nodes (14209/s, cap 20000000)
20:53:17    ... class 327 pinned 1: 1379216 nodes (15325/s, cap 20000000)
20:53:47    ... class 327 pinned 1: 1906488 nodes (15887/s, cap 20000000)
20:54:17    ... class 327 pinned 1: 2431090 nodes (16207/s, cap 20000000)
20:54:47    ... class 327 pinned 1: 2944198 nodes (16357/s, cap 20000000)
20:55:17    ... class 327 pinned 1: 3468208 nodes (16515/s, cap 20000000)
20:55:47    ... class 327 pinned 1: 3989517 nodes (16623/s, cap 20000000)
20:56:17    ... class 327 pinned 1: 4510989 nodes (16707/s, cap 20000000)
20:56:47    ... class 327 pinned 1: 5037210 nodes (16791/s, cap 20000000)
20:57:17    ... class 327 pinned 1: 5522413 nodes (16735/s, cap 20000000)
20:57:47    ... class 327 pinned 1: 6041308 nodes (16781/s, cap 20000000)
20:58:17    ... class 327 pinned 1: 6555772 nodes (16810/s, cap 20000000)
20:58:47    ... class 327 pinned 1: 7079465 nodes (16856/s, cap 20000000)
20:59:17    ... class 327 pinned 1: 7594111 nodes (16876/s, cap 20000000)
20:59:47    ... class 327 pinned 1: 8090124 nodes (16854/s, cap 20000000)
21:00:17    ... class 327 pinned 1: 8617142 nodes (16896/s, cap 20000000)
21:00:47    ... class 327 pinned 1: 9150105 nodes (16945/s, cap 20000000)
21:01:17    ... class 327 pinned 1: 9662940 nodes (16952/s, cap 20000000)
21:01:47    ... class 327 pinned 1: 10186027 nodes (16977/s, cap 20000000)
21:02:17    ... class 327 pinned 1: 10686058 nodes (16962/s, cap 20000000)
21:02:47    ... class 327 pinned 1: 11165252 nodes (16917/s, cap 20000000)
21:03:17    ... class 327 pinned 1: 11645089 nodes (16877/s, cap 20000000)
21:03:47    ... class 327 pinned 1: 12138501 nodes (16859/s, cap 20000000)
21:04:17    ... class 327 pinned 1: 12660792 nodes (16881/s, cap 20000000)
21:04:47    ... class 327 pinned 1: 13188710 nodes (16909/s, cap 20000000)
21:05:17    ... class 327 pinned 1: 13681641 nodes (16891/s, cap 20000000)
21:05:47    ... class 327 pinned 1: 14196286 nodes (16900/s, cap 20000000)
21:06:17    ... class 327 pinned 1: 14711299 nodes (16910/s, cap 20000000)
21:06:47    ... class 327 pinned 1: 15238795 nodes (16932/s, cap 20000000)
21:07:17    ... class 327 pinned 1: 15759840 nodes (16946/s, cap 20000000)
21:07:47    ... class 327 pinned 1: 16281225 nodes (16960/s, cap 20000000)
21:08:17    ... class 327 pinned 1: 16806121 nodes (16976/s, cap 20000000)
21:08:47    ... class 327 pinned 1: 17334184 nodes (16994/s, cap 20000000)
21:09:17    ... class 327 pinned 1: 17853827 nodes (17004/s, cap 20000000)
21:09:47    ... class 327 pinned 1: 18370593 nodes (17010/s, cap 20000000)
21:10:17    ... class 327 pinned 1: 18886575 nodes (17015/s, cap 20000000)
21:10:47    ... class 327 pinned 1: 19367139 nodes (16989/s, cap 20000000)
21:11:17    ... class 327 pinned 1: 19836695 nodes (16954/s, cap 20000000)
21:11:26  class 327 (e=32) pinned 1: CAP (1180s)
21:11:26  probing class 328 (e=36) pinned 0 ...
21:11:56    ... class 328 pinned 0: 180657 nodes (6022/s, cap 20000000)
21:12:21  class 328 (e=36) pinned 0: SAT (55s)
21:12:21  probing class 328 (e=36) pinned 1 ...
21:12:23  class 328 (e=36) pinned 1: SAT (2s)
21:12:23  probing class 329 (e=8) pinned 0 ...
21:12:23  class 329 (e=8) pinned 0: UNSAT (0s)
21:12:23  probing class 329 (e=8) pinned 1 ...
21:12:53    ... class 329 pinned 1: 189122 nodes (6304/s, cap 20000000)
21:13:16  class 329 (e=8) pinned 1: SAT (53s)
21:13:16  probing class 330 (e=12) pinned 0 ...
21:13:21  class 330 (e=12) pinned 0: SAT (5s)
21:13:21  probing class 330 (e=12) pinned 1 ...
21:13:51    ... class 330 pinned 1: 176519 nodes (5884/s, cap 20000000)
21:14:21    ... class 330 pinned 1: 335497 nodes (5592/s, cap 20000000)
21:14:22  class 330 (e=12) pinned 1: SAT (61s)
21:14:22  probing class 331 (e=10) pinned 0 ...
21:14:22  class 331 (e=10) pinned 0: SAT (0s)
21:14:22  probing class 331 (e=10) pinned 1 ...
21:14:52    ... class 331 pinned 1: 132177 nodes (4406/s, cap 20000000)
21:15:22    ... class 331 pinned 1: 282110 nodes (4702/s, cap 20000000)
21:15:33  class 331 (e=10) pinned 1: SAT (71s)
21:15:33  probing class 332 (e=14) pinned 0 ...
21:15:45  class 332 (e=14) pinned 0: SAT (13s)
21:15:45  probing class 332 (e=14) pinned 1 ...
21:16:15    ... class 332 pinned 1: 172381 nodes (5746/s, cap 20000000)
21:16:45    ... class 332 pinned 1: 304404 nodes (5073/s, cap 20000000)
21:16:53  class 332 (e=14) pinned 1: SAT (67s)
21:16:53  probing class 333 (e=24) pinned 0 ...
21:17:23    ... class 333 pinned 0: 166341 nodes (5545/s, cap 20000000)
21:17:49  class 333 (e=24) pinned 0: SAT (56s)
21:17:49  probing class 333 (e=24) pinned 1 ...
21:18:19    ... class 333 pinned 1: 166979 nodes (5566/s, cap 20000000)
21:18:37  class 333 (e=24) pinned 1: SAT (48s)
21:18:37  probing class 334 (e=28) pinned 0 ...
21:19:07    ... class 334 pinned 0: 166560 nodes (5552/s, cap 20000000)
21:19:35  class 334 (e=28) pinned 0: SAT (58s)
21:19:35  probing class 334 (e=28) pinned 1 ...
21:19:48  class 334 (e=28) pinned 1: SAT (13s)
21:19:48  probing class 335 (e=26) pinned 0 ...
21:20:18    ... class 335 pinned 0: 151888 nodes (5063/s, cap 20000000)
23:37:46  NOTE: probing ALL 1242 classes (no --classes/--auto). This is the full backbone sweep; at ~1 min/probe expect ~41 hours, checkpointed.
23:37:46  targets (1242): 0(e=0), 1(e=25), 2(e=20), 3(e=45), 4(e=10), 5(e=35), 6(e=10), 7(e=35), 8(e=36), 9(e=9), 10(e=18), 11(e=27), 12(e=27), 13(e=9), 14(e=36), 15(e=18), 16(e=9), 17(e=18), 18(e=18), 19(e=27), 20(e=18), 21(e=27), 22(e=27), 23(e=36), 24(e=40) ...
23:37:46  probing class 335 (e=26) pinned 0 ...
23:38:16    ... class 335 pinned 0: 213425 nodes (7114/s, cap 20000000)
23:38:31  class 335 (e=26) pinned 0: SAT (46s)
23:38:31  probing class 335 (e=26) pinned 1 ...
23:39:01  class 335 (e=26) pinned 1: SAT (30s)
23:39:01  probing class 336 (e=8) pinned 0 ...
23:39:01  class 336 (e=8) pinned 0: UNSAT (0s)
23:39:01  probing class 336 (e=8) pinned 1 ...
23:39:31    ... class 336 pinned 1: 213504 nodes (7117/s, cap 20000000)
23:39:49  class 336 (e=8) pinned 1: SAT (48s)
23:39:49  probing class 337 (e=12) pinned 0 ...
23:39:49  class 337 (e=12) pinned 0: SAT (0s)
23:39:49  probing class 337 (e=12) pinned 1 ...
23:40:19    ... class 337 pinned 1: 217210 nodes (7240/s, cap 20000000)
23:40:36  class 337 (e=12) pinned 1: SAT (47s)
23:40:36  probing class 338 (e=10) pinned 0 ...
23:40:37  class 338 (e=10) pinned 0: SAT (0s)
23:40:37  probing class 338 (e=10) pinned 1 ...
23:41:07    ... class 338 pinned 1: 216707 nodes (7224/s, cap 20000000)
23:41:24  class 338 (e=10) pinned 1: SAT (47s)
23:41:24  probing class 339 (e=24) pinned 0 ...
23:41:54    ... class 339 pinned 0: 216947 nodes (7232/s, cap 20000000)
23:42:11  class 339 (e=24) pinned 0: SAT (47s)
23:42:11  probing class 339 (e=24) pinned 1 ...
23:42:41    ... class 339 pinned 1: 219791 nodes (7326/s, cap 20000000)
23:43:11    ... class 339 pinned 1: 464243 nodes (7737/s, cap 20000000)
23:43:41    ... class 339 pinned 1: 686865 nodes (7632/s, cap 20000000)
23:43:46  class 339 (e=24) pinned 1: SAT (95s)
23:43:46  probing class 340 (e=28) pinned 0 ...
23:44:16    ... class 340 pinned 0: 213793 nodes (7126/s, cap 20000000)
23:44:33  class 340 (e=28) pinned 0: SAT (48s)
23:44:33  probing class 340 (e=28) pinned 1 ...
23:45:03    ... class 340 pinned 1: 247628 nodes (8254/s, cap 20000000)
23:45:33    ... class 340 pinned 1: 501794 nodes (8363/s, cap 20000000)
23:46:03    ... class 340 pinned 1: 766029 nodes (8511/s, cap 20000000)
23:46:33    ... class 340 pinned 1: 1157621 nodes (9647/s, cap 20000000)
23:47:03    ... class 340 pinned 1: 1537397 nodes (10249/s, cap 20000000)
23:47:33    ... class 340 pinned 1: 1920282 nodes (10668/s, cap 20000000)
23:48:03    ... class 340 pinned 1: 2292613 nodes (10917/s, cap 20000000)
23:48:33    ... class 340 pinned 1: 2659725 nodes (11082/s, cap 20000000)
23:49:03    ... class 340 pinned 1: 3019975 nodes (11185/s, cap 20000000)
23:49:33    ... class 340 pinned 1: 3386886 nodes (11290/s, cap 20000000)
23:50:03    ... class 340 pinned 1: 3753011 nodes (11373/s, cap 20000000)
23:50:33    ... class 340 pinned 1: 4131579 nodes (11477/s, cap 20000000)
23:51:03    ... class 340 pinned 1: 4512293 nodes (11570/s, cap 20000000)
23:51:33    ... class 340 pinned 1: 4897007 nodes (11660/s, cap 20000000)
23:52:03    ... class 340 pinned 1: 5282994 nodes (11740/s, cap 20000000)
23:52:33    ... class 340 pinned 1: 5676244 nodes (11825/s, cap 20000000)
23:53:03    ... class 340 pinned 1: 6070637 nodes (11903/s, cap 20000000)
23:53:33    ... class 340 pinned 1: 6463671 nodes (11970/s, cap 20000000)
23:54:03    ... class 340 pinned 1: 6849427 nodes (12017/s, cap 20000000)
23:54:33    ... class 340 pinned 1: 7231740 nodes (12053/s, cap 20000000)
23:55:03    ... class 340 pinned 1: 7613191 nodes (12084/s, cap 20000000)
23:55:33    ... class 340 pinned 1: 7990507 nodes (12107/s, cap 20000000)
23:56:03    ... class 340 pinned 1: 8353278 nodes (12106/s, cap 20000000)
23:56:33    ... class 340 pinned 1: 8727225 nodes (12121/s, cap 20000000)
23:57:03    ... class 340 pinned 1: 9107640 nodes (12143/s, cap 20000000)
23:57:33    ... class 340 pinned 1: 9461864 nodes (12131/s, cap 20000000)
23:58:03    ... class 340 pinned 1: 9826151 nodes (12131/s, cap 20000000)
23:58:33    ... class 340 pinned 1: 10187271 nodes (12128/s, cap 20000000)
23:59:03    ... class 340 pinned 1: 10559195 nodes (12137/s, cap 20000000)
23:59:33    ... class 340 pinned 1: 10932014 nodes (12147/s, cap 20000000)
00:00:03    ... class 340 pinned 1: 11309035 nodes (12160/s, cap 20000000)
00:00:33    ... class 340 pinned 1: 11679737 nodes (12166/s, cap 20000000)
00:01:03    ... class 340 pinned 1: 12046956 nodes (12169/s, cap 20000000)
00:01:33    ... class 340 pinned 1: 12416494 nodes (12173/s, cap 20000000)
00:02:03    ... class 340 pinned 1: 12785936 nodes (12177/s, cap 20000000)
00:02:33    ... class 340 pinned 1: 13156087 nodes (12182/s, cap 20000000)
00:03:03    ... class 340 pinned 1: 13527001 nodes (12186/s, cap 20000000)
00:03:33    ... class 340 pinned 1: 13899727 nodes (12193/s, cap 20000000)
00:04:03    ... class 340 pinned 1: 14271730 nodes (12198/s, cap 20000000)
00:04:10  class 340 (e=28) pinned 1: SAT (1177s)
00:04:10  probing class 341 (e=26) pinned 0 ...
00:04:40    ... class 341 pinned 0: 222324 nodes (7411/s, cap 20000000)
00:04:57  class 341 (e=26) pinned 0: SAT (46s)
00:04:57  probing class 341 (e=26) pinned 1 ...
00:05:27    ... class 341 pinned 1: 229388 nodes (7646/s, cap 20000000)
00:05:57    ... class 341 pinned 1: 489453 nodes (8158/s, cap 20000000)
00:06:24  class 341 (e=26) pinned 1: SAT (88s)
00:06:24  probing class 342 (e=30) pinned 0 ...
00:06:54    ... class 342 pinned 0: 221954 nodes (7398/s, cap 20000000)
00:07:10  class 342 (e=30) pinned 0: SAT (46s)
00:07:10  probing class 342 (e=30) pinned 1 ...
00:07:40    ... class 342 pinned 1: 259197 nodes (8640/s, cap 20000000)
00:08:10    ... class 342 pinned 1: 610820 nodes (10180/s, cap 20000000)
00:08:33  class 342 (e=30) pinned 1: SAT (83s)
00:08:33  probing class 343 (e=12) pinned 0 ...
00:09:03    ... class 343 pinned 0: 348727 nodes (11624/s, cap 20000000)
00:09:33    ... class 343 pinned 0: 681957 nodes (11366/s, cap 20000000)
00:10:03    ... class 343 pinned 0: 1007016 nodes (11189/s, cap 20000000)
00:10:33    ... class 343 pinned 0: 1342252 nodes (11185/s, cap 20000000)
00:11:03    ... class 343 pinned 0: 1656693 nodes (11045/s, cap 20000000)
00:11:33    ... class 343 pinned 0: 1960310 nodes (10891/s, cap 20000000)
00:12:03    ... class 343 pinned 0: 2279092 nodes (10853/s, cap 20000000)
00:12:33    ... class 343 pinned 0: 2605102 nodes (10855/s, cap 20000000)
00:13:03    ... class 343 pinned 0: 2901949 nodes (10748/s, cap 20000000)
00:13:33    ... class 343 pinned 0: 3155512 nodes (10518/s, cap 20000000)
00:14:03    ... class 343 pinned 0: 3387202 nodes (10264/s, cap 20000000)
00:14:33    ... class 343 pinned 0: 3803732 nodes (10566/s, cap 20000000)
00:15:03    ... class 343 pinned 0: 4186232 nodes (10734/s, cap 20000000)
00:15:33    ... class 343 pinned 0: 4553223 nodes (10841/s, cap 20000000)
00:16:03    ... class 343 pinned 0: 4934399 nodes (10965/s, cap 20000000)
00:16:33    ... class 343 pinned 0: 5315574 nodes (11074/s, cap 20000000)
00:17:03    ... class 343 pinned 0: 5690183 nodes (11157/s, cap 20000000)
00:17:33    ... class 343 pinned 0: 6068636 nodes (11238/s, cap 20000000)
00:18:03    ... class 343 pinned 0: 6420165 nodes (11263/s, cap 20000000)
00:18:33    ... class 343 pinned 0: 6755614 nodes (11259/s, cap 20000000)
00:19:03    ... class 343 pinned 0: 7061467 nodes (11209/s, cap 20000000)
00:19:33    ... class 343 pinned 0: 7393938 nodes (11203/s, cap 20000000)
00:20:03    ... class 343 pinned 0: 7729585 nodes (11202/s, cap 20000000)
00:20:33    ... class 343 pinned 0: 8063461 nodes (11199/s, cap 20000000)
00:21:03    ... class 343 pinned 0: 8446151 nodes (11261/s, cap 20000000)
00:21:33    ... class 343 pinned 0: 8807139 nodes (11291/s, cap 20000000)
00:22:03    ... class 343 pinned 0: 9142363 nodes (11287/s, cap 20000000)
00:22:33    ... class 343 pinned 0: 9506645 nodes (11317/s, cap 20000000)
00:23:03    ... class 343 pinned 0: 9860456 nodes (11334/s, cap 20000000)
00:23:33    ... class 343 pinned 0: 10235913 nodes (11373/s, cap 20000000)
00:24:03    ... class 343 pinned 0: 10576382 nodes (11372/s, cap 20000000)
00:24:33    ... class 343 pinned 0: 10922866 nodes (11378/s, cap 20000000)
00:25:03    ... class 343 pinned 0: 11260117 nodes (11374/s, cap 20000000)
00:25:33    ... class 343 pinned 0: 11583695 nodes (11356/s, cap 20000000)
00:26:03    ... class 343 pinned 0: 11921882 nodes (11354/s, cap 20000000)
00:26:33    ... class 343 pinned 0: 12259773 nodes (11352/s, cap 20000000)
00:27:03    ... class 343 pinned 0: 12581671 nodes (11335/s, cap 20000000)
00:27:33    ... class 343 pinned 0: 12896520 nodes (11313/s, cap 20000000)
00:28:03    ... class 343 pinned 0: 13211708 nodes (11292/s, cap 20000000)
00:28:33    ... class 343 pinned 0: 13534711 nodes (11279/s, cap 20000000)
00:29:03    ... class 343 pinned 0: 13895477 nodes (11297/s, cap 20000000)
00:29:33    ... class 343 pinned 0: 14265903 nodes (11322/s, cap 20000000)
00:30:03    ... class 343 pinned 0: 14623164 nodes (11336/s, cap 20000000)
00:30:33    ... class 343 pinned 0: 14963322 nodes (11336/s, cap 20000000)
00:31:03    ... class 343 pinned 0: 15306396 nodes (11338/s, cap 20000000)
00:31:33    ... class 343 pinned 0: 15662429 nodes (11350/s, cap 20000000)
00:32:03    ... class 343 pinned 0: 15903699 nodes (11279/s, cap 20000000)
00:32:33    ... class 343 pinned 0: 16260327 nodes (11292/s, cap 20000000)
00:33:03    ... class 343 pinned 0: 16592902 nodes (11288/s, cap 20000000)
00:33:33    ... class 343 pinned 0: 16824839 nodes (11216/s, cap 20000000)
00:34:03    ... class 343 pinned 0: 17116251 nodes (11187/s, cap 20000000)
00:34:33    ... class 343 pinned 0: 17378584 nodes (11140/s, cap 20000000)
00:35:03    ... class 343 pinned 0: 17695703 nodes (11129/s, cap 20000000)
00:35:33    ... class 343 pinned 0: 18048583 nodes (11141/s, cap 20000000)
00:36:03    ... class 343 pinned 0: 18342823 nodes (11117/s, cap 20000000)
00:36:33    ... class 343 pinned 0: 18610108 nodes (11077/s, cap 20000000)
00:37:03    ... class 343 pinned 0: 18890914 nodes (11047/s, cap 20000000)
00:37:33    ... class 343 pinned 0: 19159187 nodes (11011/s, cap 20000000)
00:38:03    ... class 343 pinned 0: 19372802 nodes (10945/s, cap 20000000)
00:38:33    ... class 343 pinned 0: 19612810 nodes (10896/s, cap 20000000)
00:39:03    ... class 343 pinned 0: 19865453 nodes (10855/s, cap 20000000)
00:39:19  class 343 (e=12) pinned 0: CAP (1846s)
00:39:19  probing class 343 (e=12) pinned 1 ...
00:39:49    ... class 343 pinned 1: 177490 nodes (5916/s, cap 20000000)
00:40:19    ... class 343 pinned 1: 308311 nodes (5138/s, cap 20000000)
00:40:27  class 343 (e=12) pinned 1: SAT (67s)
00:40:27  probing class 344 (e=16) pinned 0 ...
00:40:57    ... class 344 pinned 0: 172477 nodes (5749/s, cap 20000000)
00:41:04  class 344 (e=16) pinned 0: SAT (37s)
00:41:04  probing class 344 (e=16) pinned 1 ...
00:41:34    ... class 344 pinned 1: 163790 nodes (5459/s, cap 20000000)
00:41:58  class 344 (e=16) pinned 1: SAT (54s)
00:41:58  probing class 345 (e=14) pinned 0 ...
00:42:28    ... class 345 pinned 0: 298563 nodes (9952/s, cap 20000000)
00:42:58    ... class 345 pinned 0: 620029 nodes (10334/s, cap 20000000)
00:43:28    ... class 345 pinned 0: 926406 nodes (10293/s, cap 20000000)
00:43:58    ... class 345 pinned 0: 1224523 nodes (10204/s, cap 20000000)
00:44:28    ... class 345 pinned 0: 1503778 nodes (10025/s, cap 20000000)
00:44:58    ... class 345 pinned 0: 1803679 nodes (10020/s, cap 20000000)
00:45:28    ... class 345 pinned 0: 2103959 nodes (10019/s, cap 20000000)
00:45:58    ... class 345 pinned 0: 2407157 nodes (10030/s, cap 20000000)
00:46:28    ... class 345 pinned 0: 2643804 nodes (9792/s, cap 20000000)
00:46:58    ... class 345 pinned 0: 2909844 nodes (9699/s, cap 20000000)
00:47:28    ... class 345 pinned 0: 3191272 nodes (9670/s, cap 20000000)
00:47:58    ... class 345 pinned 0: 3459822 nodes (9611/s, cap 20000000)
00:48:28    ... class 345 pinned 0: 3705321 nodes (9501/s, cap 20000000)
00:48:58    ... class 345 pinned 0: 3976868 nodes (9469/s, cap 20000000)
00:49:28    ... class 345 pinned 0: 4206773 nodes (9348/s, cap 20000000)
00:49:58    ... class 345 pinned 0: 4400929 nodes (9169/s, cap 20000000)
00:50:28    ... class 345 pinned 0: 4640068 nodes (9098/s, cap 20000000)
00:50:58    ... class 345 pinned 0: 4905139 nodes (9084/s, cap 20000000)
00:51:28    ... class 345 pinned 0: 5176383 nodes (9081/s, cap 20000000)
00:51:58    ... class 345 pinned 0: 5461315 nodes (9102/s, cap 20000000)
00:52:28    ... class 345 pinned 0: 5727791 nodes (9092/s, cap 20000000)
00:52:58    ... class 345 pinned 0: 5981898 nodes (9063/s, cap 20000000)
00:53:28    ... class 345 pinned 0: 6209150 nodes (8999/s, cap 20000000)
00:53:58    ... class 345 pinned 0: 6433235 nodes (8935/s, cap 20000000)
00:54:28    ... class 345 pinned 0: 6645550 nodes (8861/s, cap 20000000)
00:54:58    ... class 345 pinned 0: 6871508 nodes (8810/s, cap 20000000)
00:55:28    ... class 345 pinned 0: 7056013 nodes (8711/s, cap 20000000)
00:55:58    ... class 345 pinned 0: 7254180 nodes (8636/s, cap 20000000)
00:56:28    ... class 345 pinned 0: 7445016 nodes (8557/s, cap 20000000)
00:56:58    ... class 345 pinned 0: 7739220 nodes (8599/s, cap 20000000)
00:57:28    ... class 345 pinned 0: 7989577 nodes (8591/s, cap 20000000)
00:57:58    ... class 345 pinned 0: 8274912 nodes (8620/s, cap 20000000)
00:58:28    ... class 345 pinned 0: 8603463 nodes (8690/s, cap 20000000)
00:58:58    ... class 345 pinned 0: 8875503 nodes (8701/s, cap 20000000)
00:59:28    ... class 345 pinned 0: 9149316 nodes (8714/s, cap 20000000)
00:59:58    ... class 345 pinned 0: 9380746 nodes (8686/s, cap 20000000)
01:00:28    ... class 345 pinned 0: 9670773 nodes (8712/s, cap 20000000)
01:00:58    ... class 345 pinned 0: 10000616 nodes (8772/s, cap 20000000)
01:01:28    ... class 345 pinned 0: 10331048 nodes (8830/s, cap 20000000)
01:01:58    ... class 345 pinned 0: 10661962 nodes (8885/s, cap 20000000)
01:02:28    ... class 345 pinned 0: 10958341 nodes (8909/s, cap 20000000)
01:02:58    ... class 345 pinned 0: 11256706 nodes (8934/s, cap 20000000)
01:03:28    ... class 345 pinned 0: 11530715 nodes (8938/s, cap 20000000)
01:03:58    ... class 345 pinned 0: 11786810 nodes (8929/s, cap 20000000)
01:04:28    ... class 345 pinned 0: 12040963 nodes (8919/s, cap 20000000)
01:04:58    ... class 345 pinned 0: 12462176 nodes (9030/s, cap 20000000)
01:05:28    ... class 345 pinned 0: 12825080 nodes (9096/s, cap 20000000)
01:05:58    ... class 345 pinned 0: 13183621 nodes (9155/s, cap 20000000)
01:06:28    ... class 345 pinned 0: 13543147 nodes (9213/s, cap 20000000)
01:06:58    ... class 345 pinned 0: 13896845 nodes (9264/s, cap 20000000)
01:07:28    ... class 345 pinned 0: 14235609 nodes (9304/s, cap 20000000)
01:07:58    ... class 345 pinned 0: 14597340 nodes (9357/s, cap 20000000)
01:08:28    ... class 345 pinned 0: 14961163 nodes (9409/s, cap 20000000)
01:08:58    ... class 345 pinned 0: 15302257 nodes (9446/s, cap 20000000)
01:09:28    ... class 345 pinned 0: 15682005 nodes (9504/s, cap 20000000)
01:09:58    ... class 345 pinned 0: 16037827 nodes (9546/s, cap 20000000)
01:10:28    ... class 345 pinned 0: 16398915 nodes (9590/s, cap 20000000)
01:10:58    ... class 345 pinned 0: 16785235 nodes (9647/s, cap 20000000)
01:11:28    ... class 345 pinned 0: 17131024 nodes (9678/s, cap 20000000)
01:11:58    ... class 345 pinned 0: 17455254 nodes (9697/s, cap 20000000)
01:12:28    ... class 345 pinned 0: 17819044 nodes (9737/s, cap 20000000)
01:12:58    ... class 345 pinned 0: 18139549 nodes (9752/s, cap 20000000)
01:13:28    ... class 345 pinned 0: 18463539 nodes (9769/s, cap 20000000)
01:13:58    ... class 345 pinned 0: 18793027 nodes (9788/s, cap 20000000)
01:14:28    ... class 345 pinned 0: 19109027 nodes (9799/s, cap 20000000)
01:14:58    ... class 345 pinned 0: 19427930 nodes (9812/s, cap 20000000)
01:15:28    ... class 345 pinned 0: 19761884 nodes (9832/s, cap 20000000)
01:15:49  class 345 (e=14) pinned 0: CAP (2031s)
01:15:49  probing class 345 (e=14) pinned 1 ...
01:16:19    ... class 345 pinned 1: 201867 nodes (6729/s, cap 20000000)
01:16:39  class 345 (e=14) pinned 1: SAT (50s)
01:16:39  probing class 346 (e=18) pinned 0 ...
01:17:09    ... class 346 pinned 0: 232183 nodes (7739/s, cap 20000000)
01:17:11  class 346 (e=18) pinned 0: SAT (32s)
01:17:11  probing class 346 (e=18) pinned 1 ...
01:17:41    ... class 346 pinned 1: 198883 nodes (6629/s, cap 20000000)
01:17:52  class 346 (e=18) pinned 1: SAT (42s)
01:17:52  probing class 347 (e=28) pinned 0 ...
01:18:22    ... class 347 pinned 0: 205962 nodes (6865/s, cap 20000000)
01:18:41  class 347 (e=28) pinned 0: SAT (49s)
01:18:41  probing class 347 (e=28) pinned 1 ...
01:19:11    ... class 347 pinned 1: 250525 nodes (8351/s, cap 20000000)
01:19:41    ... class 347 pinned 1: 462522 nodes (7709/s, cap 20000000)
01:20:11    ... class 347 pinned 1: 674230 nodes (7491/s, cap 20000000)
01:20:41    ... class 347 pinned 1: 891810 nodes (7432/s, cap 20000000)
01:21:11    ... class 347 pinned 1: 1122023 nodes (7480/s, cap 20000000)
01:21:41    ... class 347 pinned 1: 1347420 nodes (7486/s, cap 20000000)
01:22:11    ... class 347 pinned 1: 1571501 nodes (7483/s, cap 20000000)
01:22:41    ... class 347 pinned 1: 1786440 nodes (7443/s, cap 20000000)
01:23:11    ... class 347 pinned 1: 1990299 nodes (7371/s, cap 20000000)
01:23:41    ... class 347 pinned 1: 2229122 nodes (7430/s, cap 20000000)
01:24:11    ... class 347 pinned 1: 2455717 nodes (7442/s, cap 20000000)
01:24:41    ... class 347 pinned 1: 2684823 nodes (7458/s, cap 20000000)
01:25:11    ... class 347 pinned 1: 2908016 nodes (7456/s, cap 20000000)
01:25:41    ... class 347 pinned 1: 3144798 nodes (7488/s, cap 20000000)
01:26:11    ... class 347 pinned 1: 3391401 nodes (7536/s, cap 20000000)
01:26:41    ... class 347 pinned 1: 3651306 nodes (7607/s, cap 20000000)
01:27:11    ... class 347 pinned 1: 3895487 nodes (7638/s, cap 20000000)
01:27:41    ... class 347 pinned 1: 4146027 nodes (7678/s, cap 20000000)
01:28:11    ... class 347 pinned 1: 4387684 nodes (7698/s, cap 20000000)
01:28:41    ... class 347 pinned 1: 4627589 nodes (7713/s, cap 20000000)
01:29:11    ... class 347 pinned 1: 4881363 nodes (7748/s, cap 20000000)
01:29:41    ... class 347 pinned 1: 5133448 nodes (7778/s, cap 20000000)
01:30:11    ... class 347 pinned 1: 5363539 nodes (7773/s, cap 20000000)
01:30:41    ... class 347 pinned 1: 5604292 nodes (7784/s, cap 20000000)
01:31:11    ... class 347 pinned 1: 5853716 nodes (7805/s, cap 20000000)
01:31:41    ... class 347 pinned 1: 6081422 nodes (7797/s, cap 20000000)
01:32:11    ... class 347 pinned 1: 6299768 nodes (7777/s, cap 20000000)
01:32:41    ... class 347 pinned 1: 6519291 nodes (7761/s, cap 20000000)
01:33:11    ... class 347 pinned 1: 6741398 nodes (7749/s, cap 20000000)
01:33:41    ... class 347 pinned 1: 6972407 nodes (7747/s, cap 20000000)
01:34:11    ... class 347 pinned 1: 7176846 nodes (7717/s, cap 20000000)
01:34:41    ... class 347 pinned 1: 7412599 nodes (7721/s, cap 20000000)
01:35:11    ... class 347 pinned 1: 7670477 nodes (7748/s, cap 20000000)
01:35:41    ... class 347 pinned 1: 7919134 nodes (7764/s, cap 20000000)
01:36:11    ... class 347 pinned 1: 8157156 nodes (7769/s, cap 20000000)
01:36:41    ... class 347 pinned 1: 8409491 nodes (7787/s, cap 20000000)
01:37:11    ... class 347 pinned 1: 8611873 nodes (7758/s, cap 20000000)
01:37:41    ... class 347 pinned 1: 8834978 nodes (7750/s, cap 20000000)
01:38:11    ... class 347 pinned 1: 9069103 nodes (7751/s, cap 20000000)
01:38:41    ... class 347 pinned 1: 9300134 nodes (7750/s, cap 20000000)
01:39:11    ... class 347 pinned 1: 9518324 nodes (7738/s, cap 20000000)
01:39:41    ... class 347 pinned 1: 9743984 nodes (7733/s, cap 20000000)
01:40:11    ... class 347 pinned 1: 9960373 nodes (7721/s, cap 20000000)
01:40:41    ... class 347 pinned 1: 10186035 nodes (7717/s, cap 20000000)
01:41:11    ... class 347 pinned 1: 10388516 nodes (7695/s, cap 20000000)
01:41:41    ... class 347 pinned 1: 10597672 nodes (7679/s, cap 20000000)
01:42:12    ... class 347 pinned 1: 10814897 nodes (7670/s, cap 20000000)
01:42:42    ... class 347 pinned 1: 11006649 nodes (7643/s, cap 20000000)
01:43:12    ... class 347 pinned 1: 11194902 nodes (7615/s, cap 20000000)
01:43:42    ... class 347 pinned 1: 11385202 nodes (7590/s, cap 20000000)
01:44:12    ... class 347 pinned 1: 11573536 nodes (7564/s, cap 20000000)
01:44:42    ... class 347 pinned 1: 11759938 nodes (7538/s, cap 20000000)
01:45:12    ... class 347 pinned 1: 11954948 nodes (7519/s, cap 20000000)
01:45:42    ... class 347 pinned 1: 12163707 nodes (7508/s, cap 20000000)
01:46:12    ... class 347 pinned 1: 12371577 nodes (7498/s, cap 20000000)
01:46:42    ... class 347 pinned 1: 12613302 nodes (7508/s, cap 20000000)
01:47:12    ... class 347 pinned 1: 12833060 nodes (7505/s, cap 20000000)
01:47:42    ... class 347 pinned 1: 13062389 nodes (7507/s, cap 20000000)
01:48:12    ... class 347 pinned 1: 13279858 nodes (7503/s, cap 20000000)
01:48:42    ... class 347 pinned 1: 13523492 nodes (7513/s, cap 20000000)
01:49:12    ... class 347 pinned 1: 13758741 nodes (7518/s, cap 20000000)
01:49:42    ... class 347 pinned 1: 13992326 nodes (7523/s, cap 20000000)
01:50:12    ... class 347 pinned 1: 14232800 nodes (7530/s, cap 20000000)
01:50:42    ... class 347 pinned 1: 14470263 nodes (7536/s, cap 20000000)
01:51:12    ... class 347 pinned 1: 14710518 nodes (7544/s, cap 20000000)
01:51:42    ... class 347 pinned 1: 14950617 nodes (7551/s, cap 20000000)
01:52:12    ... class 347 pinned 1: 15193823 nodes (7559/s, cap 20000000)
01:52:42    ... class 347 pinned 1: 15400732 nodes (7549/s, cap 20000000)
01:53:12    ... class 347 pinned 1: 15592470 nodes (7532/s, cap 20000000)
01:53:42    ... class 347 pinned 1: 15808299 nodes (7528/s, cap 20000000)
01:54:12    ... class 347 pinned 1: 15940850 nodes (7484/s, cap 20000000)
01:54:42    ... class 347 pinned 1: 16056416 nodes (7433/s, cap 20000000)
01:55:12    ... class 347 pinned 1: 16147870 nodes (7373/s, cap 20000000)
01:55:42    ... class 347 pinned 1: 16274560 nodes (7331/s, cap 20000000)
01:56:12    ... class 347 pinned 1: 16407573 nodes (7292/s, cap 20000000)
01:56:42    ... class 347 pinned 1: 16591516 nodes (7277/s, cap 20000000)
01:57:12    ... class 347 pinned 1: 16780723 nodes (7264/s, cap 20000000)
01:57:42    ... class 347 pinned 1: 16985068 nodes (7258/s, cap 20000000)
01:58:12    ... class 347 pinned 1: 17176125 nodes (7247/s, cap 20000000)
01:58:42    ... class 347 pinned 1: 17387475 nodes (7245/s, cap 20000000)
01:59:12    ... class 347 pinned 1: 17598437 nodes (7242/s, cap 20000000)
01:59:42    ... class 347 pinned 1: 17799132 nodes (7235/s, cap 20000000)
02:00:12    ... class 347 pinned 1: 17921660 nodes (7197/s, cap 20000000)
02:00:42    ... class 347 pinned 1: 18083885 nodes (7176/s, cap 20000000)
02:01:12    ... class 347 pinned 1: 18223213 nodes (7146/s, cap 20000000)
02:01:42    ... class 347 pinned 1: 18376423 nodes (7123/s, cap 20000000)
02:02:12    ... class 347 pinned 1: 18576901 nodes (7117/s, cap 20000000)
02:02:42    ... class 347 pinned 1: 18781180 nodes (7114/s, cap 20000000)
02:03:12    ... class 347 pinned 1: 18984313 nodes (7110/s, cap 20000000)
02:03:42    ... class 347 pinned 1: 19136325 nodes (7087/s, cap 20000000)
02:04:12    ... class 347 pinned 1: 19341048 nodes (7085/s, cap 20000000)
02:04:42    ... class 347 pinned 1: 19542611 nodes (7081/s, cap 20000000)
02:05:12    ... class 347 pinned 1: 19755263 nodes (7081/s, cap 20000000)
02:05:42    ... class 347 pinned 1: 19965508 nodes (7080/s, cap 20000000)
02:05:46  class 347 (e=28) pinned 1: CAP (2825s)
02:05:46  probing class 348 (e=32) pinned 0 ...
02:06:17    ... class 348 pinned 0: 183913 nodes (6130/s, cap 20000000)
02:06:47    ... class 348 pinned 0: 333186 nodes (5553/s, cap 20000000)
02:06:47  class 348 (e=32) pinned 0: SAT (61s)
02:06:47  probing class 348 (e=32) pinned 1 ...
02:07:17    ... class 348 pinned 1: 167129 nodes (5570/s, cap 20000000)
02:07:47    ... class 348 pinned 1: 346415 nodes (5773/s, cap 20000000)
02:08:17    ... class 348 pinned 1: 826939 nodes (9188/s, cap 20000000)
02:08:47    ... class 348 pinned 1: 1328520 nodes (11070/s, cap 20000000)
02:09:03  class 348 (e=32) pinned 1: SAT (136s)
02:09:03  probing class 349 (e=30) pinned 0 ...
02:09:33    ... class 349 pinned 0: 195953 nodes (6532/s, cap 20000000)
02:09:54  class 349 (e=30) pinned 0: SAT (51s)
02:09:54  probing class 349 (e=30) pinned 1 ...
02:10:25    ... class 349 pinned 1: 250031 nodes (8334/s, cap 20000000)
02:10:55    ... class 349 pinned 1: 464953 nodes (7749/s, cap 20000000)
02:11:25    ... class 349 pinned 1: 729379 nodes (8104/s, cap 20000000)
02:11:55    ... class 349 pinned 1: 957018 nodes (7975/s, cap 20000000)
02:12:25    ... class 349 pinned 1: 1204416 nodes (8029/s, cap 20000000)
02:12:55    ... class 349 pinned 1: 1389489 nodes (7719/s, cap 20000000)
02:13:25    ... class 349 pinned 1: 1573121 nodes (7491/s, cap 20000000)
02:13:55    ... class 349 pinned 1: 1790302 nodes (7460/s, cap 20000000)
02:14:25    ... class 349 pinned 1: 1978415 nodes (7327/s, cap 20000000)
02:14:55    ... class 349 pinned 1: 2149059 nodes (7163/s, cap 20000000)
02:15:25    ... class 349 pinned 1: 2360829 nodes (7154/s, cap 20000000)
02:15:55    ... class 349 pinned 1: 2570124 nodes (7139/s, cap 20000000)
02:16:25    ... class 349 pinned 1: 2793044 nodes (7162/s, cap 20000000)
02:16:55    ... class 349 pinned 1: 3047276 nodes (7255/s, cap 20000000)
02:17:25    ... class 349 pinned 1: 3275452 nodes (7279/s, cap 20000000)
02:17:55    ... class 349 pinned 1: 3480017 nodes (7250/s, cap 20000000)
02:18:25    ... class 349 pinned 1: 3703603 nodes (7262/s, cap 20000000)
02:18:55    ... class 349 pinned 1: 3911970 nodes (7244/s, cap 20000000)
02:19:25    ... class 349 pinned 1: 4128835 nodes (7244/s, cap 20000000)
02:19:55    ... class 349 pinned 1: 4352430 nodes (7254/s, cap 20000000)
02:20:25    ... class 349 pinned 1: 4635029 nodes (7357/s, cap 20000000)
02:20:54  class 349 (e=30) pinned 1: SAT (659s)
02:20:54  probing class 350 (e=34) pinned 0 ...
02:21:24    ... class 350 pinned 0: 219836 nodes (7328/s, cap 20000000)
02:21:41  class 350 (e=34) pinned 0: SAT (47s)
02:21:41  probing class 350 (e=34) pinned 1 ...
02:22:11    ... class 350 pinned 1: 550260 nodes (18342/s, cap 20000000)
02:22:41    ... class 350 pinned 1: 1122481 nodes (18708/s, cap 20000000)
02:22:49  class 350 (e=34) pinned 1: SAT (68s)
02:22:49  probing class 351 (e=16) pinned 0 ...
02:23:19    ... class 351 pinned 0: 240837 nodes (8028/s, cap 20000000)
02:23:27  class 351 (e=16) pinned 0: SAT (38s)
02:23:27  probing class 351 (e=16) pinned 1 ...
02:23:57    ... class 351 pinned 1: 220588 nodes (7353/s, cap 20000000)
02:24:13  class 351 (e=16) pinned 1: SAT (46s)
02:24:13  probing class 352 (e=14) pinned 0 ...
02:24:41  class 352 (e=14) pinned 0: SAT (28s)
02:24:41  probing class 352 (e=14) pinned 1 ...
02:39:47    ... class 352 pinned 1: 54296 nodes (60/s, cap 20000000)
02:40:17    ... class 352 pinned 1: 278366 nodes (298/s, cap 20000000)
02:40:26  class 352 (e=14) pinned 1: SAT (944s)
02:40:26  probing class 353 (e=18) pinned 0 ...
02:47:56    ... class 353 pinned 0: 66528 nodes (148/s, cap 20000000)
02:48:26    ... class 353 pinned 0: 286768 nodes (596/s, cap 20000000)
02:48:31  class 353 (e=18) pinned 0: SAT (486s)
02:48:31  probing class 353 (e=18) pinned 1 ...
02:49:01    ... class 353 pinned 1: 209905 nodes (6997/s, cap 20000000)
02:49:22  class 353 (e=18) pinned 1: SAT (51s)
02:49:22  probing class 354 (e=32) pinned 0 ...
02:49:52    ... class 354 pinned 0: 198252 nodes (6608/s, cap 20000000)
02:50:12  class 354 (e=32) pinned 0: SAT (51s)
02:50:12  probing class 354 (e=32) pinned 1 ...
13:02:14  NOTE: probing ALL 1242 classes (no --classes/--auto). This is the full backbone sweep; at ~1 min/probe expect ~41 hours, checkpointed.
13:02:14  targets (1242): 0(e=0), 1(e=25), 2(e=20), 3(e=45), 4(e=10), 5(e=35), 6(e=10), 7(e=35), 8(e=36), 9(e=9), 10(e=18), 11(e=27), 12(e=27), 13(e=9), 14(e=36), 15(e=18), 16(e=9), 17(e=18), 18(e=18), 19(e=27), 20(e=18), 21(e=27), 22(e=27), 23(e=36), 24(e=40) ...
13:02:14  probing class 354 (e=32) pinned 1 ...
13:02:37  class 354 (e=32) pinned 1: SAT (24s)
13:02:37  probing class 355 (e=30) pinned 0 ...
13:03:07    ... class 355 pinned 0: 223951 nodes (7465/s, cap 20000000)
13:03:24  class 355 (e=30) pinned 0: SAT (46s)
13:03:24  probing class 355 (e=30) pinned 1 ...
13:18:31    ... class 355 pinned 1: 74372 nodes (82/s, cap 20000000)
13:19:01    ... class 355 pinned 1: 305082 nodes (326/s, cap 20000000)
13:19:03  class 355 (e=30) pinned 1: SAT (939s)
13:19:03  probing class 356 (e=34) pinned 0 ...
13:24:59    ... class 356 pinned 0: 110292 nodes (310/s, cap 20000000)
13:25:29    ... class 356 pinned 0: 322079 nodes (834/s, cap 20000000)
13:25:31  class 356 (e=34) pinned 0: SAT (388s)
13:25:31  probing class 356 (e=34) pinned 1 ...
13:25:31  class 356 (e=34) pinned 1: SAT (0s)
13:25:31  probing class 357 (e=16) pinned 0 ...
13:25:31  class 357 (e=16) pinned 0: SAT (0s)
13:25:31  probing class 357 (e=16) pinned 1 ...
13:26:01    ... class 357 pinned 1: 212707 nodes (7090/s, cap 20000000)
13:26:20  class 357 (e=16) pinned 1: SAT (48s)
13:26:20  probing class 358 (e=14) pinned 0 ...
13:26:20  class 358 (e=14) pinned 0: SAT (0s)
13:26:20  probing class 358 (e=14) pinned 1 ...
13:26:50    ... class 358 pinned 1: 176687 nodes (5890/s, cap 20000000)
13:27:15  class 358 (e=14) pinned 1: SAT (55s)
13:27:15  probing class 359 (e=18) pinned 0 ...
13:27:15  class 359 (e=18) pinned 0: SAT (0s)
13:27:15  probing class 359 (e=18) pinned 1 ...
13:27:45    ... class 359 pinned 1: 203543 nodes (6785/s, cap 20000000)
13:28:05  class 359 (e=18) pinned 1: SAT (50s)
13:28:05  probing class 360 (e=32) pinned 0 ...
13:28:35    ... class 360 pinned 0: 207367 nodes (6912/s, cap 20000000)
13:28:54  class 360 (e=32) pinned 0: SAT (49s)
13:28:54  probing class 360 (e=32) pinned 1 ...
13:29:24    ... class 360 pinned 1: 238568 nodes (7952/s, cap 20000000)
13:29:32  class 360 (e=32) pinned 1: SAT (39s)
13:29:32  probing class 361 (e=30) pinned 0 ...
13:30:02    ... class 361 pinned 0: 205786 nodes (6860/s, cap 20000000)
13:30:22  class 361 (e=30) pinned 0: SAT (50s)
13:30:22  probing class 361 (e=30) pinned 1 ...
13:30:52    ... class 361 pinned 1: 210759 nodes (7025/s, cap 20000000)
13:31:07  class 361 (e=30) pinned 1: SAT (45s)
13:31:07  probing class 362 (e=34) pinned 0 ...
13:31:37    ... class 362 pinned 0: 192437 nodes (6414/s, cap 20000000)
13:31:58  class 362 (e=34) pinned 0: SAT (51s)
13:31:58  probing class 362 (e=34) pinned 1 ...
13:32:06  class 362 (e=34) pinned 1: SAT (9s)
13:32:06  probing class 363 (e=16) pinned 0 ...
13:32:36    ... class 363 pinned 0: 217250 nodes (7242/s, cap 20000000)
13:32:45  class 363 (e=16) pinned 0: SAT (39s)
13:32:45  probing class 363 (e=16) pinned 1 ...
13:33:15    ... class 363 pinned 1: 214716 nodes (7157/s, cap 20000000)
13:33:34  class 363 (e=16) pinned 1: SAT (48s)
13:33:34  probing class 364 (e=20) pinned 0 ...
13:34:04    ... class 364 pinned 0: 220431 nodes (7348/s, cap 20000000)
13:34:18  class 364 (e=20) pinned 0: SAT (44s)
13:34:18  probing class 364 (e=20) pinned 1 ...
13:34:48    ... class 364 pinned 1: 228732 nodes (7624/s, cap 20000000)
13:34:57  class 364 (e=20) pinned 1: SAT (39s)
13:34:57  probing class 365 (e=18) pinned 0 ...
13:35:27    ... class 365 pinned 0: 220721 nodes (7357/s, cap 20000000)
13:35:45  class 365 (e=18) pinned 0: SAT (48s)
13:35:45  probing class 365 (e=18) pinned 1 ...
13:36:15    ... class 365 pinned 1: 194929 nodes (6497/s, cap 20000000)
13:36:36  class 365 (e=18) pinned 1: SAT (51s)
13:36:36  probing class 366 (e=22) pinned 0 ...
13:37:06    ... class 366 pinned 0: 213727 nodes (7124/s, cap 20000000)
13:37:24  class 366 (e=22) pinned 0: SAT (48s)
13:37:24  probing class 366 (e=22) pinned 1 ...
13:37:54    ... class 366 pinned 1: 216746 nodes (7225/s, cap 20000000)
13:38:03  class 366 (e=22) pinned 1: SAT (39s)
13:38:03  probing class 367 (e=32) pinned 0 ...
13:38:33    ... class 367 pinned 0: 190807 nodes (6360/s, cap 20000000)
13:38:56  class 367 (e=32) pinned 0: SAT (53s)
13:38:56  probing class 367 (e=32) pinned 1 ...
13:39:26    ... class 367 pinned 1: 181835 nodes (6061/s, cap 20000000)
13:39:56    ... class 367 pinned 1: 348335 nodes (5806/s, cap 20000000)
13:40:26    ... class 367 pinned 1: 528186 nodes (5869/s, cap 20000000)
13:40:56    ... class 367 pinned 1: 725258 nodes (6044/s, cap 20000000)
13:41:26    ... class 367 pinned 1: 928891 nodes (6193/s, cap 20000000)
13:41:56    ... class 367 pinned 1: 1099265 nodes (6107/s, cap 20000000)
13:42:26    ... class 367 pinned 1: 1283627 nodes (6112/s, cap 20000000)
13:42:56    ... class 367 pinned 1: 1458746 nodes (6078/s, cap 20000000)
13:43:26    ... class 367 pinned 1: 1640073 nodes (6074/s, cap 20000000)
13:43:56    ... class 367 pinned 1: 1840044 nodes (6133/s, cap 20000000)
13:44:26    ... class 367 pinned 1: 2047047 nodes (6203/s, cap 20000000)
13:44:56    ... class 367 pinned 1: 2220758 nodes (6169/s, cap 20000000)
13:45:26    ... class 367 pinned 1: 2406714 nodes (6171/s, cap 20000000)
13:45:56    ... class 367 pinned 1: 2577271 nodes (6136/s, cap 20000000)
13:46:26    ... class 367 pinned 1: 2760014 nodes (6133/s, cap 20000000)
13:46:56    ... class 367 pinned 1: 2941773 nodes (6129/s, cap 20000000)
13:47:26    ... class 367 pinned 1: 3146826 nodes (6170/s, cap 20000000)
13:47:56    ... class 367 pinned 1: 3348003 nodes (6200/s, cap 20000000)
13:48:26    ... class 367 pinned 1: 3533738 nodes (6200/s, cap 20000000)
13:48:56    ... class 367 pinned 1: 3707457 nodes (6179/s, cap 20000000)
13:49:26    ... class 367 pinned 1: 3899260 nodes (6189/s, cap 20000000)
13:49:56    ... class 367 pinned 1: 4074011 nodes (6173/s, cap 20000000)
13:50:26    ... class 367 pinned 1: 4244975 nodes (6152/s, cap 20000000)
13:50:56    ... class 367 pinned 1: 4428553 nodes (6151/s, cap 20000000)
13:51:26    ... class 367 pinned 1: 4631976 nodes (6176/s, cap 20000000)
13:51:56    ... class 367 pinned 1: 4837679 nodes (6202/s, cap 20000000)
13:52:26    ... class 367 pinned 1: 5030451 nodes (6210/s, cap 20000000)
13:52:56    ... class 367 pinned 1: 5197095 nodes (6187/s, cap 20000000)
13:53:26    ... class 367 pinned 1: 5372739 nodes (6176/s, cap 20000000)
13:53:56    ... class 367 pinned 1: 5543157 nodes (6159/s, cap 20000000)
13:54:26    ... class 367 pinned 1: 5727638 nodes (6159/s, cap 20000000)
13:54:56    ... class 367 pinned 1: 5894486 nodes (6140/s, cap 20000000)
13:55:26    ... class 367 pinned 1: 6062979 nodes (6124/s, cap 20000000)
13:55:56    ... class 367 pinned 1: 6235823 nodes (6114/s, cap 20000000)
13:56:26    ... class 367 pinned 1: 6418486 nodes (6113/s, cap 20000000)
13:56:56    ... class 367 pinned 1: 6590896 nodes (6103/s, cap 20000000)
13:57:26    ... class 367 pinned 1: 6754978 nodes (6086/s, cap 20000000)
13:57:56    ... class 367 pinned 1: 6865400 nodes (6022/s, cap 20000000)
13:58:26    ... class 367 pinned 1: 7042193 nodes (6019/s, cap 20000000)
13:58:56    ... class 367 pinned 1: 7226570 nodes (6022/s, cap 20000000)
13:59:26    ... class 367 pinned 1: 7382305 nodes (6002/s, cap 20000000)
13:59:56    ... class 367 pinned 1: 7545621 nodes (5989/s, cap 20000000)
14:00:26    ... class 367 pinned 1: 7700081 nodes (5969/s, cap 20000000)
14:00:56    ... class 367 pinned 1: 7868955 nodes (5961/s, cap 20000000)
14:01:26    ... class 367 pinned 1: 8052666 nodes (5965/s, cap 20000000)
14:01:56    ... class 367 pinned 1: 8235895 nodes (5968/s, cap 20000000)
14:02:26    ... class 367 pinned 1: 8405284 nodes (5961/s, cap 20000000)
14:02:56    ... class 367 pinned 1: 8580653 nodes (5959/s, cap 20000000)
14:03:26    ... class 367 pinned 1: 8757985 nodes (5958/s, cap 20000000)
14:03:56    ... class 367 pinned 1: 8947485 nodes (5965/s, cap 20000000)
14:04:26    ... class 367 pinned 1: 9152941 nodes (5982/s, cap 20000000)
14:04:56    ... class 367 pinned 1: 9342299 nodes (5989/s, cap 20000000)
14:05:26    ... class 367 pinned 1: 9480126 nodes (5962/s, cap 20000000)
14:05:56    ... class 367 pinned 1: 9648853 nodes (5956/s, cap 20000000)
14:06:26    ... class 367 pinned 1: 9815787 nodes (5949/s, cap 20000000)
14:06:56    ... class 367 pinned 1: 9982725 nodes (5942/s, cap 20000000)
14:07:26    ... class 367 pinned 1: 10153524 nodes (5938/s, cap 20000000)
14:07:56    ... class 367 pinned 1: 10346015 nodes (5946/s, cap 20000000)
14:08:26    ... class 367 pinned 1: 10546066 nodes (5958/s, cap 20000000)
14:08:56    ... class 367 pinned 1: 10739816 nodes (5967/s, cap 20000000)
14:09:26    ... class 367 pinned 1: 10906897 nodes (5960/s, cap 20000000)
14:09:56    ... class 367 pinned 1: 11097205 nodes (5966/s, cap 20000000)
14:10:26    ... class 367 pinned 1: 11265625 nodes (5961/s, cap 20000000)
14:10:56    ... class 367 pinned 1: 11450798 nodes (5964/s, cap 20000000)
14:11:26    ... class 367 pinned 1: 11623269 nodes (5961/s, cap 20000000)
14:11:56    ... class 367 pinned 1: 11796627 nodes (5958/s, cap 20000000)
14:12:26    ... class 367 pinned 1: 11971645 nodes (5956/s, cap 20000000)
14:12:56    ... class 367 pinned 1: 12160380 nodes (5961/s, cap 20000000)
14:13:26    ... class 367 pinned 1: 12354514 nodes (5968/s, cap 20000000)
14:13:56    ... class 367 pinned 1: 12508168 nodes (5956/s, cap 20000000)
14:14:26    ... class 367 pinned 1: 12698135 nodes (5962/s, cap 20000000)
14:14:56    ... class 367 pinned 1: 12932498 nodes (5987/s, cap 20000000)
14:15:26    ... class 367 pinned 1: 13170301 nodes (6014/s, cap 20000000)
14:15:56    ... class 367 pinned 1: 13400219 nodes (6036/s, cap 20000000)
14:16:26    ... class 367 pinned 1: 13631754 nodes (6059/s, cap 20000000)
14:16:56    ... class 367 pinned 1: 13863817 nodes (6081/s, cap 20000000)
14:17:26    ... class 367 pinned 1: 14104429 nodes (6106/s, cap 20000000)
14:17:56    ... class 367 pinned 1: 14324951 nodes (6122/s, cap 20000000)
14:18:26    ... class 367 pinned 1: 14568100 nodes (6147/s, cap 20000000)
14:18:56    ... class 367 pinned 1: 14793484 nodes (6164/s, cap 20000000)
14:19:26    ... class 367 pinned 1: 15012507 nodes (6178/s, cap 20000000)
14:19:56    ... class 367 pinned 1: 15243746 nodes (6197/s, cap 20000000)
14:20:26    ... class 367 pinned 1: 15483242 nodes (6218/s, cap 20000000)
14:20:56    ... class 367 pinned 1: 15713490 nodes (6235/s, cap 20000000)
14:21:26    ... class 367 pinned 1: 15951173 nodes (6255/s, cap 20000000)
14:21:56    ... class 367 pinned 1: 16195411 nodes (6277/s, cap 20000000)
14:22:26    ... class 367 pinned 1: 16423725 nodes (6293/s, cap 20000000)
14:22:56    ... class 367 pinned 1: 16656622 nodes (6309/s, cap 20000000)
14:23:26    ... class 367 pinned 1: 16897294 nodes (6329/s, cap 20000000)
14:23:56    ... class 367 pinned 1: 17129697 nodes (6344/s, cap 20000000)
14:24:26    ... class 367 pinned 1: 17363470 nodes (6360/s, cap 20000000)
14:24:56    ... class 367 pinned 1: 17607728 nodes (6380/s, cap 20000000)
14:25:26    ... class 367 pinned 1: 17850892 nodes (6398/s, cap 20000000)
14:25:56    ... class 367 pinned 1: 18090915 nodes (6415/s, cap 20000000)
14:26:26    ... class 367 pinned 1: 18341457 nodes (6436/s, cap 20000000)
14:26:56    ... class 367 pinned 1: 18576673 nodes (6450/s, cap 20000000)
14:27:26    ... class 367 pinned 1: 18833713 nodes (6472/s, cap 20000000)
14:27:56    ... class 367 pinned 1: 19085215 nodes (6492/s, cap 20000000)
14:28:26    ... class 367 pinned 1: 19338474 nodes (6511/s, cap 20000000)
14:28:56    ... class 367 pinned 1: 19586526 nodes (6529/s, cap 20000000)
14:29:26    ... class 367 pinned 1: 19825673 nodes (6543/s, cap 20000000)
14:29:48  class 367 (e=32) pinned 1: CAP (3052s)
14:29:48  probing class 368 (e=36) pinned 0 ...
14:30:18    ... class 368 pinned 0: 194797 nodes (6493/s, cap 20000000)
14:30:39  class 368 (e=36) pinned 0: SAT (52s)
14:30:39  probing class 368 (e=36) pinned 1 ...
14:30:40  class 368 (e=36) pinned 1: SAT (0s)
14:30:40  probing class 369 (e=34) pinned 0 ...
14:31:10    ... class 369 pinned 0: 195324 nodes (6511/s, cap 20000000)
14:31:32  class 369 (e=34) pinned 0: SAT (52s)
14:31:32  probing class 369 (e=34) pinned 1 ...
14:31:34  class 369 (e=34) pinned 1: SAT (2s)
14:31:34  probing class 370 (e=38) pinned 0 ...
14:32:04    ... class 370 pinned 0: 194224 nodes (6474/s, cap 20000000)
14:32:26  class 370 (e=38) pinned 0: SAT (52s)
14:32:26  probing class 370 (e=38) pinned 1 ...
14:32:27  class 370 (e=38) pinned 1: SAT (0s)
14:32:27  probing class 371 (e=12) pinned 0 ...
14:32:57    ... class 371 pinned 0: 332166 nodes (11072/s, cap 20000000)
14:33:27    ... class 371 pinned 0: 656701 nodes (10945/s, cap 20000000)
14:33:57    ... class 371 pinned 0: 996730 nodes (11075/s, cap 20000000)
14:34:27    ... class 371 pinned 0: 1328599 nodes (11072/s, cap 20000000)
14:34:57    ... class 371 pinned 0: 1669346 nodes (11129/s, cap 20000000)
14:35:27    ... class 371 pinned 0: 2006814 nodes (11149/s, cap 20000000)
14:35:57    ... class 371 pinned 0: 2348783 nodes (11185/s, cap 20000000)
14:36:27    ... class 371 pinned 0: 2658899 nodes (11079/s, cap 20000000)
14:36:57    ... class 371 pinned 0: 2965740 nodes (10984/s, cap 20000000)
14:37:27    ... class 371 pinned 0: 3345342 nodes (11151/s, cap 20000000)
14:37:57    ... class 371 pinned 0: 3674093 nodes (11134/s, cap 20000000)
14:38:27    ... class 371 pinned 0: 3985597 nodes (11071/s, cap 20000000)
14:38:57    ... class 371 pinned 0: 4333501 nodes (11111/s, cap 20000000)
14:39:27    ... class 371 pinned 0: 4681326 nodes (11146/s, cap 20000000)
14:39:57    ... class 371 pinned 0: 5027278 nodes (11172/s, cap 20000000)
14:40:27    ... class 371 pinned 0: 5349597 nodes (11145/s, cap 20000000)
14:40:57    ... class 371 pinned 0: 5690260 nodes (11157/s, cap 20000000)
14:41:27    ... class 371 pinned 0: 6010876 nodes (11131/s, cap 20000000)
14:41:57    ... class 371 pinned 0: 6339984 nodes (11123/s, cap 20000000)
14:42:27    ... class 371 pinned 0: 6682050 nodes (11137/s, cap 20000000)
14:42:57    ... class 371 pinned 0: 7027862 nodes (11155/s, cap 20000000)
14:43:27    ... class 371 pinned 0: 7327815 nodes (11103/s, cap 20000000)
14:43:57    ... class 371 pinned 0: 7659647 nodes (11101/s, cap 20000000)
14:44:27    ... class 371 pinned 0: 8001422 nodes (11113/s, cap 20000000)
14:44:57    ... class 371 pinned 0: 8327084 nodes (11103/s, cap 20000000)
14:45:27    ... class 371 pinned 0: 8652165 nodes (11092/s, cap 20000000)
14:45:57    ... class 371 pinned 0: 8970106 nodes (11074/s, cap 20000000)
14:46:27    ... class 371 pinned 0: 9304513 nodes (11077/s, cap 20000000)
14:46:57    ... class 371 pinned 0: 9653412 nodes (11096/s, cap 20000000)
14:47:27    ... class 371 pinned 0: 9951865 nodes (11058/s, cap 20000000)
14:47:57    ... class 371 pinned 0: 10268966 nodes (11042/s, cap 20000000)
14:48:27    ... class 371 pinned 0: 10587359 nodes (11028/s, cap 20000000)
14:48:57    ... class 371 pinned 0: 10905707 nodes (11016/s, cap 20000000)
14:49:27    ... class 371 pinned 0: 11265071 nodes (11044/s, cap 20000000)
14:49:57    ... class 371 pinned 0: 11628769 nodes (11075/s, cap 20000000)
14:50:27    ... class 371 pinned 0: 12001335 nodes (11112/s, cap 20000000)
14:50:57    ... class 371 pinned 0: 12349771 nodes (11126/s, cap 20000000)
14:51:27    ... class 371 pinned 0: 12721421 nodes (11159/s, cap 20000000)
14:51:57    ... class 371 pinned 0: 13077768 nodes (11178/s, cap 20000000)
14:52:27    ... class 371 pinned 0: 13407803 nodes (11173/s, cap 20000000)
14:52:57    ... class 371 pinned 0: 13753178 nodes (11181/s, cap 20000000)
14:53:27    ... class 371 pinned 0: 14126003 nodes (11211/s, cap 20000000)
14:53:57    ... class 371 pinned 0: 14490275 nodes (11233/s, cap 20000000)
14:54:27    ... class 371 pinned 0: 14809551 nodes (11219/s, cap 20000000)
14:54:57    ... class 371 pinned 0: 15129010 nodes (11207/s, cap 20000000)
14:55:27    ... class 371 pinned 0: 15496346 nodes (11229/s, cap 20000000)
14:55:57    ... class 371 pinned 0: 15845092 nodes (11238/s, cap 20000000)
14:56:27    ... class 371 pinned 0: 16175877 nodes (11233/s, cap 20000000)
14:56:57    ... class 371 pinned 0: 16507932 nodes (11230/s, cap 20000000)
14:57:27    ... class 371 pinned 0: 16848362 nodes (11232/s, cap 20000000)
14:57:57    ... class 371 pinned 0: 17191092 nodes (11236/s, cap 20000000)
14:58:27    ... class 371 pinned 0: 17531923 nodes (11238/s, cap 20000000)
14:58:57    ... class 371 pinned 0: 17871833 nodes (11240/s, cap 20000000)
14:59:10  class 371 (e=12) pinned 0: SAT (1603s)
14:59:10  probing class 371 (e=12) pinned 1 ...
14:59:40    ... class 371 pinned 1: 201971 nodes (6732/s, cap 20000000)
15:00:00  class 371 (e=12) pinned 1: SAT (50s)
15:00:00  probing class 372 (e=16) pinned 0 ...
15:00:30    ... class 372 pinned 0: 197498 nodes (6583/s, cap 20000000)
15:00:39  class 372 (e=16) pinned 0: SAT (39s)
15:00:39  probing class 372 (e=16) pinned 1 ...
15:01:09    ... class 372 pinned 1: 204953 nodes (6832/s, cap 20000000)
15:01:29  class 372 (e=16) pinned 1: SAT (50s)
15:01:29  probing class 373 (e=28) pinned 0 ...
15:01:59    ... class 373 pinned 0: 204495 nodes (6816/s, cap 20000000)
15:02:20  class 373 (e=28) pinned 0: SAT (51s)
15:02:20  probing class 373 (e=28) pinned 1 ...
15:02:32  class 373 (e=28) pinned 1: SAT (11s)
15:02:32  probing class 374 (e=32) pinned 0 ...
15:03:02    ... class 374 pinned 0: 212765 nodes (7092/s, cap 20000000)
15:03:20  class 374 (e=32) pinned 0: SAT (49s)
15:03:20  probing class 374 (e=32) pinned 1 ...
15:03:34  class 374 (e=32) pinned 1: SAT (13s)
15:03:34  probing class 375 (e=12) pinned 0 ...
15:03:34  class 375 (e=12) pinned 0: SAT (0s)
15:03:34  probing class 375 (e=12) pinned 1 ...
15:04:04    ... class 375 pinned 1: 197177 nodes (6573/s, cap 20000000)
15:04:24  class 375 (e=12) pinned 1: SAT (50s)
15:04:24  probing class 376 (e=16) pinned 0 ...
15:04:24  class 376 (e=16) pinned 0: SAT (0s)
15:04:24  probing class 376 (e=16) pinned 1 ...
15:04:54    ... class 376 pinned 1: 199693 nodes (6656/s, cap 20000000)
15:05:13  class 376 (e=16) pinned 1: SAT (49s)
15:05:13  probing class 377 (e=28) pinned 0 ...
15:05:43    ... class 377 pinned 0: 217932 nodes (7264/s, cap 20000000)
15:06:00  class 377 (e=28) pinned 0: SAT (47s)
15:06:00  probing class 377 (e=28) pinned 1 ...
15:06:30    ... class 377 pinned 1: 244133 nodes (8138/s, cap 20000000)
15:06:49  class 377 (e=28) pinned 1: SAT (49s)
15:06:49  probing class 378 (e=32) pinned 0 ...
15:07:19    ... class 378 pinned 0: 199529 nodes (6651/s, cap 20000000)
15:07:40  class 378 (e=32) pinned 0: SAT (51s)
15:07:40  probing class 378 (e=32) pinned 1 ...
15:08:00  class 378 (e=32) pinned 1: SAT (20s)
15:08:00  probing class 379 (e=14) pinned 0 ...
15:08:30    ... class 379 pinned 0: 298288 nodes (9942/s, cap 20000000)
15:09:00    ... class 379 pinned 0: 601278 nodes (10021/s, cap 20000000)
15:09:30    ... class 379 pinned 0: 926019 nodes (10289/s, cap 20000000)
15:10:00    ... class 379 pinned 0: 1228606 nodes (10238/s, cap 20000000)
15:10:30    ... class 379 pinned 0: 1544451 nodes (10296/s, cap 20000000)
15:11:00    ... class 379 pinned 0: 1872178 nodes (10401/s, cap 20000000)
15:11:30    ... class 379 pinned 0: 2216718 nodes (10555/s, cap 20000000)
15:12:00    ... class 379 pinned 0: 2577739 nodes (10740/s, cap 20000000)
15:12:30    ... class 379 pinned 0: 2905375 nodes (10760/s, cap 20000000)
15:13:00    ... class 379 pinned 0: 3223133 nodes (10744/s, cap 20000000)
15:13:30    ... class 379 pinned 0: 3543545 nodes (10738/s, cap 20000000)
15:14:00    ... class 379 pinned 0: 3864589 nodes (10735/s, cap 20000000)
15:14:30    ... class 379 pinned 0: 4195468 nodes (10757/s, cap 20000000)
15:15:00    ... class 379 pinned 0: 4532120 nodes (10791/s, cap 20000000)
15:15:30    ... class 379 pinned 0: 4873735 nodes (10830/s, cap 20000000)
15:16:00    ... class 379 pinned 0: 5214761 nodes (10864/s, cap 20000000)
15:16:30    ... class 379 pinned 0: 5543144 nodes (10869/s, cap 20000000)
15:17:00    ... class 379 pinned 0: 5884026 nodes (10896/s, cap 20000000)
15:17:30    ... class 379 pinned 0: 6217847 nodes (10908/s, cap 20000000)
15:18:00    ... class 379 pinned 0: 6559225 nodes (10932/s, cap 20000000)
15:18:30    ... class 379 pinned 0: 6890117 nodes (10937/s, cap 20000000)
15:19:00    ... class 379 pinned 0: 7234098 nodes (10961/s, cap 20000000)
15:19:30    ... class 379 pinned 0: 7580274 nodes (10986/s, cap 20000000)
15:20:00    ... class 379 pinned 0: 7918653 nodes (10998/s, cap 20000000)
15:20:30    ... class 379 pinned 0: 8216138 nodes (10955/s, cap 20000000)
15:21:00    ... class 379 pinned 0: 8499160 nodes (10896/s, cap 20000000)
15:21:30    ... class 379 pinned 0: 8761358 nodes (10816/s, cap 20000000)
15:22:00    ... class 379 pinned 0: 9040474 nodes (10762/s, cap 20000000)
15:22:30    ... class 379 pinned 0: 9318160 nodes (10710/s, cap 20000000)
15:23:00    ... class 379 pinned 0: 9625207 nodes (10695/s, cap 20000000)
15:23:30    ... class 379 pinned 0: 9983344 nodes (10735/s, cap 20000000)
15:24:00    ... class 379 pinned 0: 10329181 nodes (10759/s, cap 20000000)
15:24:30    ... class 379 pinned 0: 10691208 nodes (10799/s, cap 20000000)
15:25:00    ... class 379 pinned 0: 11029413 nodes (10813/s, cap 20000000)
15:25:30    ... class 379 pinned 0: 11376894 nodes (10835/s, cap 20000000)
15:26:00    ... class 379 pinned 0: 11710126 nodes (10843/s, cap 20000000)
15:26:30    ... class 379 pinned 0: 12052507 nodes (10858/s, cap 20000000)
15:27:00    ... class 379 pinned 0: 12387282 nodes (10866/s, cap 20000000)
15:27:30    ... class 379 pinned 0: 12732157 nodes (10882/s, cap 20000000)
15:28:00    ... class 379 pinned 0: 13086833 nodes (10906/s, cap 20000000)
15:28:30    ... class 379 pinned 0: 13425423 nodes (10915/s, cap 20000000)
15:29:00    ... class 379 pinned 0: 13777398 nodes (10934/s, cap 20000000)
15:29:30    ... class 379 pinned 0: 14149675 nodes (10969/s, cap 20000000)
15:30:00    ... class 379 pinned 0: 14513920 nodes (10995/s, cap 20000000)
15:30:30    ... class 379 pinned 0: 14879607 nodes (11022/s, cap 20000000)
15:31:00    ... class 379 pinned 0: 15172973 nodes (10995/s, cap 20000000)
15:31:30    ... class 379 pinned 0: 15459298 nodes (10964/s, cap 20000000)
15:32:00    ... class 379 pinned 0: 15750190 nodes (10938/s, cap 20000000)
15:32:30    ... class 379 pinned 0: 16082337 nodes (10940/s, cap 20000000)
15:33:00    ... class 379 pinned 0: 16552628 nodes (11035/s, cap 20000000)
15:33:30    ... class 379 pinned 0: 16958213 nodes (11084/s, cap 20000000)
15:34:00    ... class 379 pinned 0: 17235062 nodes (11048/s, cap 20000000)
15:34:30    ... class 379 pinned 0: 17586154 nodes (11060/s, cap 20000000)
15:35:00    ... class 379 pinned 0: 17957390 nodes (11085/s, cap 20000000)
15:35:30    ... class 379 pinned 0: 18355160 nodes (11124/s, cap 20000000)
15:36:00    ... class 379 pinned 0: 18748585 nodes (11160/s, cap 20000000)
15:36:30    ... class 379 pinned 0: 19140337 nodes (11193/s, cap 20000000)
15:37:00    ... class 379 pinned 0: 19541439 nodes (11231/s, cap 20000000)
15:37:30    ... class 379 pinned 0: 19916964 nodes (11252/s, cap 20000000)
15:37:36  class 379 (e=14) pinned 0: CAP (1777s)
15:37:36  probing class 379 (e=14) pinned 1 ...
15:38:06    ... class 379 pinned 1: 215916 nodes (7197/s, cap 20000000)
15:38:24  class 379 (e=14) pinned 1: SAT (47s)
15:38:24  probing class 380 (e=18) pinned 0 ...
15:38:54    ... class 380 pinned 0: 229881 nodes (7663/s, cap 20000000)
15:39:07  class 380 (e=18) pinned 0: SAT (43s)
15:39:07  probing class 380 (e=18) pinned 1 ...
15:39:37    ... class 380 pinned 1: 224612 nodes (7487/s, cap 20000000)
15:39:47  class 380 (e=18) pinned 1: SAT (40s)
15:39:47  probing class 381 (e=16) pinned 0 ...
15:40:17    ... class 381 pinned 0: 372580 nodes (12419/s, cap 20000000)
15:40:47    ... class 381 pinned 0: 729846 nodes (12164/s, cap 20000000)
15:41:17    ... class 381 pinned 0: 1100968 nodes (12233/s, cap 20000000)
15:41:47    ... class 381 pinned 0: 1429811 nodes (11915/s, cap 20000000)
15:42:17    ... class 381 pinned 0: 1761846 nodes (11746/s, cap 20000000)
15:42:47    ... class 381 pinned 0: 2088315 nodes (11602/s, cap 20000000)
15:43:17    ... class 381 pinned 0: 2430237 nodes (11572/s, cap 20000000)
15:43:47    ... class 381 pinned 0: 2756856 nodes (11487/s, cap 20000000)
15:44:17    ... class 381 pinned 0: 3086356 nodes (11431/s, cap 20000000)
15:44:47    ... class 381 pinned 0: 3415132 nodes (11384/s, cap 20000000)
15:45:17    ... class 381 pinned 0: 3750713 nodes (11366/s, cap 20000000)
15:45:47    ... class 381 pinned 0: 4101554 nodes (11393/s, cap 20000000)
15:46:17    ... class 381 pinned 0: 4407175 nodes (11300/s, cap 20000000)
15:46:47    ... class 381 pinned 0: 4704924 nodes (11202/s, cap 20000000)
15:47:17    ... class 381 pinned 0: 4967671 nodes (11039/s, cap 20000000)
15:47:47    ... class 381 pinned 0: 5224796 nodes (10885/s, cap 20000000)
15:48:17    ... class 381 pinned 0: 5502769 nodes (10790/s, cap 20000000)
15:48:47    ... class 381 pinned 0: 5809454 nodes (10758/s, cap 20000000)
15:49:17    ... class 381 pinned 0: 6105422 nodes (10711/s, cap 20000000)
15:49:47    ... class 381 pinned 0: 6389637 nodes (10649/s, cap 20000000)
15:50:17    ... class 381 pinned 0: 6683865 nodes (10609/s, cap 20000000)
15:50:47    ... class 381 pinned 0: 6980797 nodes (10577/s, cap 20000000)
15:51:17    ... class 381 pinned 0: 7276483 nodes (10546/s, cap 20000000)
15:51:47    ... class 381 pinned 0: 7575617 nodes (10522/s, cap 20000000)
15:52:17    ... class 381 pinned 0: 7884409 nodes (10512/s, cap 20000000)
15:52:47    ... class 381 pinned 0: 8165731 nodes (10469/s, cap 20000000)
15:53:17    ... class 381 pinned 0: 8426035 nodes (10402/s, cap 20000000)
15:53:47    ... class 381 pinned 0: 8674054 nodes (10326/s, cap 20000000)
15:54:17    ... class 381 pinned 0: 8927221 nodes (10261/s, cap 20000000)
15:54:47    ... class 381 pinned 0: 9179079 nodes (10199/s, cap 20000000)
15:55:17    ... class 381 pinned 0: 9421380 nodes (10130/s, cap 20000000)
15:55:47    ... class 381 pinned 0: 9743800 nodes (10150/s, cap 20000000)
15:56:17    ... class 381 pinned 0: 10039348 nodes (10141/s, cap 20000000)
15:56:47    ... class 381 pinned 0: 10337390 nodes (10135/s, cap 20000000)
15:57:17    ... class 381 pinned 0: 10645603 nodes (10139/s, cap 20000000)
15:57:47    ... class 381 pinned 0: 10936183 nodes (10126/s, cap 20000000)
15:58:17    ... class 381 pinned 0: 11234416 nodes (10121/s, cap 20000000)
15:58:47    ... class 381 pinned 0: 11550136 nodes (10132/s, cap 20000000)
15:59:17    ... class 381 pinned 0: 11841409 nodes (10121/s, cap 20000000)
15:59:47    ... class 381 pinned 0: 12121826 nodes (10101/s, cap 20000000)
16:00:17    ... class 381 pinned 0: 12400141 nodes (10081/s, cap 20000000)
16:00:47    ... class 381 pinned 0: 12682951 nodes (10066/s, cap 20000000)
16:01:17    ... class 381 pinned 0: 12960955 nodes (10047/s, cap 20000000)
16:01:47    ... class 381 pinned 0: 13250503 nodes (10038/s, cap 20000000)
16:02:17    ... class 381 pinned 0: 13539432 nodes (10029/s, cap 20000000)
16:02:47    ... class 381 pinned 0: 13805604 nodes (10004/s, cap 20000000)
16:03:17    ... class 381 pinned 0: 14101044 nodes (10001/s, cap 20000000)
16:03:47    ... class 381 pinned 0: 14412005 nodes (10008/s, cap 20000000)
16:04:17    ... class 381 pinned 0: 14699279 nodes (9999/s, cap 20000000)
16:04:47    ... class 381 pinned 0: 14999725 nodes (10000/s, cap 20000000)
16:05:17    ... class 381 pinned 0: 15361338 nodes (10040/s, cap 20000000)
16:05:47    ... class 381 pinned 0: 15714899 nodes (10074/s, cap 20000000)
16:06:17    ... class 381 pinned 0: 16103257 nodes (10128/s, cap 20000000)
16:06:47    ... class 381 pinned 0: 16490720 nodes (10179/s, cap 20000000)
16:07:17    ... class 381 pinned 0: 16757655 nodes (10156/s, cap 20000000)
16:07:47    ... class 381 pinned 0: 16998768 nodes (10118/s, cap 20000000)
16:08:17    ... class 381 pinned 0: 17210480 nodes (10065/s, cap 20000000)
16:08:47    ... class 381 pinned 0: 17453647 nodes (10031/s, cap 20000000)
16:09:17    ... class 381 pinned 0: 17693294 nodes (9996/s, cap 20000000)
16:09:47    ... class 381 pinned 0: 18000825 nodes (10000/s, cap 20000000)
16:10:17    ... class 381 pinned 0: 18344494 nodes (10024/s, cap 20000000)
16:10:47    ... class 381 pinned 0: 18769102 nodes (10091/s, cap 20000000)
16:11:17    ... class 381 pinned 0: 19145474 nodes (10130/s, cap 20000000)
16:11:47    ... class 381 pinned 0: 19482327 nodes (10147/s, cap 20000000)
16:12:17    ... class 381 pinned 0: 19815164 nodes (10162/s, cap 20000000)
16:12:31  class 381 (e=16) pinned 0: CAP (1965s)
16:12:31  probing class 381 (e=16) pinned 1 ...
16:13:01    ... class 381 pinned 1: 218291 nodes (7276/s, cap 20000000)
16:13:19  class 381 (e=16) pinned 1: SAT (47s)
16:13:19  probing class 382 (e=20) pinned 0 ...
16:13:49    ... class 382 pinned 0: 232349 nodes (7745/s, cap 20000000)
16:14:01  class 382 (e=20) pinned 0: SAT (43s)
16:14:01  probing class 382 (e=20) pinned 1 ...
16:14:32    ... class 382 pinned 1: 228225 nodes (7607/s, cap 20000000)
16:14:37  class 382 (e=20) pinned 1: SAT (36s)
16:14:37  probing class 383 (e=30) pinned 0 ...
16:15:07    ... class 383 pinned 0: 217427 nodes (7248/s, cap 20000000)
16:15:24  class 383 (e=30) pinned 0: SAT (47s)
16:15:24  probing class 383 (e=30) pinned 1 ...
16:15:48  class 383 (e=30) pinned 1: SAT (24s)
16:15:48  probing class 384 (e=34) pinned 0 ...
16:16:18    ... class 384 pinned 0: 195635 nodes (6521/s, cap 20000000)
16:16:40  class 384 (e=34) pinned 0: SAT (52s)
16:16:40  probing class 384 (e=34) pinned 1 ...
16:16:44  class 384 (e=34) pinned 1: SAT (4s)
16:16:44  probing class 385 (e=32) pinned 0 ...
16:17:14    ... class 385 pinned 0: 190160 nodes (6339/s, cap 20000000)
16:17:37  class 385 (e=32) pinned 0: SAT (53s)
16:17:37  probing class 385 (e=32) pinned 1 ...
16:17:53  class 385 (e=32) pinned 1: SAT (16s)
16:17:53  probing class 386 (e=36) pinned 0 ...
16:18:23    ... class 386 pinned 0: 191295 nodes (6376/s, cap 20000000)
16:18:47  class 386 (e=36) pinned 0: SAT (54s)
16:18:47  probing class 386 (e=36) pinned 1 ...
16:18:47  class 386 (e=36) pinned 1: SAT (1s)
16:18:47  probing class 387 (e=20) pinned 0 ...
16:19:17    ... class 387 pinned 0: 181625 nodes (6054/s, cap 20000000)
16:19:39  class 387 (e=20) pinned 0: SAT (52s)
16:19:39  probing class 387 (e=20) pinned 1 ...
16:20:09    ... class 387 pinned 1: 217199 nodes (7240/s, cap 20000000)
16:20:26  class 387 (e=20) pinned 1: SAT (47s)
16:20:26  probing class 388 (e=36) pinned 0 ...
16:20:56    ... class 388 pinned 0: 215543 nodes (7185/s, cap 20000000)
16:21:14  class 388 (e=36) pinned 0: SAT (47s)
16:21:14  probing class 388 (e=36) pinned 1 ...
16:21:19  class 388 (e=36) pinned 1: UNSAT (6s)
16:21:19  probing class 389 (e=18) pinned 0 ...
16:21:49    ... class 389 pinned 0: 226816 nodes (7561/s, cap 20000000)
16:22:01  class 389 (e=18) pinned 0: SAT (42s)
16:22:01  probing class 389 (e=18) pinned 1 ...
16:22:31    ... class 389 pinned 1: 215883 nodes (7196/s, cap 20000000)
16:22:49  class 389 (e=18) pinned 1: SAT (47s)
16:22:49  probing class 390 (e=22) pinned 0 ...
16:23:19    ... class 390 pinned 0: 220571 nodes (7352/s, cap 20000000)
16:23:34  class 390 (e=22) pinned 0: SAT (45s)
16:23:34  probing class 390 (e=22) pinned 1 ...
16:23:51  class 390 (e=22) pinned 1: SAT (17s)
16:23:51  probing class 391 (e=20) pinned 0 ...
16:24:21    ... class 391 pinned 0: 233206 nodes (7773/s, cap 20000000)
16:24:34  class 391 (e=20) pinned 0: SAT (43s)
16:24:34  probing class 391 (e=20) pinned 1 ...
16:25:04    ... class 391 pinned 1: 239322 nodes (7977/s, cap 20000000)
16:25:12  class 391 (e=20) pinned 1: SAT (38s)
16:25:12  probing class 392 (e=24) pinned 0 ...
16:25:42    ... class 392 pinned 0: 216716 nodes (7224/s, cap 20000000)
16:25:58  class 392 (e=24) pinned 0: SAT (46s)
16:25:58  probing class 392 (e=24) pinned 1 ...
16:26:10  class 392 (e=24) pinned 1: SAT (12s)
16:26:10  probing class 393 (e=38) pinned 0 ...
16:26:41    ... class 393 pinned 0: 197049 nodes (6568/s, cap 20000000)
16:27:02  class 393 (e=38) pinned 0: SAT (51s)
16:27:02  probing class 393 (e=38) pinned 1 ...
16:27:02  class 393 (e=38) pinned 1: UNSAT (0s)
16:27:02  probing class 394 (e=36) pinned 0 ...
16:27:32    ... class 394 pinned 0: 193590 nodes (6453/s, cap 20000000)
16:27:54  class 394 (e=36) pinned 0: SAT (52s)
16:27:54  probing class 394 (e=36) pinned 1 ...
16:27:55  class 394 (e=36) pinned 1: UNSAT (1s)
16:27:55  probing class 395 (e=16) pinned 0 ...
16:28:25    ... class 395 pinned 0: 323858 nodes (10795/s, cap 20000000)
16:28:55    ... class 395 pinned 0: 641568 nodes (10693/s, cap 20000000)
16:29:25    ... class 395 pinned 0: 961497 nodes (10683/s, cap 20000000)
16:29:55    ... class 395 pinned 0: 1295119 nodes (10793/s, cap 20000000)
16:30:25    ... class 395 pinned 0: 1621938 nodes (10813/s, cap 20000000)
16:30:55    ... class 395 pinned 0: 1935057 nodes (10750/s, cap 20000000)
16:31:25    ... class 395 pinned 0: 2257538 nodes (10750/s, cap 20000000)
16:31:55    ... class 395 pinned 0: 2574349 nodes (10726/s, cap 20000000)
16:32:25    ... class 395 pinned 0: 2896717 nodes (10729/s, cap 20000000)
16:32:55    ... class 395 pinned 0: 3217423 nodes (10725/s, cap 20000000)
16:33:25    ... class 395 pinned 0: 3530705 nodes (10699/s, cap 20000000)
16:33:55    ... class 395 pinned 0: 3825488 nodes (10626/s, cap 20000000)
16:34:25    ... class 395 pinned 0: 4127455 nodes (10583/s, cap 20000000)
16:34:55    ... class 395 pinned 0: 4354945 nodes (10369/s, cap 20000000)
16:35:25    ... class 395 pinned 0: 4562180 nodes (10138/s, cap 20000000)
16:35:55    ... class 395 pinned 0: 4770116 nodes (9938/s, cap 20000000)
16:36:25    ... class 395 pinned 0: 4976160 nodes (9757/s, cap 20000000)
16:36:55    ... class 395 pinned 0: 5212422 nodes (9653/s, cap 20000000)
16:37:25    ... class 395 pinned 0: 5590399 nodes (9808/s, cap 20000000)
16:37:55    ... class 395 pinned 0: 5950130 nodes (9917/s, cap 20000000)
16:38:25    ... class 395 pinned 0: 6383439 nodes (10132/s, cap 20000000)
16:38:55    ... class 395 pinned 0: 6764992 nodes (10250/s, cap 20000000)
16:39:25    ... class 395 pinned 0: 7145360 nodes (10356/s, cap 20000000)
16:39:55    ... class 395 pinned 0: 7488537 nodes (10401/s, cap 20000000)
16:40:25    ... class 395 pinned 0: 7815348 nodes (10420/s, cap 20000000)
16:40:55    ... class 395 pinned 0: 8126488 nodes (10419/s, cap 20000000)
16:41:25    ... class 395 pinned 0: 8403024 nodes (10374/s, cap 20000000)
16:41:55    ... class 395 pinned 0: 8669217 nodes (10320/s, cap 20000000)
16:42:25    ... class 395 pinned 0: 8961567 nodes (10301/s, cap 20000000)
16:42:55    ... class 395 pinned 0: 9252181 nodes (10280/s, cap 20000000)
16:43:25    ... class 395 pinned 0: 9536960 nodes (10255/s, cap 20000000)
16:43:55    ... class 395 pinned 0: 9823850 nodes (10233/s, cap 20000000)
16:44:25    ... class 395 pinned 0: 10123476 nodes (10226/s, cap 20000000)
16:44:55    ... class 395 pinned 0: 10413860 nodes (10210/s, cap 20000000)
16:45:25    ... class 395 pinned 0: 10703273 nodes (10194/s, cap 20000000)
16:45:55    ... class 395 pinned 0: 11004245 nodes (10189/s, cap 20000000)
16:46:25    ... class 395 pinned 0: 11314946 nodes (10194/s, cap 20000000)
16:46:55    ... class 395 pinned 0: 11628527 nodes (10200/s, cap 20000000)
16:47:25    ... class 395 pinned 0: 11975650 nodes (10236/s, cap 20000000)
16:47:55    ... class 395 pinned 0: 12366986 nodes (10306/s, cap 20000000)
16:48:25    ... class 395 pinned 0: 12714250 nodes (10337/s, cap 20000000)
16:48:55    ... class 395 pinned 0: 13090392 nodes (10389/s, cap 20000000)
16:49:25    ... class 395 pinned 0: 13465711 nodes (10438/s, cap 20000000)
16:49:55    ... class 395 pinned 0: 13784731 nodes (10443/s, cap 20000000)
16:50:25    ... class 395 pinned 0: 14111615 nodes (10453/s, cap 20000000)
16:50:55    ... class 395 pinned 0: 14427744 nodes (10455/s, cap 20000000)
16:51:25    ... class 395 pinned 0: 14780844 nodes (10483/s, cap 20000000)
16:51:55    ... class 395 pinned 0: 15137283 nodes (10512/s, cap 20000000)
16:52:25    ... class 395 pinned 0: 15501630 nodes (10545/s, cap 20000000)
16:52:55    ... class 395 pinned 0: 15867618 nodes (10578/s, cap 20000000)
16:53:25    ... class 395 pinned 0: 16223331 nodes (10603/s, cap 20000000)
16:53:55    ... class 395 pinned 0: 16582432 nodes (10630/s, cap 20000000)
16:54:25    ... class 395 pinned 0: 16931640 nodes (10649/s, cap 20000000)
16:54:55    ... class 395 pinned 0: 17280732 nodes (10667/s, cap 20000000)
16:55:25    ... class 395 pinned 0: 17627917 nodes (10684/s, cap 20000000)
16:55:55    ... class 395 pinned 0: 17956063 nodes (10688/s, cap 20000000)
16:56:25    ... class 395 pinned 0: 18266302 nodes (10682/s, cap 20000000)
16:56:55    ... class 395 pinned 0: 18590051 nodes (10684/s, cap 20000000)
16:57:25    ... class 395 pinned 0: 18921009 nodes (10690/s, cap 20000000)
16:57:55    ... class 395 pinned 0: 19166023 nodes (10648/s, cap 20000000)
16:58:25    ... class 395 pinned 0: 19374672 nodes (10587/s, cap 20000000)
16:58:55    ... class 395 pinned 0: 19721279 nodes (10603/s, cap 20000000)
16:59:17  class 395 (e=16) pinned 0: CAP (1882s)
16:59:17  probing class 395 (e=16) pinned 1 ...
16:59:47    ... class 395 pinned 1: 208770 nodes (6959/s, cap 20000000)
17:00:06  class 395 (e=16) pinned 1: SAT (49s)
17:00:06  probing class 396 (e=20) pinned 0 ...
17:00:36    ... class 396 pinned 0: 330623 nodes (11020/s, cap 20000000)
17:01:06    ... class 396 pinned 0: 671347 nodes (11189/s, cap 20000000)
17:01:36    ... class 396 pinned 0: 1033044 nodes (11478/s, cap 20000000)
17:02:06    ... class 396 pinned 0: 1352869 nodes (11274/s, cap 20000000)
17:33:41  NOTE: probing ALL 1242 classes (no --classes/--auto). This is the full backbone sweep; at ~1 min/probe expect ~41 hours, checkpointed.
17:33:41  targets (1242): 0(e=0), 1(e=25), 2(e=20), 3(e=45), 4(e=10), 5(e=35), 6(e=10), 7(e=35), 8(e=36), 9(e=9), 10(e=18), 11(e=27), 12(e=27), 13(e=9), 14(e=36), 15(e=18), 16(e=9), 17(e=18), 18(e=18), 19(e=27), 20(e=18), 21(e=27), 22(e=27), 23(e=36), 24(e=40) ...
17:33:41  probing class 396 (e=20) pinned 0 ...
17:34:11    ... class 396 pinned 0: 311912 nodes (10397/s, cap 20000000)
17:34:41    ... class 396 pinned 0: 645613 nodes (10760/s, cap 20000000)
17:35:11    ... class 396 pinned 0: 1011529 nodes (11239/s, cap 20000000)
17:35:41    ... class 396 pinned 0: 1323556 nodes (11030/s, cap 20000000)
17:36:11    ... class 396 pinned 0: 1639553 nodes (10930/s, cap 20000000)
17:36:41    ... class 396 pinned 0: 1963292 nodes (10907/s, cap 20000000)
17:37:11    ... class 396 pinned 0: 2295745 nodes (10932/s, cap 20000000)
17:37:41    ... class 396 pinned 0: 2638800 nodes (10995/s, cap 20000000)
17:38:11    ... class 396 pinned 0: 2973252 nodes (11012/s, cap 20000000)
17:38:41    ... class 396 pinned 0: 3292860 nodes (10976/s, cap 20000000)
17:39:11    ... class 396 pinned 0: 3630313 nodes (11001/s, cap 20000000)
17:39:41    ... class 396 pinned 0: 3976231 nodes (11045/s, cap 20000000)
17:40:11    ... class 396 pinned 0: 4324212 nodes (11088/s, cap 20000000)
17:40:41    ... class 396 pinned 0: 4664715 nodes (11106/s, cap 20000000)
17:41:11    ... class 396 pinned 0: 5015599 nodes (11146/s, cap 20000000)
17:41:41    ... class 396 pinned 0: 5326688 nodes (11097/s, cap 20000000)
17:42:11    ... class 396 pinned 0: 5647343 nodes (11073/s, cap 20000000)
17:42:41    ... class 396 pinned 0: 5972026 nodes (11059/s, cap 20000000)
17:43:11    ... class 396 pinned 0: 6303246 nodes (11058/s, cap 20000000)
17:43:41    ... class 396 pinned 0: 6641439 nodes (11069/s, cap 20000000)
17:44:11    ... class 396 pinned 0: 6966611 nodes (11058/s, cap 20000000)
17:44:41    ... class 396 pinned 0: 7277963 nodes (11027/s, cap 20000000)
17:45:11    ... class 396 pinned 0: 7573693 nodes (10976/s, cap 20000000)
17:45:41    ... class 396 pinned 0: 7890523 nodes (10959/s, cap 20000000)
17:46:11    ... class 396 pinned 0: 8210600 nodes (10947/s, cap 20000000)
17:46:41    ... class 396 pinned 0: 8536777 nodes (10945/s, cap 20000000)
17:47:11    ... class 396 pinned 0: 8870846 nodes (10952/s, cap 20000000)
17:47:41    ... class 396 pinned 0: 9205704 nodes (10959/s, cap 20000000)
17:48:11    ... class 396 pinned 0: 9548314 nodes (10975/s, cap 20000000)
17:48:41    ... class 396 pinned 0: 9888207 nodes (10987/s, cap 20000000)
17:49:11    ... class 396 pinned 0: 10226182 nodes (10996/s, cap 20000000)
17:49:41    ... class 396 pinned 0: 10569083 nodes (11009/s, cap 20000000)
17:50:11    ... class 396 pinned 0: 10916214 nodes (11026/s, cap 20000000)
17:50:41    ... class 396 pinned 0: 11252506 nodes (11032/s, cap 20000000)
17:51:11    ... class 396 pinned 0: 11599847 nodes (11047/s, cap 20000000)
17:51:41    ... class 396 pinned 0: 11836645 nodes (10960/s, cap 20000000)
17:52:11    ... class 396 pinned 0: 12152739 nodes (10948/s, cap 20000000)
17:52:41    ... class 396 pinned 0: 12460525 nodes (10930/s, cap 20000000)
17:53:11    ... class 396 pinned 0: 12776275 nodes (10920/s, cap 20000000)
17:53:41    ... class 396 pinned 0: 13115157 nodes (10929/s, cap 20000000)
17:54:11    ... class 396 pinned 0: 13422830 nodes (10913/s, cap 20000000)
17:54:41    ... class 396 pinned 0: 13707038 nodes (10879/s, cap 20000000)
17:55:11    ... class 396 pinned 0: 13993798 nodes (10848/s, cap 20000000)
17:55:41    ... class 396 pinned 0: 14268572 nodes (10809/s, cap 20000000)
17:56:11    ... class 396 pinned 0: 14514763 nodes (10752/s, cap 20000000)
17:56:41    ... class 396 pinned 0: 14769217 nodes (10702/s, cap 20000000)
17:57:11    ... class 396 pinned 0: 15019555 nodes (10652/s, cap 20000000)
17:57:41    ... class 396 pinned 0: 15254871 nodes (10594/s, cap 20000000)
17:58:11    ... class 396 pinned 0: 15488309 nodes (10536/s, cap 20000000)
17:58:41    ... class 396 pinned 0: 15719915 nodes (10480/s, cap 20000000)
17:59:11    ... class 396 pinned 0: 15929746 nodes (10412/s, cap 20000000)
17:59:41    ... class 396 pinned 0: 16223617 nodes (10400/s, cap 20000000)
18:00:11    ... class 396 pinned 0: 16532969 nodes (10398/s, cap 20000000)
18:00:41    ... class 396 pinned 0: 16833928 nodes (10391/s, cap 20000000)
18:01:11    ... class 396 pinned 0: 17135445 nodes (10385/s, cap 20000000)
18:01:41    ... class 396 pinned 0: 17443685 nodes (10383/s, cap 20000000)
18:02:11    ... class 396 pinned 0: 17760206 nodes (10386/s, cap 20000000)
18:02:41    ... class 396 pinned 0: 18067655 nodes (10384/s, cap 20000000)
18:03:11    ... class 396 pinned 0: 18380431 nodes (10384/s, cap 20000000)
18:03:41    ... class 396 pinned 0: 18636690 nodes (10354/s, cap 20000000)
18:04:11    ... class 396 pinned 0: 18873355 nodes (10313/s, cap 20000000)
18:04:41    ... class 396 pinned 0: 19102374 nodes (10270/s, cap 20000000)
18:05:11    ... class 396 pinned 0: 19336423 nodes (10231/s, cap 20000000)
18:05:41    ... class 396 pinned 0: 19579326 nodes (10198/s, cap 20000000)
18:06:11    ... class 396 pinned 0: 19826966 nodes (10168/s, cap 20000000)
18:06:33  class 396 (e=20) pinned 0: CAP (1972s)
18:06:33  probing class 396 (e=20) pinned 1 ...
18:07:03    ... class 396 pinned 1: 171682 nodes (5722/s, cap 20000000)
18:07:24  class 396 (e=20) pinned 1: SAT (51s)
18:07:24  probing class 397 (e=18) pinned 0 ...
18:07:54    ... class 397 pinned 0: 301747 nodes (10058/s, cap 20000000)
18:08:24    ... class 397 pinned 0: 608991 nodes (10150/s, cap 20000000)
18:08:54    ... class 397 pinned 0: 892618 nodes (9918/s, cap 20000000)
18:09:24    ... class 397 pinned 0: 1199958 nodes (10000/s, cap 20000000)
18:09:54    ... class 397 pinned 0: 1497110 nodes (9981/s, cap 20000000)
18:10:24    ... class 397 pinned 0: 1794582 nodes (9970/s, cap 20000000)
18:10:54    ... class 397 pinned 0: 2099680 nodes (9998/s, cap 20000000)
18:11:24    ... class 397 pinned 0: 2397667 nodes (9990/s, cap 20000000)
18:11:54    ... class 397 pinned 0: 2712564 nodes (10046/s, cap 20000000)
18:12:24    ... class 397 pinned 0: 3015728 nodes (10052/s, cap 20000000)
18:12:54    ... class 397 pinned 0: 3302629 nodes (10008/s, cap 20000000)
18:13:24    ... class 397 pinned 0: 3581182 nodes (9947/s, cap 20000000)
18:13:54    ... class 397 pinned 0: 3839478 nodes (9844/s, cap 20000000)
18:14:24    ... class 397 pinned 0: 4121953 nodes (9814/s, cap 20000000)
18:14:54    ... class 397 pinned 0: 4411791 nodes (9804/s, cap 20000000)
18:15:24    ... class 397 pinned 0: 4663542 nodes (9715/s, cap 20000000)
18:15:54    ... class 397 pinned 0: 4920999 nodes (9649/s, cap 20000000)
18:16:24    ... class 397 pinned 0: 5186732 nodes (9605/s, cap 20000000)
18:16:54    ... class 397 pinned 0: 5447235 nodes (9556/s, cap 20000000)
18:17:24    ... class 397 pinned 0: 5714662 nodes (9524/s, cap 20000000)
18:17:54    ... class 397 pinned 0: 5987884 nodes (9504/s, cap 20000000)
18:18:24    ... class 397 pinned 0: 6285339 nodes (9523/s, cap 20000000)
18:18:54    ... class 397 pinned 0: 6584989 nodes (9543/s, cap 20000000)
18:19:24    ... class 397 pinned 0: 6887266 nodes (9565/s, cap 20000000)
18:19:54    ... class 397 pinned 0: 7187477 nodes (9583/s, cap 20000000)
18:20:24    ... class 397 pinned 0: 7474747 nodes (9583/s, cap 20000000)
18:20:54    ... class 397 pinned 0: 7761556 nodes (9582/s, cap 20000000)
18:21:24    ... class 397 pinned 0: 8056592 nodes (9591/s, cap 20000000)
18:21:54    ... class 397 pinned 0: 8328606 nodes (9573/s, cap 20000000)
18:22:24    ... class 397 pinned 0: 8546566 nodes (9496/s, cap 20000000)
18:22:54    ... class 397 pinned 0: 8772491 nodes (9433/s, cap 20000000)
18:23:24    ... class 397 pinned 0: 8967449 nodes (9341/s, cap 20000000)
18:23:54    ... class 397 pinned 0: 9149955 nodes (9242/s, cap 20000000)
18:24:24    ... class 397 pinned 0: 9380759 nodes (9197/s, cap 20000000)
18:24:54    ... class 397 pinned 0: 9620575 nodes (9162/s, cap 20000000)
18:25:24    ... class 397 pinned 0: 9857829 nodes (9127/s, cap 20000000)
18:25:54    ... class 397 pinned 0: 10113982 nodes (9112/s, cap 20000000)
18:26:24    ... class 397 pinned 0: 10429265 nodes (9148/s, cap 20000000)
18:26:54    ... class 397 pinned 0: 10749840 nodes (9188/s, cap 20000000)
18:27:24    ... class 397 pinned 0: 11074741 nodes (9229/s, cap 20000000)
18:27:54    ... class 397 pinned 0: 11385392 nodes (9256/s, cap 20000000)
18:28:24    ... class 397 pinned 0: 11686160 nodes (9275/s, cap 20000000)
18:28:54    ... class 397 pinned 0: 11997943 nodes (9301/s, cap 20000000)
18:29:24    ... class 397 pinned 0: 12302883 nodes (9320/s, cap 20000000)
18:29:54    ... class 397 pinned 0: 12613566 nodes (9343/s, cap 20000000)
18:30:24    ... class 397 pinned 0: 12923297 nodes (9365/s, cap 20000000)
18:30:54    ... class 397 pinned 0: 13224480 nodes (9379/s, cap 20000000)
18:31:24    ... class 397 pinned 0: 13535025 nodes (9399/s, cap 20000000)
18:31:54    ... class 397 pinned 0: 13847081 nodes (9420/s, cap 20000000)
18:32:24    ... class 397 pinned 0: 14160448 nodes (9440/s, cap 20000000)
18:32:54    ... class 397 pinned 0: 14481085 nodes (9465/s, cap 20000000)
18:33:24    ... class 397 pinned 0: 14820869 nodes (9500/s, cap 20000000)
18:33:54    ... class 397 pinned 0: 15161481 nodes (9535/s, cap 20000000)
18:34:24    ... class 397 pinned 0: 15500529 nodes (9568/s, cap 20000000)
18:34:54    ... class 397 pinned 0: 15763879 nodes (9554/s, cap 20000000)
18:35:24    ... class 397 pinned 0: 16002689 nodes (9525/s, cap 20000000)
18:35:54    ... class 397 pinned 0: 16246556 nodes (9501/s, cap 20000000)
18:36:24    ... class 397 pinned 0: 16502672 nodes (9484/s, cap 20000000)
18:36:54    ... class 397 pinned 0: 16768134 nodes (9473/s, cap 20000000)
18:37:24    ... class 397 pinned 0: 17029448 nodes (9461/s, cap 20000000)
18:37:54    ... class 397 pinned 0: 17366254 nodes (9490/s, cap 20000000)
18:38:24    ... class 397 pinned 0: 17723183 nodes (9528/s, cap 20000000)
18:38:54    ... class 397 pinned 0: 18048357 nodes (9549/s, cap 20000000)
18:39:24    ... class 397 pinned 0: 18381606 nodes (9574/s, cap 20000000)
18:39:54    ... class 397 pinned 0: 18760616 nodes (9621/s, cap 20000000)
18:40:24    ... class 397 pinned 0: 19138430 nodes (9666/s, cap 20000000)
18:40:54    ... class 397 pinned 0: 19518791 nodes (9711/s, cap 20000000)
18:41:24    ... class 397 pinned 0: 19848237 nodes (9729/s, cap 20000000)
18:41:38  class 397 (e=18) pinned 0: CAP (2054s)
18:41:38  probing class 397 (e=18) pinned 1 ...
18:42:08    ... class 397 pinned 1: 202038 nodes (6735/s, cap 20000000)
18:42:28  class 397 (e=18) pinned 1: SAT (50s)
18:42:28  probing class 398 (e=22) pinned 0 ...
13:04:23  NOTE: probing ALL 1242 classes (no --classes/--auto). This is the full backbone sweep; at ~1 min/probe expect ~41 hours, checkpointed.
13:04:23  targets (1242): 0(e=0), 1(e=25), 2(e=20), 3(e=45), 4(e=10), 5(e=35), 6(e=10), 7(e=35), 8(e=36), 9(e=9), 10(e=18), 11(e=27), 12(e=27), 13(e=9), 14(e=36), 15(e=18), 16(e=9), 17(e=18), 18(e=18), 19(e=27), 20(e=18), 21(e=27), 22(e=27), 23(e=36), 24(e=40) ...
13:04:23  probing class 398 (e=22) pinned 0 ...
13:04:54    ... class 398 pinned 0: 82683 nodes (2755/s, cap 20000000)
13:05:24    ... class 398 pinned 0: 166216 nodes (2770/s, cap 20000000)
13:05:54    ... class 398 pinned 0: 230127 nodes (2557/s, cap 20000000)
13:06:24    ... class 398 pinned 0: 284317 nodes (2369/s, cap 20000000)
13:06:37  class 398 (e=22) pinned 0: SAT (134s)
13:06:37  probing class 398 (e=22) pinned 1 ...
13:07:07    ... class 398 pinned 1: 71642 nodes (2388/s, cap 20000000)
13:07:37    ... class 398 pinned 1: 158631 nodes (2644/s, cap 20000000)
13:08:07    ... class 398 pinned 1: 234078 nodes (2601/s, cap 20000000)
13:08:21  class 398 (e=22) pinned 1: SAT (104s)
13:08:21  probing class 399 (e=32) pinned 0 ...
13:08:51    ... class 399 pinned 0: 79095 nodes (2636/s, cap 20000000)
13:09:21    ... class 399 pinned 0: 171351 nodes (2856/s, cap 20000000)
13:09:51    ... class 399 pinned 0: 263663 nodes (2929/s, cap 20000000)
13:10:15  class 399 (e=32) pinned 0: SAT (114s)
13:10:15  probing class 399 (e=32) pinned 1 ...
13:10:45    ... class 399 pinned 1: 124035 nodes (4134/s, cap 20000000)
13:11:15    ... class 399 pinned 1: 239413 nodes (3990/s, cap 20000000)
13:11:42  class 399 (e=32) pinned 1: SAT (87s)
13:11:42  probing class 400 (e=34) pinned 0 ...
13:12:12    ... class 400 pinned 0: 98287 nodes (3276/s, cap 20000000)
13:12:42    ... class 400 pinned 0: 194688 nodes (3245/s, cap 20000000)
13:13:12    ... class 400 pinned 0: 295127 nodes (3279/s, cap 20000000)
13:13:27  class 400 (e=34) pinned 0: SAT (105s)
13:13:27  probing class 400 (e=34) pinned 1 ...
13:13:57    ... class 400 pinned 1: 68141 nodes (2271/s, cap 20000000)
13:14:27    ... class 400 pinned 1: 146750 nodes (2446/s, cap 20000000)
13:14:57    ... class 400 pinned 1: 227734 nodes (2530/s, cap 20000000)
13:15:27    ... class 400 pinned 1: 315727 nodes (2631/s, cap 20000000)
13:15:57    ... class 400 pinned 1: 412487 nodes (2750/s, cap 20000000)
13:16:27    ... class 400 pinned 1: 517885 nodes (2877/s, cap 20000000)
13:16:57    ... class 400 pinned 1: 629849 nodes (2999/s, cap 20000000)
13:17:27    ... class 400 pinned 1: 743376 nodes (3097/s, cap 20000000)
13:17:57    ... class 400 pinned 1: 850286 nodes (3149/s, cap 20000000)
13:18:27    ... class 400 pinned 1: 938990 nodes (3130/s, cap 20000000)
13:18:57    ... class 400 pinned 1: 1034295 nodes (3134/s, cap 20000000)
13:19:27    ... class 400 pinned 1: 1122483 nodes (3118/s, cap 20000000)
13:19:57    ... class 400 pinned 1: 1198734 nodes (3074/s, cap 20000000)
13:20:27    ... class 400 pinned 1: 1286055 nodes (3062/s, cap 20000000)
13:20:57    ... class 400 pinned 1: 1372820 nodes (3051/s, cap 20000000)
13:21:27    ... class 400 pinned 1: 1446416 nodes (3013/s, cap 20000000)
13:21:57    ... class 400 pinned 1: 1543621 nodes (3027/s, cap 20000000)
13:22:27    ... class 400 pinned 1: 1635835 nodes (3029/s, cap 20000000)
13:22:57    ... class 400 pinned 1: 1738139 nodes (3049/s, cap 20000000)
13:23:27    ... class 400 pinned 1: 1848578 nodes (3081/s, cap 20000000)
13:23:57    ... class 400 pinned 1: 1964464 nodes (3118/s, cap 20000000)
13:24:27    ... class 400 pinned 1: 2077956 nodes (3148/s, cap 20000000)
13:24:57    ... class 400 pinned 1: 2192652 nodes (3178/s, cap 20000000)
13:25:27    ... class 400 pinned 1: 2298871 nodes (3193/s, cap 20000000)
13:25:57    ... class 400 pinned 1: 2391843 nodes (3189/s, cap 20000000)
13:26:27    ... class 400 pinned 1: 2490112 nodes (3192/s, cap 20000000)
13:26:57    ... class 400 pinned 1: 2598815 nodes (3208/s, cap 20000000)
13:27:27    ... class 400 pinned 1: 2700313 nodes (3215/s, cap 20000000)
13:27:57    ... class 400 pinned 1: 2797224 nodes (3215/s, cap 20000000)
13:28:27    ... class 400 pinned 1: 2895335 nodes (3217/s, cap 20000000)
13:28:57    ... class 400 pinned 1: 2997603 nodes (3223/s, cap 20000000)
13:29:27    ... class 400 pinned 1: 3102645 nodes (3232/s, cap 20000000)
13:29:57    ... class 400 pinned 1: 3205810 nodes (3238/s, cap 20000000)
13:30:27    ... class 400 pinned 1: 3317069 nodes (3252/s, cap 20000000)
13:30:57    ... class 400 pinned 1: 3447763 nodes (3284/s, cap 20000000)
13:31:27    ... class 400 pinned 1: 3563625 nodes (3300/s, cap 20000000)
13:31:57    ... class 400 pinned 1: 3667925 nodes (3304/s, cap 20000000)
13:32:27    ... class 400 pinned 1: 3783054 nodes (3318/s, cap 20000000)
13:32:57    ... class 400 pinned 1: 3882593 nodes (3318/s, cap 20000000)
13:33:27    ... class 400 pinned 1: 3997409 nodes (3331/s, cap 20000000)
13:33:57    ... class 400 pinned 1: 4101398 nodes (3334/s, cap 20000000)
13:34:27    ... class 400 pinned 1: 4221601 nodes (3350/s, cap 20000000)
13:34:57    ... class 400 pinned 1: 4343305 nodes (3367/s, cap 20000000)
13:35:27    ... class 400 pinned 1: 4475167 nodes (3390/s, cap 20000000)
13:35:57    ... class 400 pinned 1: 4613443 nodes (3417/s, cap 20000000)
13:36:27    ... class 400 pinned 1: 4751260 nodes (3443/s, cap 20000000)
13:36:57    ... class 400 pinned 1: 4883207 nodes (3463/s, cap 20000000)
13:37:27    ... class 400 pinned 1: 4997222 nodes (3470/s, cap 20000000)
13:37:57    ... class 400 pinned 1: 5114533 nodes (3479/s, cap 20000000)
13:38:27    ... class 400 pinned 1: 5259522 nodes (3506/s, cap 20000000)
13:38:57    ... class 400 pinned 1: 5387269 nodes (3521/s, cap 20000000)
13:39:27    ... class 400 pinned 1: 5534992 nodes (3548/s, cap 20000000)
13:39:57    ... class 400 pinned 1: 5700861 nodes (3585/s, cap 20000000)
13:40:27    ... class 400 pinned 1: 5848769 nodes (3610/s, cap 20000000)
13:40:57    ... class 400 pinned 1: 5994253 nodes (3633/s, cap 20000000)
13:41:27    ... class 400 pinned 1: 6149407 nodes (3660/s, cap 20000000)
13:41:57    ... class 400 pinned 1: 6305218 nodes (3687/s, cap 20000000)
13:42:27    ... class 400 pinned 1: 6474294 nodes (3721/s, cap 20000000)
13:42:57    ... class 400 pinned 1: 6632681 nodes (3747/s, cap 20000000)
13:43:27    ... class 400 pinned 1: 6790800 nodes (3773/s, cap 20000000)
13:58:43    ... class 400 pinned 1: 6875004 nodes (2531/s, cap 20000000)
13:59:13    ... class 400 pinned 1: 7047553 nodes (2566/s, cap 20000000)
14:14:29    ... class 400 pinned 1: 7167613 nodes (1957/s, cap 20000000)
14:14:59    ... class 400 pinned 1: 7348866 nodes (1990/s, cap 20000000)
14:23:47    ... class 400 pinned 1: 7452154 nodes (1766/s, cap 20000000)
14:24:17    ... class 400 pinned 1: 7594612 nodes (1787/s, cap 20000000)
14:24:47    ... class 400 pinned 1: 7768634 nodes (1815/s, cap 20000000)
14:25:17    ... class 400 pinned 1: 7965330 nodes (1848/s, cap 20000000)
14:25:47    ... class 400 pinned 1: 8147769 nodes (1878/s, cap 20000000)
14:26:17    ... class 400 pinned 1: 8313416 nodes (1903/s, cap 20000000)
14:26:47    ... class 400 pinned 1: 8473735 nodes (1926/s, cap 20000000)
14:27:17    ... class 400 pinned 1: 8638097 nodes (1950/s, cap 20000000)
14:27:47    ... class 400 pinned 1: 8809010 nodes (1975/s, cap 20000000)
14:28:17    ... class 400 pinned 1: 8989680 nodes (2002/s, cap 20000000)
14:28:47    ... class 400 pinned 1: 9168626 nodes (2029/s, cap 20000000)
14:29:17    ... class 400 pinned 1: 9314123 nodes (2047/s, cap 20000000)
14:29:47    ... class 400 pinned 1: 9470504 nodes (2068/s, cap 20000000)
14:30:17    ... class 400 pinned 1: 9625299 nodes (2088/s, cap 20000000)
14:30:47    ... class 400 pinned 1: 9781814 nodes (2108/s, cap 20000000)
14:31:17    ... class 400 pinned 1: 9953746 nodes (2132/s, cap 20000000)
14:31:47    ... class 400 pinned 1: 10124711 nodes (2154/s, cap 20000000)
14:32:17    ... class 400 pinned 1: 10308217 nodes (2179/s, cap 20000000)
14:32:47    ... class 400 pinned 1: 10478932 nodes (2202/s, cap 20000000)
14:33:17    ... class 400 pinned 1: 10621714 nodes (2218/s, cap 20000000)
14:33:47    ... class 400 pinned 1: 10764674 nodes (2233/s, cap 20000000)
14:34:17    ... class 400 pinned 1: 10916584 nodes (2251/s, cap 20000000)
14:34:47    ... class 400 pinned 1: 11066282 nodes (2268/s, cap 20000000)
14:35:17    ... class 400 pinned 1: 11201868 nodes (2282/s, cap 20000000)
14:35:47    ... class 400 pinned 1: 11366468 nodes (2301/s, cap 20000000)
14:36:17    ... class 400 pinned 1: 11512089 nodes (2316/s, cap 20000000)
14:36:47    ... class 400 pinned 1: 11660290 nodes (2332/s, cap 20000000)
14:37:17    ... class 400 pinned 1: 11808963 nodes (2348/s, cap 20000000)
14:37:47    ... class 400 pinned 1: 11967716 nodes (2365/s, cap 20000000)
14:38:17    ... class 400 pinned 1: 12138007 nodes (2385/s, cap 20000000)
14:38:47    ... class 400 pinned 1: 12299787 nodes (2402/s, cap 20000000)
14:39:17    ... class 400 pinned 1: 12442283 nodes (2416/s, cap 20000000)
14:39:47    ... class 400 pinned 1: 12614250 nodes (2435/s, cap 20000000)
14:40:17    ... class 400 pinned 1: 12811519 nodes (2459/s, cap 20000000)
14:40:47    ... class 400 pinned 1: 13016959 nodes (2484/s, cap 20000000)
14:41:17    ... class 400 pinned 1: 13209834 nodes (2507/s, cap 20000000)
14:41:47    ... class 400 pinned 1: 13418141 nodes (2532/s, cap 20000000)
14:42:17    ... class 400 pinned 1: 13569793 nodes (2546/s, cap 20000000)
14:42:47    ... class 400 pinned 1: 13663669 nodes (2549/s, cap 20000000)
14:43:17    ... class 400 pinned 1: 13798525 nodes (2560/s, cap 20000000)
14:43:47    ... class 400 pinned 1: 13966714 nodes (2577/s, cap 20000000)
14:44:17    ... class 400 pinned 1: 14141406 nodes (2595/s, cap 20000000)
14:44:47    ... class 400 pinned 1: 14336063 nodes (2616/s, cap 20000000)
14:45:17    ... class 400 pinned 1: 14545232 nodes (2640/s, cap 20000000)
14:45:47    ... class 400 pinned 1: 14731346 nodes (2659/s, cap 20000000)
14:46:17    ... class 400 pinned 1: 14919593 nodes (2679/s, cap 20000000)
14:46:47    ... class 400 pinned 1: 15118679 nodes (2700/s, cap 20000000)
14:47:17    ... class 400 pinned 1: 15310468 nodes (2720/s, cap 20000000)
14:47:47    ... class 400 pinned 1: 15499320 nodes (2739/s, cap 20000000)
14:48:17    ... class 400 pinned 1: 15696477 nodes (2759/s, cap 20000000)
14:48:47    ... class 400 pinned 1: 15898792 nodes (2780/s, cap 20000000)
14:49:17    ... class 400 pinned 1: 16115258 nodes (2803/s, cap 20000000)
14:49:47    ... class 400 pinned 1: 16321352 nodes (2824/s, cap 20000000)
14:50:17    ... class 400 pinned 1: 16527305 nodes (2845/s, cap 20000000)
14:50:47    ... class 400 pinned 1: 16745296 nodes (2867/s, cap 20000000)
14:51:17    ... class 400 pinned 1: 16938457 nodes (2886/s, cap 20000000)
14:51:47    ... class 400 pinned 1: 17149323 nodes (2907/s, cap 20000000)
14:52:17    ... class 400 pinned 1: 17346009 nodes (2925/s, cap 20000000)
14:52:47    ... class 400 pinned 1: 17540454 nodes (2943/s, cap 20000000)
14:53:17    ... class 400 pinned 1: 17752611 nodes (2964/s, cap 20000000)
14:53:47    ... class 400 pinned 1: 17944905 nodes (2981/s, cap 20000000)
14:54:17    ... class 400 pinned 1: 18140759 nodes (2999/s, cap 20000000)
14:54:47    ... class 400 pinned 1: 18357502 nodes (3019/s, cap 20000000)
14:55:17    ... class 400 pinned 1: 18574350 nodes (3040/s, cap 20000000)
14:55:47    ... class 400 pinned 1: 18781090 nodes (3059/s, cap 20000000)
14:56:17    ... class 400 pinned 1: 18997848 nodes (3079/s, cap 20000000)
14:56:47    ... class 400 pinned 1: 19206863 nodes (3098/s, cap 20000000)
14:57:17    ... class 400 pinned 1: 19432323 nodes (3119/s, cap 20000000)
14:57:47    ... class 400 pinned 1: 19641120 nodes (3138/s, cap 20000000)
14:58:17    ... class 400 pinned 1: 19865007 nodes (3158/s, cap 20000000)
14:58:34  class 400 (e=34) pinned 1: CAP (6307s)
14:58:34  probing class 401 (e=38) pinned 0 ...
14:59:04    ... class 401 pinned 0: 176518 nodes (5884/s, cap 20000000)
14:59:33  class 401 (e=38) pinned 0: SAT (58s)
14:59:33  probing class 401 (e=38) pinned 1 ...
14:59:33  class 401 (e=38) pinned 1: UNSAT (0s)
14:59:33  probing class 402 (e=24) pinned 0 ...
15:00:03    ... class 402 pinned 0: 268272 nodes (8942/s, cap 20000000)
15:00:33    ... class 402 pinned 0: 551989 nodes (9200/s, cap 20000000)
15:01:03    ... class 402 pinned 0: 843453 nodes (9372/s, cap 20000000)
15:01:33    ... class 402 pinned 0: 1088752 nodes (9073/s, cap 20000000)
15:02:03    ... class 402 pinned 0: 1360700 nodes (9071/s, cap 20000000)
15:02:33    ... class 402 pinned 0: 1656258 nodes (9201/s, cap 20000000)
15:03:03    ... class 402 pinned 0: 1915408 nodes (9121/s, cap 20000000)
15:03:33    ... class 402 pinned 0: 2155276 nodes (8980/s, cap 20000000)
15:04:03    ... class 402 pinned 0: 2423404 nodes (8976/s, cap 20000000)
15:04:33    ... class 402 pinned 0: 2673126 nodes (8910/s, cap 20000000)
15:05:03    ... class 402 pinned 0: 2902921 nodes (8797/s, cap 20000000)
15:05:33    ... class 402 pinned 0: 3148257 nodes (8745/s, cap 20000000)
15:06:03    ... class 402 pinned 0: 3401789 nodes (8722/s, cap 20000000)
15:06:33    ... class 402 pinned 0: 3644907 nodes (8678/s, cap 20000000)
15:07:03    ... class 402 pinned 0: 3896853 nodes (8660/s, cap 20000000)
15:07:33    ... class 402 pinned 0: 4181888 nodes (8712/s, cap 20000000)
15:08:03    ... class 402 pinned 0: 4437426 nodes (8701/s, cap 20000000)
15:08:33    ... class 402 pinned 0: 4678192 nodes (8663/s, cap 20000000)
15:09:03    ... class 402 pinned 0: 4920646 nodes (8633/s, cap 20000000)
15:09:33    ... class 402 pinned 0: 5128477 nodes (8547/s, cap 20000000)
15:10:03    ... class 402 pinned 0: 5359646 nodes (8507/s, cap 20000000)
15:10:33    ... class 402 pinned 0: 5610678 nodes (8501/s, cap 20000000)
15:11:03    ... class 402 pinned 0: 5865899 nodes (8501/s, cap 20000000)
15:11:33    ... class 402 pinned 0: 6119037 nodes (8499/s, cap 20000000)
15:12:03    ... class 402 pinned 0: 6356747 nodes (8476/s, cap 20000000)
15:12:33    ... class 402 pinned 0: 6605116 nodes (8468/s, cap 20000000)
15:13:03    ... class 402 pinned 0: 6862095 nodes (8472/s, cap 20000000)
15:13:33    ... class 402 pinned 0: 7139231 nodes (8499/s, cap 20000000)
15:14:03    ... class 402 pinned 0: 7339760 nodes (8436/s, cap 20000000)
15:14:33    ... class 402 pinned 0: 7524945 nodes (8361/s, cap 20000000)
15:15:03    ... class 402 pinned 0: 7773004 nodes (8358/s, cap 20000000)
15:15:33    ... class 402 pinned 0: 7978942 nodes (8311/s, cap 20000000)
15:16:03    ... class 402 pinned 0: 8224282 nodes (8307/s, cap 20000000)
15:16:33    ... class 402 pinned 0: 8415652 nodes (8251/s, cap 20000000)
15:17:03    ... class 402 pinned 0: 8618854 nodes (8208/s, cap 20000000)
15:17:33    ... class 402 pinned 0: 8867681 nodes (8211/s, cap 20000000)
15:18:03    ... class 402 pinned 0: 9122333 nodes (8218/s, cap 20000000)
15:18:33    ... class 402 pinned 0: 9287570 nodes (8147/s, cap 20000000)
15:19:03    ... class 402 pinned 0: 9477075 nodes (8100/s, cap 20000000)
15:19:33    ... class 402 pinned 0: 9669993 nodes (8058/s, cap 20000000)
15:20:03    ... class 402 pinned 0: 9868614 nodes (8023/s, cap 20000000)
15:20:33    ... class 402 pinned 0: 10112910 nodes (8026/s, cap 20000000)
15:21:03    ... class 402 pinned 0: 10375664 nodes (8043/s, cap 20000000)
15:21:33    ... class 402 pinned 0: 10606353 nodes (8035/s, cap 20000000)
15:22:03    ... class 402 pinned 0: 10848648 nodes (8036/s, cap 20000000)
15:22:33    ... class 402 pinned 0: 11110932 nodes (8051/s, cap 20000000)
15:23:03    ... class 402 pinned 0: 11365455 nodes (8061/s, cap 20000000)
15:23:33    ... class 402 pinned 0: 11625308 nodes (8073/s, cap 20000000)
15:24:03    ... class 402 pinned 0: 11875059 nodes (8078/s, cap 20000000)
15:24:33    ... class 402 pinned 0: 12134476 nodes (8090/s, cap 20000000)
15:25:03    ... class 402 pinned 0: 12398881 nodes (8104/s, cap 20000000)
15:25:33    ... class 402 pinned 0: 12658688 nodes (8114/s, cap 20000000)
15:26:03    ... class 402 pinned 0: 12904392 nodes (8116/s, cap 20000000)
15:26:33    ... class 402 pinned 0: 13160028 nodes (8123/s, cap 20000000)
15:27:03    ... class 402 pinned 0: 13376296 nodes (8107/s, cap 20000000)
15:27:33    ... class 402 pinned 0: 13562172 nodes (8073/s, cap 20000000)
15:28:03    ... class 402 pinned 0: 13729136 nodes (8029/s, cap 20000000)
15:28:33    ... class 402 pinned 0: 13906703 nodes (7992/s, cap 20000000)
15:29:03    ... class 402 pinned 0: 14070851 nodes (7950/s, cap 20000000)
15:29:33    ... class 402 pinned 0: 14226291 nodes (7903/s, cap 20000000)
15:30:03    ... class 402 pinned 0: 14400001 nodes (7869/s, cap 20000000)
15:30:33    ... class 402 pinned 0: 14565226 nodes (7831/s, cap 20000000)
15:31:03    ... class 402 pinned 0: 14735472 nodes (7796/s, cap 20000000)
15:31:33    ... class 402 pinned 0: 14895609 nodes (7758/s, cap 20000000)
15:32:03    ... class 402 pinned 0: 15090927 nodes (7739/s, cap 20000000)
15:32:33    ... class 402 pinned 0: 15282045 nodes (7718/s, cap 20000000)
15:33:03    ... class 402 pinned 0: 15464375 nodes (7694/s, cap 20000000)
15:33:33    ... class 402 pinned 0: 15570787 nodes (7633/s, cap 20000000)
15:34:03    ... class 402 pinned 0: 15709488 nodes (7589/s, cap 20000000)
15:34:33    ... class 402 pinned 0: 15844559 nodes (7545/s, cap 20000000)
15:35:03    ... class 402 pinned 0: 15994988 nodes (7509/s, cap 20000000)
15:35:33    ... class 402 pinned 0: 16212326 nodes (7506/s, cap 20000000)
15:36:03    ... class 402 pinned 0: 16390868 nodes (7484/s, cap 20000000)
15:36:33    ... class 402 pinned 0: 16610998 nodes (7482/s, cap 20000000)
15:37:03    ... class 402 pinned 0: 16786307 nodes (7460/s, cap 20000000)
15:37:33    ... class 402 pinned 0: 16976160 nodes (7446/s, cap 20000000)
15:38:03    ... class 402 pinned 0: 17171924 nodes (7434/s, cap 20000000)
15:38:33    ... class 402 pinned 0: 17410496 nodes (7440/s, cap 20000000)
15:39:03    ... class 402 pinned 0: 17656225 nodes (7450/s, cap 20000000)
15:39:33    ... class 402 pinned 0: 17802278 nodes (7418/s, cap 20000000)
15:40:03    ... class 402 pinned 0: 17981057 nodes (7400/s, cap 20000000)
15:40:33    ... class 402 pinned 0: 18211649 nodes (7403/s, cap 20000000)
15:41:03    ... class 402 pinned 0: 18426818 nodes (7400/s, cap 20000000)
15:41:33    ... class 402 pinned 0: 18694512 nodes (7418/s, cap 20000000)
15:42:03    ... class 402 pinned 0: 18953962 nodes (7433/s, cap 20000000)
15:42:33    ... class 402 pinned 0: 19211307 nodes (7446/s, cap 20000000)
15:43:03    ... class 402 pinned 0: 19452511 nodes (7453/s, cap 20000000)
15:43:33    ... class 402 pinned 0: 19711780 nodes (7467/s, cap 20000000)
15:44:03    ... class 402 pinned 0: 19970351 nodes (7479/s, cap 20000000)
15:44:11  class 402 (e=24) pinned 0: CAP (2678s)
15:44:11  probing class 402 (e=24) pinned 1 ...
15:44:35  class 402 (e=24) pinned 1: SAT (24s)
15:44:35  probing class 403 (e=22) pinned 0 ...
15:45:05    ... class 403 pinned 0: 167764 nodes (5592/s, cap 20000000)
15:45:35    ... class 403 pinned 0: 251130 nodes (4185/s, cap 20000000)
15:46:05    ... class 403 pinned 0: 327956 nodes (3644/s, cap 20000000)
15:46:35    ... class 403 pinned 0: 395783 nodes (3298/s, cap 20000000)
15:47:05    ... class 403 pinned 0: 518798 nodes (3459/s, cap 20000000)
15:47:35    ... class 403 pinned 0: 772034 nodes (4289/s, cap 20000000)
15:48:05    ... class 403 pinned 0: 1000199 nodes (4763/s, cap 20000000)
15:48:35    ... class 403 pinned 0: 1214480 nodes (5060/s, cap 20000000)
15:49:05    ... class 403 pinned 0: 1414899 nodes (5240/s, cap 20000000)
15:49:35    ... class 403 pinned 0: 1517913 nodes (5060/s, cap 20000000)
15:50:05    ... class 403 pinned 0: 1632568 nodes (4947/s, cap 20000000)
15:50:35    ... class 403 pinned 0: 1768163 nodes (4911/s, cap 20000000)
15:51:05    ... class 403 pinned 0: 1955395 nodes (5014/s, cap 20000000)
15:51:35    ... class 403 pinned 0: 2150431 nodes (5120/s, cap 20000000)
15:52:05    ... class 403 pinned 0: 2355156 nodes (5234/s, cap 20000000)
15:52:35    ... class 403 pinned 0: 2563537 nodes (5341/s, cap 20000000)
15:53:05    ... class 403 pinned 0: 2753876 nodes (5400/s, cap 20000000)
15:53:35    ... class 403 pinned 0: 2958694 nodes (5479/s, cap 20000000)
15:54:05    ... class 403 pinned 0: 3160901 nodes (5545/s, cap 20000000)
15:54:35    ... class 403 pinned 0: 3361063 nodes (5602/s, cap 20000000)
15:55:05    ... class 403 pinned 0: 3530777 nodes (5604/s, cap 20000000)
15:55:35    ... class 403 pinned 0: 3743240 nodes (5671/s, cap 20000000)
15:56:05    ... class 403 pinned 0: 3955901 nodes (5733/s, cap 20000000)
15:56:35    ... class 403 pinned 0: 4184044 nodes (5811/s, cap 20000000)
15:57:05    ... class 403 pinned 0: 4428078 nodes (5904/s, cap 20000000)
15:57:35    ... class 403 pinned 0: 4683537 nodes (6004/s, cap 20000000)
15:58:05    ... class 403 pinned 0: 4945463 nodes (6105/s, cap 20000000)
15:58:35    ... class 403 pinned 0: 5191134 nodes (6180/s, cap 20000000)
15:59:05    ... class 403 pinned 0: 5442580 nodes (6256/s, cap 20000000)
15:59:35    ... class 403 pinned 0: 5652876 nodes (6281/s, cap 20000000)
16:00:05    ... class 403 pinned 0: 5759449 nodes (6193/s, cap 20000000)
16:00:35    ... class 403 pinned 0: 5896359 nodes (6142/s, cap 20000000)
16:01:05    ... class 403 pinned 0: 6055636 nodes (6117/s, cap 20000000)
16:01:35    ... class 403 pinned 0: 6231835 nodes (6110/s, cap 20000000)
16:02:05    ... class 403 pinned 0: 6434503 nodes (6128/s, cap 20000000)
16:02:35    ... class 403 pinned 0: 6652174 nodes (6159/s, cap 20000000)
16:03:05    ... class 403 pinned 0: 6914476 nodes (6229/s, cap 20000000)
16:03:35    ... class 403 pinned 0: 7179061 nodes (6297/s, cap 20000000)
16:04:05    ... class 403 pinned 0: 7429558 nodes (6350/s, cap 20000000)
16:04:35    ... class 403 pinned 0: 7680045 nodes (6400/s, cap 20000000)
16:05:05    ... class 403 pinned 0: 7921257 nodes (6440/s, cap 20000000)
16:05:35    ... class 403 pinned 0: 8168874 nodes (6483/s, cap 20000000)
16:06:05    ... class 403 pinned 0: 8424057 nodes (6530/s, cap 20000000)
16:06:35    ... class 403 pinned 0: 8687493 nodes (6581/s, cap 20000000)
16:07:05    ... class 403 pinned 0: 8944776 nodes (6626/s, cap 20000000)
16:07:35    ... class 403 pinned 0: 9044150 nodes (6554/s, cap 20000000)
16:08:05    ... class 403 pinned 0: 9141905 nodes (6484/s, cap 20000000)
16:08:35    ... class 403 pinned 0: 9235464 nodes (6413/s, cap 20000000)
16:09:05    ... class 403 pinned 0: 9329097 nodes (6346/s, cap 20000000)
16:09:35    ... class 403 pinned 0: 9418927 nodes (6279/s, cap 20000000)
16:10:05    ... class 403 pinned 0: 9513404 nodes (6218/s, cap 20000000)
16:10:35    ... class 403 pinned 0: 9606349 nodes (6158/s, cap 20000000)
16:11:05    ... class 403 pinned 0: 9697144 nodes (6099/s, cap 20000000)
16:11:35    ... class 403 pinned 0: 9794491 nodes (6046/s, cap 20000000)
16:12:05    ... class 403 pinned 0: 9885404 nodes (5991/s, cap 20000000)
16:12:35    ... class 403 pinned 0: 9982232 nodes (5942/s, cap 20000000)
16:13:05    ... class 403 pinned 0: 10072262 nodes (5890/s, cap 20000000)
16:13:35    ... class 403 pinned 0: 10168441 nodes (5844/s, cap 20000000)
16:14:05    ... class 403 pinned 0: 10254136 nodes (5793/s, cap 20000000)
16:14:35    ... class 403 pinned 0: 10341639 nodes (5745/s, cap 20000000)
16:15:05    ... class 403 pinned 0: 10422789 nodes (5695/s, cap 20000000)
16:15:35    ... class 403 pinned 0: 10507609 nodes (5649/s, cap 20000000)
16:16:05    ... class 403 pinned 0: 10593212 nodes (5605/s, cap 20000000)
16:16:35    ... class 403 pinned 0: 10677117 nodes (5561/s, cap 20000000)
16:17:05    ... class 403 pinned 0: 10764560 nodes (5520/s, cap 20000000)
16:17:35    ... class 403 pinned 0: 10849400 nodes (5479/s, cap 20000000)
16:18:05    ... class 403 pinned 0: 10935718 nodes (5441/s, cap 20000000)
16:18:35    ... class 403 pinned 0: 11024857 nodes (5404/s, cap 20000000)
16:19:05    ... class 403 pinned 0: 11120265 nodes (5372/s, cap 20000000)
16:19:35    ... class 403 pinned 0: 11208358 nodes (5337/s, cap 20000000)
16:20:05    ... class 403 pinned 0: 11299942 nodes (5305/s, cap 20000000)
16:20:35    ... class 403 pinned 0: 11396385 nodes (5276/s, cap 20000000)
16:21:05    ... class 403 pinned 0: 11477581 nodes (5241/s, cap 20000000)
16:21:35    ... class 403 pinned 0: 11566920 nodes (5210/s, cap 20000000)
16:22:05    ... class 403 pinned 0: 11654258 nodes (5180/s, cap 20000000)
16:22:35    ... class 403 pinned 0: 11742821 nodes (5150/s, cap 20000000)
16:23:05    ... class 403 pinned 0: 11831783 nodes (5122/s, cap 20000000)
16:23:35    ... class 403 pinned 0: 11919199 nodes (5094/s, cap 20000000)
16:24:05    ... class 403 pinned 0: 12005215 nodes (5065/s, cap 20000000)
16:24:35    ... class 403 pinned 0: 12097051 nodes (5040/s, cap 20000000)
16:25:05    ... class 403 pinned 0: 12188690 nodes (5016/s, cap 20000000)
16:25:35    ... class 403 pinned 0: 12278276 nodes (4991/s, cap 20000000)
16:26:05    ... class 403 pinned 0: 12371635 nodes (4968/s, cap 20000000)
16:26:35    ... class 403 pinned 0: 12463414 nodes (4946/s, cap 20000000)
16:27:05    ... class 403 pinned 0: 12556673 nodes (4924/s, cap 20000000)
16:27:35    ... class 403 pinned 0: 12664994 nodes (4909/s, cap 20000000)
16:28:05    ... class 403 pinned 0: 12771463 nodes (4893/s, cap 20000000)
16:28:35    ... class 403 pinned 0: 12873783 nodes (4876/s, cap 20000000)
16:29:05    ... class 403 pinned 0: 12996257 nodes (4867/s, cap 20000000)
16:29:35    ... class 403 pinned 0: 13117413 nodes (4858/s, cap 20000000)
16:30:05    ... class 403 pinned 0: 13244986 nodes (4852/s, cap 20000000)
16:30:35    ... class 403 pinned 0: 13367167 nodes (4843/s, cap 20000000)
16:31:05    ... class 403 pinned 0: 13483681 nodes (4833/s, cap 20000000)
16:31:35    ... class 403 pinned 0: 13606447 nodes (4825/s, cap 20000000)
16:32:05    ... class 403 pinned 0: 13723955 nodes (4815/s, cap 20000000)
16:32:35    ... class 403 pinned 0: 13841512 nodes (4806/s, cap 20000000)
16:33:05    ... class 403 pinned 0: 13960655 nodes (4797/s, cap 20000000)
16:33:35    ... class 403 pinned 0: 14075407 nodes (4787/s, cap 20000000)
16:34:05    ... class 403 pinned 0: 14185688 nodes (4776/s, cap 20000000)
16:34:35    ... class 403 pinned 0: 14288626 nodes (4763/s, cap 20000000)
16:35:05    ... class 403 pinned 0: 14395838 nodes (4751/s, cap 20000000)
16:35:35    ... class 403 pinned 0: 14495585 nodes (4737/s, cap 20000000)
16:36:05    ... class 403 pinned 0: 14595875 nodes (4723/s, cap 20000000)
16:36:35    ... class 403 pinned 0: 14701111 nodes (4712/s, cap 20000000)
16:37:05    ... class 403 pinned 0: 14820450 nodes (4705/s, cap 20000000)
16:37:35    ... class 403 pinned 0: 14950287 nodes (4701/s, cap 20000000)
16:38:05    ... class 403 pinned 0: 15090453 nodes (4701/s, cap 20000000)
16:38:35    ... class 403 pinned 0: 15235433 nodes (4702/s, cap 20000000)
16:39:05    ... class 403 pinned 0: 15371995 nodes (4701/s, cap 20000000)
16:39:35    ... class 403 pinned 0: 15504163 nodes (4698/s, cap 20000000)
16:40:05    ... class 403 pinned 0: 15635646 nodes (4695/s, cap 20000000)
16:40:35    ... class 403 pinned 0: 15770582 nodes (4694/s, cap 20000000)
16:41:05    ... class 403 pinned 0: 15899482 nodes (4690/s, cap 20000000)
16:41:35    ... class 403 pinned 0: 16056718 nodes (4695/s, cap 20000000)
16:42:05    ... class 403 pinned 0: 16246796 nodes (4709/s, cap 20000000)
16:42:35    ... class 403 pinned 0: 16433657 nodes (4722/s, cap 20000000)
16:43:05    ... class 403 pinned 0: 16640518 nodes (4741/s, cap 20000000)
16:43:35    ... class 403 pinned 0: 16815631 nodes (4750/s, cap 20000000)
16:44:05    ... class 403 pinned 0: 16998225 nodes (4761/s, cap 20000000)
16:44:35    ... class 403 pinned 0: 17179888 nodes (4772/s, cap 20000000)
16:45:05    ... class 403 pinned 0: 17354906 nodes (4781/s, cap 20000000)
16:45:35    ... class 403 pinned 0: 17530968 nodes (4790/s, cap 20000000)
16:46:05    ... class 403 pinned 0: 17708153 nodes (4799/s, cap 20000000)
16:46:35    ... class 403 pinned 0: 17888846 nodes (4809/s, cap 20000000)
16:47:05    ... class 403 pinned 0: 18073122 nodes (4819/s, cap 20000000)
16:47:35    ... class 403 pinned 0: 18265936 nodes (4832/s, cap 20000000)
16:48:05    ... class 403 pinned 0: 18442497 nodes (4840/s, cap 20000000)
16:48:35    ... class 403 pinned 0: 18614554 nodes (4847/s, cap 20000000)
16:49:05    ... class 403 pinned 0: 18798393 nodes (4857/s, cap 20000000)
16:49:35    ... class 403 pinned 0: 18966725 nodes (4863/s, cap 20000000)
16:50:05    ... class 403 pinned 0: 19139885 nodes (4870/s, cap 20000000)
16:50:35    ... class 403 pinned 0: 19308360 nodes (4876/s, cap 20000000)
16:51:05    ... class 403 pinned 0: 19480999 nodes (4882/s, cap 20000000)
16:51:35    ... class 403 pinned 0: 19658438 nodes (4890/s, cap 20000000)
16:52:05    ... class 403 pinned 0: 19848309 nodes (4901/s, cap 20000000)
16:52:32  class 403 (e=22) pinned 0: CAP (4077s)
16:52:32  probing class 403 (e=22) pinned 1 ...
16:52:48  class 403 (e=22) pinned 1: SAT (16s)
16:52:48  probing class 404 (e=26) pinned 0 ...
16:53:18    ... class 404 pinned 0: 108985 nodes (3633/s, cap 20000000)
16:53:48    ... class 404 pinned 0: 230511 nodes (3842/s, cap 20000000)
16:54:18  class 404 (e=26) pinned 0: SAT (90s)
16:54:18  probing class 404 (e=26) pinned 1 ...
16:54:48    ... class 404 pinned 1: 151751 nodes (5058/s, cap 20000000)
16:55:18    ... class 404 pinned 1: 363011 nodes (6050/s, cap 20000000)
16:55:48    ... class 404 pinned 1: 567826 nodes (6309/s, cap 20000000)
16:56:18    ... class 404 pinned 1: 780173 nodes (6501/s, cap 20000000)
16:56:48    ... class 404 pinned 1: 978368 nodes (6522/s, cap 20000000)
16:57:18    ... class 404 pinned 1: 1155898 nodes (6422/s, cap 20000000)
16:57:48    ... class 404 pinned 1: 1300187 nodes (6191/s, cap 20000000)
16:58:18    ... class 404 pinned 1: 1444237 nodes (6018/s, cap 20000000)
16:58:48    ... class 404 pinned 1: 1591650 nodes (5895/s, cap 20000000)
16:59:18    ... class 404 pinned 1: 1735297 nodes (5784/s, cap 20000000)
16:59:48    ... class 404 pinned 1: 1880966 nodes (5700/s, cap 20000000)
17:00:18    ... class 404 pinned 1: 2022764 nodes (5619/s, cap 20000000)
17:00:48    ... class 404 pinned 1: 2139035 nodes (5485/s, cap 20000000)
17:01:18    ... class 404 pinned 1: 2287952 nodes (5447/s, cap 20000000)
17:01:48    ... class 404 pinned 1: 2439733 nodes (5422/s, cap 20000000)
17:02:18    ... class 404 pinned 1: 2595516 nodes (5407/s, cap 20000000)
17:02:48    ... class 404 pinned 1: 2751603 nodes (5395/s, cap 20000000)
17:03:18    ... class 404 pinned 1: 2907087 nodes (5383/s, cap 20000000)
17:03:48    ... class 404 pinned 1: 3063312 nodes (5374/s, cap 20000000)
17:04:18    ... class 404 pinned 1: 3219306 nodes (5365/s, cap 20000000)
17:04:48    ... class 404 pinned 1: 3374072 nodes (5356/s, cap 20000000)
17:05:18    ... class 404 pinned 1: 3525832 nodes (5342/s, cap 20000000)
17:05:48    ... class 404 pinned 1: 3676301 nodes (5328/s, cap 20000000)
17:06:18    ... class 404 pinned 1: 3826810 nodes (5315/s, cap 20000000)
17:06:48    ... class 404 pinned 1: 3950206 nodes (5267/s, cap 20000000)
17:07:18    ... class 404 pinned 1: 4080496 nodes (5231/s, cap 20000000)
17:07:48    ... class 404 pinned 1: 4205434 nodes (5192/s, cap 20000000)
17:08:18    ... class 404 pinned 1: 4314839 nodes (5137/s, cap 20000000)
17:08:48    ... class 404 pinned 1: 4423705 nodes (5085/s, cap 20000000)
17:09:18    ... class 404 pinned 1: 4554687 nodes (5061/s, cap 20000000)
17:09:48    ... class 404 pinned 1: 4674346 nodes (5026/s, cap 20000000)
17:10:18    ... class 404 pinned 1: 4810632 nodes (5011/s, cap 20000000)
17:10:48    ... class 404 pinned 1: 4957013 nodes (5007/s, cap 20000000)
17:11:18    ... class 404 pinned 1: 5123899 nodes (5023/s, cap 20000000)
17:11:48    ... class 404 pinned 1: 5252606 nodes (5002/s, cap 20000000)
17:12:18    ... class 404 pinned 1: 5400867 nodes (5001/s, cap 20000000)
17:12:48    ... class 404 pinned 1: 5558951 nodes (5008/s, cap 20000000)
17:13:18    ... class 404 pinned 1: 5717852 nodes (5016/s, cap 20000000)
17:13:48    ... class 404 pinned 1: 5880343 nodes (5026/s, cap 20000000)
17:14:18    ... class 404 pinned 1: 6076688 nodes (5064/s, cap 20000000)
17:14:48    ... class 404 pinned 1: 6255142 nodes (5085/s, cap 20000000)
17:15:18    ... class 404 pinned 1: 6458650 nodes (5126/s, cap 20000000)
17:15:48    ... class 404 pinned 1: 6674609 nodes (5174/s, cap 20000000)
17:16:18    ... class 404 pinned 1: 6883165 nodes (5214/s, cap 20000000)
17:16:48    ... class 404 pinned 1: 7024677 nodes (5203/s, cap 20000000)
17:17:18    ... class 404 pinned 1: 7177877 nodes (5201/s, cap 20000000)
17:17:48    ... class 404 pinned 1: 7314325 nodes (5187/s, cap 20000000)
17:18:18    ... class 404 pinned 1: 7461429 nodes (5182/s, cap 20000000)
17:18:48    ... class 404 pinned 1: 7607395 nodes (5175/s, cap 20000000)
17:19:18    ... class 404 pinned 1: 7751836 nodes (5168/s, cap 20000000)
17:19:48    ... class 404 pinned 1: 7895672 nodes (5161/s, cap 20000000)
17:20:18    ... class 404 pinned 1: 8045160 nodes (5157/s, cap 20000000)
17:20:48    ... class 404 pinned 1: 8188152 nodes (5150/s, cap 20000000)
17:21:18    ... class 404 pinned 1: 8333151 nodes (5144/s, cap 20000000)
17:21:48    ... class 404 pinned 1: 8471320 nodes (5134/s, cap 20000000)
17:22:18    ... class 404 pinned 1: 8615667 nodes (5128/s, cap 20000000)
17:22:48    ... class 404 pinned 1: 8748739 nodes (5116/s, cap 20000000)
17:23:18    ... class 404 pinned 1: 8885857 nodes (5107/s, cap 20000000)
17:23:48    ... class 404 pinned 1: 9027493 nodes (5100/s, cap 20000000)
17:24:18    ... class 404 pinned 1: 9171954 nodes (5096/s, cap 20000000)
17:24:48    ... class 404 pinned 1: 9312670 nodes (5089/s, cap 20000000)
17:25:18    ... class 404 pinned 1: 9460934 nodes (5087/s, cap 20000000)
17:25:48    ... class 404 pinned 1: 9602813 nodes (5081/s, cap 20000000)
17:26:18    ... class 404 pinned 1: 9751904 nodes (5079/s, cap 20000000)
17:26:48    ... class 404 pinned 1: 9890336 nodes (5072/s, cap 20000000)
17:27:18    ... class 404 pinned 1: 10004480 nodes (5053/s, cap 20000000)
17:27:48    ... class 404 pinned 1: 10126417 nodes (5038/s, cap 20000000)
17:28:18    ... class 404 pinned 1: 10233387 nodes (5016/s, cap 20000000)
17:28:48    ... class 404 pinned 1: 10342027 nodes (4996/s, cap 20000000)
17:29:18    ... class 404 pinned 1: 10445413 nodes (4974/s, cap 20000000)
17:29:48    ... class 404 pinned 1: 10551559 nodes (4954/s, cap 20000000)
17:30:18    ... class 404 pinned 1: 10689892 nodes (4949/s, cap 20000000)
17:30:48    ... class 404 pinned 1: 10828230 nodes (4944/s, cap 20000000)
17:31:18    ... class 404 pinned 1: 10929794 nodes (4923/s, cap 20000000)
17:31:48    ... class 404 pinned 1: 11009884 nodes (4893/s, cap 20000000)
17:32:18    ... class 404 pinned 1: 11095117 nodes (4866/s, cap 20000000)
17:32:48    ... class 404 pinned 1: 11174615 nodes (4837/s, cap 20000000)
17:33:18    ... class 404 pinned 1: 11268559 nodes (4816/s, cap 20000000)
17:33:48    ... class 404 pinned 1: 11373206 nodes (4799/s, cap 20000000)
17:34:18    ... class 404 pinned 1: 11524902 nodes (4802/s, cap 20000000)
17:34:48    ... class 404 pinned 1: 11690371 nodes (4811/s, cap 20000000)
17:35:18    ... class 404 pinned 1: 11889397 nodes (4833/s, cap 20000000)
17:35:48    ... class 404 pinned 1: 12076597 nodes (4850/s, cap 20000000)
17:36:18    ... class 404 pinned 1: 12273311 nodes (4870/s, cap 20000000)
17:36:48    ... class 404 pinned 1: 12468806 nodes (4890/s, cap 20000000)
17:37:18    ... class 404 pinned 1: 12652805 nodes (4904/s, cap 20000000)
17:37:48    ... class 404 pinned 1: 12791679 nodes (4901/s, cap 20000000)
17:38:18    ... class 404 pinned 1: 12934241 nodes (4899/s, cap 20000000)
17:38:48    ... class 404 pinned 1: 13073825 nodes (4897/s, cap 20000000)
17:39:18    ... class 404 pinned 1: 13215913 nodes (4895/s, cap 20000000)
17:39:48    ... class 404 pinned 1: 13344505 nodes (4888/s, cap 20000000)
17:40:18    ... class 404 pinned 1: 13462846 nodes (4878/s, cap 20000000)
17:40:48    ... class 404 pinned 1: 13581026 nodes (4868/s, cap 20000000)
17:41:18    ... class 404 pinned 1: 13680602 nodes (4851/s, cap 20000000)
17:41:48    ... class 404 pinned 1: 13795372 nodes (4840/s, cap 20000000)
17:42:18    ... class 404 pinned 1: 13916325 nodes (4832/s, cap 20000000)
17:42:48    ... class 404 pinned 1: 14032250 nodes (4822/s, cap 20000000)
17:43:18    ... class 404 pinned 1: 14150249 nodes (4813/s, cap 20000000)
17:43:48    ... class 404 pinned 1: 14274011 nodes (4806/s, cap 20000000)
17:44:18    ... class 404 pinned 1: 14402099 nodes (4801/s, cap 20000000)
17:44:48    ... class 404 pinned 1: 14557762 nodes (4805/s, cap 20000000)
17:45:18    ... class 404 pinned 1: 14733058 nodes (4815/s, cap 20000000)
17:45:48    ... class 404 pinned 1: 14894116 nodes (4820/s, cap 20000000)
17:46:18    ... class 404 pinned 1: 15066078 nodes (4829/s, cap 20000000)
17:46:48    ... class 404 pinned 1: 15234534 nodes (4836/s, cap 20000000)
17:47:18    ... class 404 pinned 1: 15402295 nodes (4843/s, cap 20000000)
17:47:48    ... class 404 pinned 1: 15547554 nodes (4843/s, cap 20000000)
17:48:18    ... class 404 pinned 1: 15695757 nodes (4844/s, cap 20000000)
17:48:48    ... class 404 pinned 1: 15832193 nodes (4842/s, cap 20000000)
17:49:18    ... class 404 pinned 1: 15964909 nodes (4838/s, cap 20000000)
17:49:48    ... class 404 pinned 1: 16096386 nodes (4834/s, cap 20000000)
17:50:18    ... class 404 pinned 1: 16256963 nodes (4838/s, cap 20000000)
17:50:48    ... class 404 pinned 1: 16414680 nodes (4842/s, cap 20000000)
17:51:18    ... class 404 pinned 1: 16595890 nodes (4853/s, cap 20000000)
17:51:48    ... class 404 pinned 1: 16777201 nodes (4863/s, cap 20000000)
17:52:18    ... class 404 pinned 1: 16963840 nodes (4875/s, cap 20000000)
17:52:48    ... class 404 pinned 1: 17165516 nodes (4890/s, cap 20000000)
17:53:18    ... class 404 pinned 1: 17352392 nodes (4902/s, cap 20000000)
17:53:48    ... class 404 pinned 1: 17572714 nodes (4922/s, cap 20000000)
17:54:18    ... class 404 pinned 1: 17806207 nodes (4946/s, cap 20000000)
17:54:48    ... class 404 pinned 1: 18043391 nodes (4971/s, cap 20000000)
17:55:18    ... class 404 pinned 1: 18285976 nodes (4996/s, cap 20000000)
17:55:48    ... class 404 pinned 1: 18495724 nodes (5012/s, cap 20000000)
17:56:18    ... class 404 pinned 1: 18680301 nodes (5022/s, cap 20000000)
17:56:48    ... class 404 pinned 1: 18864715 nodes (5031/s, cap 20000000)
17:57:18    ... class 404 pinned 1: 19050050 nodes (5040/s, cap 20000000)
17:57:48    ... class 404 pinned 1: 19237161 nodes (5049/s, cap 20000000)
17:58:18    ... class 404 pinned 1: 19422985 nodes (5058/s, cap 20000000)
17:58:48    ... class 404 pinned 1: 19603159 nodes (5065/s, cap 20000000)
17:59:18    ... class 404 pinned 1: 19766321 nodes (5068/s, cap 20000000)
17:59:48    ... class 404 pinned 1: 19943908 nodes (5075/s, cap 20000000)
17:59:57  class 404 (e=26) pinned 1: CAP (3940s)
17:59:57  probing class 405 (e=38) pinned 0 ...
18:00:27    ... class 405 pinned 0: 148601 nodes (4953/s, cap 20000000)
18:00:57    ... class 405 pinned 0: 296819 nodes (4947/s, cap 20000000)
18:01:06  class 405 (e=38) pinned 0: SAT (69s)
18:01:06  probing class 405 (e=38) pinned 1 ...
18:01:06  class 405 (e=38) pinned 1: UNSAT (0s)
18:01:06  probing class 406 (e=20) pinned 0 ...
18:01:36    ... class 406 pinned 0: 257782 nodes (8593/s, cap 20000000)
18:02:06    ... class 406 pinned 0: 514880 nodes (8581/s, cap 20000000)
18:02:36    ... class 406 pinned 0: 753894 nodes (8377/s, cap 20000000)
18:03:06    ... class 406 pinned 0: 1025054 nodes (8542/s, cap 20000000)
18:03:36    ... class 406 pinned 0: 1197240 nodes (7982/s, cap 20000000)
18:04:06    ... class 406 pinned 0: 1367786 nodes (7599/s, cap 20000000)
18:04:36    ... class 406 pinned 0: 1593445 nodes (7588/s, cap 20000000)
18:05:06    ... class 406 pinned 0: 1807686 nodes (7532/s, cap 20000000)
18:05:36    ... class 406 pinned 0: 1999652 nodes (7406/s, cap 20000000)
18:06:06    ... class 406 pinned 0: 2207093 nodes (7357/s, cap 20000000)
18:06:36    ... class 406 pinned 0: 2443866 nodes (7406/s, cap 20000000)
18:07:06    ... class 406 pinned 0: 2673095 nodes (7425/s, cap 20000000)
18:07:36    ... class 406 pinned 0: 2892179 nodes (7416/s, cap 20000000)
18:08:06    ... class 406 pinned 0: 3113048 nodes (7412/s, cap 20000000)
18:08:36    ... class 406 pinned 0: 3342095 nodes (7427/s, cap 20000000)
18:09:06    ... class 406 pinned 0: 3561112 nodes (7419/s, cap 20000000)
18:09:36    ... class 406 pinned 0: 3775980 nodes (7404/s, cap 20000000)
18:10:06    ... class 406 pinned 0: 4015221 nodes (7436/s, cap 20000000)
18:10:36    ... class 406 pinned 0: 4246893 nodes (7451/s, cap 20000000)
18:11:06    ... class 406 pinned 0: 4442794 nodes (7405/s, cap 20000000)
18:11:36    ... class 406 pinned 0: 4655056 nodes (7389/s, cap 20000000)
18:12:06    ... class 406 pinned 0: 4851211 nodes (7350/s, cap 20000000)
18:12:36    ... class 406 pinned 0: 5044083 nodes (7310/s, cap 20000000)
18:13:06    ... class 406 pinned 0: 5210823 nodes (7237/s, cap 20000000)
18:13:36    ... class 406 pinned 0: 5414670 nodes (7220/s, cap 20000000)
18:14:06    ... class 406 pinned 0: 5598407 nodes (7177/s, cap 20000000)
18:14:36    ... class 406 pinned 0: 5755013 nodes (7105/s, cap 20000000)
18:15:06    ... class 406 pinned 0: 5927175 nodes (7056/s, cap 20000000)
18:15:36    ... class 406 pinned 0: 6123658 nodes (7039/s, cap 20000000)
18:16:06    ... class 406 pinned 0: 6320852 nodes (7023/s, cap 20000000)
18:16:36    ... class 406 pinned 0: 6516092 nodes (7007/s, cap 20000000)
18:17:06    ... class 406 pinned 0: 6718409 nodes (6998/s, cap 20000000)
18:17:36    ... class 406 pinned 0: 6930416 nodes (7000/s, cap 20000000)
18:18:06    ... class 406 pinned 0: 7136636 nodes (6997/s, cap 20000000)
18:18:36    ... class 406 pinned 0: 7343248 nodes (6994/s, cap 20000000)
18:19:06    ... class 406 pinned 0: 7553832 nodes (6994/s, cap 20000000)
18:19:36    ... class 406 pinned 0: 7754856 nodes (6986/s, cap 20000000)
18:20:06    ... class 406 pinned 0: 7962049 nodes (6984/s, cap 20000000)
18:20:36    ... class 406 pinned 0: 8154439 nodes (6970/s, cap 20000000)
18:21:06    ... class 406 pinned 0: 8341397 nodes (6951/s, cap 20000000)
18:21:36    ... class 406 pinned 0: 8501387 nodes (6912/s, cap 20000000)
18:22:06    ... class 406 pinned 0: 8673716 nodes (6884/s, cap 20000000)
18:22:36    ... class 406 pinned 0: 8850272 nodes (6861/s, cap 20000000)
18:23:06    ... class 406 pinned 0: 9032475 nodes (6843/s, cap 20000000)
18:23:36    ... class 406 pinned 0: 9208269 nodes (6821/s, cap 20000000)
18:24:06    ... class 406 pinned 0: 9379252 nodes (6797/s, cap 20000000)
18:24:36    ... class 406 pinned 0: 9544761 nodes (6769/s, cap 20000000)
18:25:06    ... class 406 pinned 0: 9752233 nodes (6772/s, cap 20000000)
18:25:36    ... class 406 pinned 0: 9994472 nodes (6799/s, cap 20000000)
18:26:06    ... class 406 pinned 0: 10218141 nodes (6812/s, cap 20000000)
18:26:36    ... class 406 pinned 0: 10445858 nodes (6827/s, cap 20000000)
18:27:06    ... class 406 pinned 0: 10686551 nodes (6850/s, cap 20000000)
18:27:36    ... class 406 pinned 0: 10911886 nodes (6863/s, cap 20000000)
18:28:06    ... class 406 pinned 0: 11127260 nodes (6869/s, cap 20000000)
18:28:36    ... class 406 pinned 0: 11353828 nodes (6881/s, cap 20000000)
18:29:06    ... class 406 pinned 0: 11584892 nodes (6896/s, cap 20000000)
18:29:36    ... class 406 pinned 0: 11809166 nodes (6906/s, cap 20000000)
18:30:07    ... class 406 pinned 0: 12032095 nodes (6915/s, cap 20000000)
18:30:37    ... class 406 pinned 0: 12244230 nodes (6918/s, cap 20000000)
18:31:07    ... class 406 pinned 0: 12457692 nodes (6921/s, cap 20000000)
18:31:37    ... class 406 pinned 0: 12662672 nodes (6919/s, cap 20000000)
18:32:07    ... class 406 pinned 0: 12874527 nodes (6922/s, cap 20000000)
18:32:37    ... class 406 pinned 0: 13087218 nodes (6924/s, cap 20000000)
18:33:07    ... class 406 pinned 0: 13307230 nodes (6931/s, cap 20000000)
18:33:37    ... class 406 pinned 0: 13523060 nodes (6935/s, cap 20000000)
18:34:07    ... class 406 pinned 0: 13732078 nodes (6935/s, cap 20000000)
18:34:37    ... class 406 pinned 0: 13983491 nodes (6957/s, cap 20000000)
18:35:07    ... class 406 pinned 0: 14204442 nodes (6963/s, cap 20000000)
18:35:37    ... class 406 pinned 0: 14442413 nodes (6977/s, cap 20000000)
18:36:07    ... class 406 pinned 0: 14661691 nodes (6982/s, cap 20000000)
18:36:37    ... class 406 pinned 0: 14872371 nodes (6982/s, cap 20000000)
18:37:07    ... class 406 pinned 0: 15080745 nodes (6982/s, cap 20000000)
18:37:37    ... class 406 pinned 0: 15334541 nodes (7002/s, cap 20000000)
18:38:07    ... class 406 pinned 0: 15605614 nodes (7030/s, cap 20000000)
18:38:37    ... class 406 pinned 0: 15886863 nodes (7061/s, cap 20000000)
18:39:07    ... class 406 pinned 0: 16173838 nodes (7094/s, cap 20000000)
18:39:37    ... class 406 pinned 0: 16465176 nodes (7128/s, cap 20000000)
18:40:07    ... class 406 pinned 0: 16743397 nodes (7155/s, cap 20000000)
18:40:37    ... class 406 pinned 0: 16948038 nodes (7151/s, cap 20000000)
18:41:07    ... class 406 pinned 0: 17135954 nodes (7140/s, cap 20000000)
18:41:37    ... class 406 pinned 0: 17323392 nodes (7129/s, cap 20000000)
18:42:07    ... class 406 pinned 0: 17506219 nodes (7116/s, cap 20000000)
18:42:37    ... class 406 pinned 0: 17701505 nodes (7109/s, cap 20000000)
18:43:07    ... class 406 pinned 0: 17884580 nodes (7097/s, cap 20000000)
18:43:37    ... class 406 pinned 0: 18111839 nodes (7103/s, cap 20000000)
18:44:07    ... class 406 pinned 0: 18324051 nodes (7102/s, cap 20000000)
18:44:37    ... class 406 pinned 0: 18561396 nodes (7112/s, cap 20000000)
18:45:07    ... class 406 pinned 0: 18872960 nodes (7149/s, cap 20000000)
18:45:37    ... class 406 pinned 0: 19188086 nodes (7186/s, cap 20000000)
18:46:07    ... class 406 pinned 0: 19446377 nodes (7202/s, cap 20000000)
18:46:37    ... class 406 pinned 0: 19709749 nodes (7220/s, cap 20000000)
18:47:07    ... class 406 pinned 0: 19961095 nodes (7232/s, cap 20000000)
18:47:11  class 406 (e=20) pinned 0: CAP (2764s)
18:47:11  probing class 406 (e=20) pinned 1 ...
18:47:41    ... class 406 pinned 1: 153556 nodes (5119/s, cap 20000000)
18:48:11    ... class 406 pinned 1: 302961 nodes (5049/s, cap 20000000)
18:48:18  class 406 (e=20) pinned 1: SAT (67s)
18:48:18  probing class 407 (e=24) pinned 0 ...
18:48:48    ... class 407 pinned 0: 160579 nodes (5353/s, cap 20000000)
18:49:18    ... class 407 pinned 0: 308005 nodes (5133/s, cap 20000000)
18:49:23  class 407 (e=24) pinned 0: SAT (64s)
18:49:23  probing class 407 (e=24) pinned 1 ...
18:49:53    ... class 407 pinned 1: 177646 nodes (5921/s, cap 20000000)
18:50:05  class 407 (e=24) pinned 1: SAT (42s)
18:50:05  probing class 408 (e=36) pinned 0 ...
18:50:35    ... class 408 pinned 0: 129992 nodes (4333/s, cap 20000000)
